Unnamed: 0,Направление,Дата создания,Текст
0,Благоустройство,2022-02-23,"Судя по состоянию дворов Центрального района вы все уехали в Донбасс благоустройством заниматься...<br>Вот они обрадуются, когда узнают до какого состояния свои дворы довели, прежде чем со своей помощью приехать... Да вас поганой метлой погонят!"
1,Благоустройство,2022-02-23,"А вот во дворе нашего дома не убирали снег ни разу, Энгельса 126 корпус 3😡"
2,Благоустройство,2022-02-23,"Неужели не будет порядка? Воду откачали. Она собирается снова и никуда не уходит. Куда ещё писать ?В прокуратуру ? На бездействие всех веток власти? Как говорится, сравните было и стало. То есть даже губернатор ничего не может сделать..."
3,Благоустройство,2022-02-23,"Елизарова 31 3, 35, 37 Вообще ничего не убирается. Один сплошной лёд и лужи, на машине не проехать даже, не то что пешком пройти. За всю зиму 2 раза трактор проходил."
4,Благоустройство,2022-02-23,"Добрый день! Во дворе дома по улице Евдокима Огнева 22 огромная колейность, людям и машинам тяжело идти и проезжать, голый лёд по которому невозможно ходить. Прошу принять меры по этому вопросу"
5,Благоустройство,2022-02-23,"Здравствуйте. Извините за беспокойство. Звонил много раз по телефону 004, жаловался на отвратительную уборку снега во дворе по улице Кржижановского 5/4 . Начал жаловаться давно- но реакций никаких нет, в одной из последних была подмена адреса, убрали другой, который тоже, конечно, нуждался в очищении от калии, льда. До сих пор никаких реакций нет"
6,Благоустройство,2022-02-23,"[club82032767|Невский район Санкт-Петербурга] как людям пробираться к своим подъездам🤦‍♀️ Кто контролирует работу, за что люди платят, дворники перестали существовать🤦‍♀️"
7,Благоустройство,2022-02-23,"Здравствуйте!Когда начнут убирать дворы?Машинам не проехать,застревают и заносит,люди идут падают,все в буграх ледяных,на дороге возле дома страшная колея.Почему такое наплевательское отношение в этом году к уборке всего города и дворов в целом.Улицы убрали снаружи дворов,а внутри ужас что творится,коммунальщикам плевать,ни одного дворника и техники во дворе нет.Прошу решить этот вопрос.Прилагаю фотографии двора на улице Шотмана дом 14."
8,Благоустройство,2022-02-23,"Сегодня уже 23.02.2022, уборка должна была пройти до 22.02.2022, но 22.02 прошло, а всё как было так и осталось😭 Трактор постоял, мото-часы помотал (зп же именно за мото-часы платят😂) и на этом уборка видимо закончилась. На видео двор Юнтоловский 53/1, выезд из придомовой территории на Юнтоловский и въезд на парковку"
9,Дороги,2022-02-23,"У д. 39 по ул. Авангардная, твориться жесть. На лево пойдешь, скользко - упадёшь, а на право только в плавь, даже прямо не всегда можно пройти, на газоне паркуют машины. Гибдд отписывается, что это не к ним, а в Администрацию (а наша любимая администрация, говорит, что есть специально обученные люди, которые ходят и фиксируют все нарушения!!!!!! Где они? Где обещанная уборка? По тел. 004 хамят, трубки бросают. Работники администрации и жилконторы по телефону перекладывают друг на друга вину. В конце января 1 раз проехал трактор, типо почистил, на наши с соседями жалобы, через 004, проехал 2 раза и посыпал песком, по фото видно, что гололед и море. Куда обращаться? и что делать?"
10,Дороги,2022-02-23,"[id919566|Лена], 🤦‍♀️ мне обещали сначала до 11.02, потом до 18.02, в итоге 0, никакой уборки не было , и похоже не будет 🤷‍♀️"
11,Дороги,2022-02-23,"[id4604890|Наталья], сейчас все растает и они напишут что убрали. Как уже было в январе, когда на улице был + лёд растаял на наших ступенях крыльца дома, и у дома, со ступеней мы сами с младшим скинули остатки льда, это было 13 января, а до этого был лёд и я писала, 14 января они мне ответили что на 13 января все чисто! И ведь не стыдно это писать!"
12,Благоустройство,2022-02-23,Здравствуйте уважаемый Александр Дмитриевич ! <br>Зима ещё не ушла а проблемы осталось ! <br>❄Просим от жителей и пожилых людей уброть от льда и песком обработать ул Авангардная д23 внутриквартальный проездо с двух сторон ул Авангардная д23 д 14 в ближайшие недели февраль март <br>Спасибо Подрядчику убирают нормально фото где нужно убрать . спасибо 💢
13,Благоустройство,2022-02-23,"Так,а что с уборкой снега по адресу: Петергофское шоссе дом 15 к 2? Два раза уже отписки писали. Последнее обещание было на 18.02.22. И где выполненная Вами работа? Сколько жалоб надо еще написать,чтоб вы начали работать? Уволить вас всех надо!"
14,Благоустройство,2022-02-23,"А дворы в Петербурге все также не убирают, мусор вывозят по жалобе с задержками, кругом грязь!"
15,Благоустройство,2022-02-23,Рижский проспект 62 все газоны завалены снегом и с 01.12.2021 года его ни разу не вывозили.<br>УК Стилес😡
16,Благоустройство,2022-02-23,"Добрый вечер! Ну вот прошла ещё одна неделя и снег не убран (((второе обещание от ЖКС 3 ,убрать до конца предыдущей недели, не сработало ((((((((<br>30 января !!!!!!!!!!отправляла заявку ,но большому сожалению, так нечего и не убрано !!!!"
17,Благоустройство,2022-02-23,"[id437734987|Наталья], какая работа ведётся?????<br>У нас во дворе снег счистили вместе асфальтом…. Это можно увидеть своими глазами, особенно, когда весной снег стает… само не рассосётся…."
18,Благоустройство,2022-02-23,"Даже штрафы есть, а эффекта не видно. Очень хочется увидеть итоговый отчёт после зимы, какие выводы сделаны, какие меры будут приняты, ну и ответственность за невыполнение."
19,Дворы и территории общего пользования,2022-02-23,"Бульвар-Новаторов дома 26/2 и 24/2 не убирают территорию,ни пешком,ни на машине проехать не возможно. Машину ремонтирую дважды за зиму,ребенок ходить нормально не может,падает. Как прекратить этот беспредел"
20,Дворы и территории общего пользования,2022-02-23,"Страшно ездить во дворе. Ещё пару дней и можно будет только на автомобиле с гусеничным движителем заехать. Реакция конечно на обращения есть, но почему нельзя это делать не после обращения, а в качестве обычной ежедневной работы, путём расстановки приоритетов, чтобы не писали люди что всё плохо. В суд подавать когда случайно из-за того, что творится во дворах, задену чей-нибудь автомобиль. Делайте для граждан, вы для этого и есть, а не граждане для вас."
21,Дворы и территории общего пользования,2022-02-23,"В этом году ни разу не проводилась Уборка территории вокруг дома. Вся Уборка (фото прилагаю) производится силами жильцов, как и обработка ото льда. Прошу 1. разобраться какая организация не проводит вообще никаких работ и когда они начнут регулярно проводиться 2. Я не получил на своё ответное обращение связанное с необходимостью обратиться в прокуратуру с заявлением на организацию, которая прислала фото, по моему ранее оставленному заявлению на эту же тему, с отчётом об уборке совершенно от другого адреса и тем самым фальсифицировала результаты своей деятельности и возможно получила за это деньги"
22,Автомобильные дороги,2022-02-23,"Не числятся проезды вдоль дома, нет посылки. За всю зиму один раз трактор проехал после нового года и все. Не посыпались ни разу. Это же невыносимо уже! Что происходит?"
23,Автомобильные дороги,2022-02-23,"Здравствуйте, дороги скользкие, невозможно дойти до помойки, скользко, сколько это может продолжаться?"
24,Автомобильные дороги,2022-02-23,"Не убраны снег и лёд между двумя зданиями паркинга по адресу Школьная 73, к.2 В ответ на обращение 174911658 сообщаю, что работ по уборке снега и льда не было."
25,Автомобильные дороги,2022-02-23,"Колея, что кроссоверы брюхом задевают."
26,Дворы и территории общего пользования,2022-02-23,"Добрый день! Очень давно не убирали наледь и снег на дороге, во дворе пр.Непокоренных 74, со стороны пр. Непокорённых. Образовался лед и колея, становится практически невозможно проехать и припарковаться. Днище машины буквально шкрябает по ледяным наростам. Неоднократно машины застревали. Примите, пожалуйста, меры. Спасибо."
27,Дворы и территории общего пользования,2022-02-23,"НЕ УБИРАЮТ СНЕГ ВО ДВОРАХ ,УЛИЦА ИВАНОВСКАЯ 36,пройти не возможно .весь снег свалили в одни кучи и теперь эти кучи тают и во дворах все плавает.Почему так сложно сделать все нормально .Приходит жэк и для вида делает фотоотчет какой то маленькой террритории,а то что весь двор не убран -это он на фото не покажет .за что мы платим деньги ?за такую уборку?"
28,Автомобильные дороги,2022-02-23,"Не очищена парковка, образовалось колея в которой заостряют автомобили, вечером сильно шумят, как и днём."
29,Дворы и территории общего пользования,2022-02-23,Снег не убран у школы 34. Не пройти не проехать
30,Дворы и территории общего пользования,2022-02-23,Не убирается снег на придомовой территории по адресу Шотмана д4
31,Дворы и территории общего пользования,2022-02-23,Здравствуйте! Не убирается внутридворовая проезжая территория на улице Гаккелевская д.27/2. Прошу решить эту проблему. Спасибо.
32,Дворы и территории общего пользования,2022-02-23,Просто не проехать! О разъезде двух автомобилей и речи нет!
33,Дворы и территории общего пользования,2022-02-23,Проезд перед домом не убирали за зиму ни разу!!!! Толщина льда на поверхности больше 30 см. Образовалась колея в которой застревают машины. Моя мама подскользнулась там и сломала руку. Ужасная ситуация. Срочно примите меры!
34,Дворы и территории общего пользования,2022-02-23,"Добрый день. Отчитались о проблеме,и фото приложили, только трактор к нам ни разу не приехал,и колии льда гигантские,машинам не припарковать! Может хоть раз почистят хорошо? Отобьют лед,вычистят дорогу. Можно и без фото,люди и так все видят!"
35,Дворы и территории общего пользования,2022-02-23,"Дворы просто жуть не убраны на машине проехать не возможно, с коляской просто кашмар, всё это ещё обледенело, снаружи дома почищено а двор это просто жесть"
36,Автомобильные дороги,2022-02-23,"Слишком высокая колейность на дороге. Если у тебя не полноприводный внедорожник, то припарковать машину без мучений не возможно . Дном машины скребешь лёд, колёса застревают в колее. Прошу с преминением спец техники снять лёд с проезжей части"
37,Автомобильные дороги,2022-02-23,Не убирается снег. На проезде образовалась огромная колея. Примерно 15-20 см. Создаёт трудности при парковке и иногда является причиной повреждений автомобиля.
38,Благоустройство,2022-02-23,Разбитая дорога по адресу: Энергетиков дом 40/4
39,Автомобильные дороги,2022-02-23,Весь проезд от Будапештской до Турку заполнен ямами. Они тут на любой вкус - от больших до огромных.
40,Благоустройство,2022-02-23,Дефекты покрытия. Огромные ямы
41,Благоустройство,2022-02-23,"Добрый день . Не хотела жаловаться , но похоже придётся .<br>Скорым не заехать , машину не припарковать , скользко .<br>Рыбацкий проспект 15 ,к1"
42,Благоустройство,2022-02-23,"Добрый день, меня зовут Наталья, я живу на ул. Седова д. 73.В о дворе нашего дома сплошной лёд. Наледь, колея глубокая. Не одной машине не выехать, каждую толкают. Дворников нет, хоть бы посыпали песком или солью. Когда этот бардак закончился? За что мы платим деньги??"
43,Дороги,2022-02-23,Почему не посыпано песком?????????в Павловске где поликлиника каток когда нормальная уборка будет????????
44,Благоустройство,2022-02-23,"Уважаемый губернатор! Приглашаем вас на экскурсию в Приморский район по адресу ул. Планерная д.67 (к.2,3,4- один дом)! И вы увидите, как убираются дворовые проезды, точнее не убираются! Кругов либо глыбы льда, либо море! Обращались в 004, комитет по благоустройству, заявки принимаются, но рисультата ноль. На фото не такая эпичная картина конечно..."
45,Благоустройство,2022-02-23,"Это уборка на Луначарского 42 корп 2 тоже на Пр Энгельса 130к1, Луначарского 40 и 38 сплошной каток. В этом году не хотят муниципалы чистить город и дворы. Прошлое управление Выборгского района чистила и детские площадки. А теперь все утопает то во льду то в снег засыпано. С детьми негде гулять. Отвратительная работа!!!!!!"
46,Благоустройство,2022-02-23,"Доброй ночи ! Хотим оставить вам жалобу на полное бездействие коммунальных служб ! Заявки на 004 принимают и на этом все ! За целую зиму был трактор во дворе 3 раза ! Регулярно оставляем жалобы , но воз и ныне там .Итог неубранного снега , далее растаявшего -это голый лед ! Лично я упала за день 2 раза уже ! Это дворовая территория Светлановский проспект 47 и школа китайская гимназия 652! Где не убираются вообще никогда ! Вы лично можете приехать и посмотреть состояние данных улиц ! Очень просим принять меры !"
47,Дворы и территории общего пользования,2022-02-23,"Здравствуйте. Прошу разобраться почему во дворе с начала зимы не ездит трактор и не убирает снег? Образовалась такая колеия, что машина скребет днишем по льду и нет возможности припарковаться нормально."
48,Дворы и территории общего пользования,2022-02-23,Во дворе дома по улице Стахановцев гололед
49,Дворы и территории общего пользования,2022-02-23,"За зиму ни разу не производилась очистка внутриквартального проезда по адресу ул Народная д2 . На дорожном покрытии образовалась наледь высотой достигающей 10 см и более с колеей и провалами, по сути это чистый лед , каток с ямами по которому не возможно перемещаться как пешеходам , так и автомобилям . Мои родители -пенсионеры, моя бабушка -ветеран Великой Отечественной войны , не могут безопасно выйти из собственного дома и сходить даже в магазин за продуктами! Прошу немедленно произвести очистку данного проезда от наледи и снега !"
50,Дворы и территории общего пользования,2022-02-23,"Во дворах Чудновского 2/11 и Кржижановского 13 и 15 не убраны дороги от снега и льда, один сплошной каток. Дороги ни чем не посыпаны. Машины буксуют из-за отсутствия уборки во дворах. Просьба очистить дороги от снега и льда во дворах."
51,Дворы и территории общего пользования,2022-02-23,"Во дворе Чудновского 2/11 и Кржижановского д. 13 и д. 15 не убраны дворовые дороги и ни чем не посыпаны, один сплошной каток, от остановки до дома не возможно пройти. Просьба очистить от наледи дороги во дворах."
52,Дворы и территории общего пользования,2022-02-23,Управляющая компания бездействует тротуары все во льду гололёд
53,Дворы и территории общего пользования,2022-02-23,Во дворе по адресу Красное Село ул Гвардейская 8 к2 невозможно ходить!Люди ломают руки и ноги!Машинам тоже проехать без повреждений не удаётся!Такой беспредел твориться на протяжении всей зимы!Примите пожалуйста меры!
54,Дворы и территории общего пользования,2022-02-23,"Ледяные дороги... Подскользнулась, упала и потянула руку!!!"
55,Дворы и территории общего пользования,2022-02-23,"Необходимо с помощью спец техники очистить проезжую часть. Машину не могут нормально проехать, про людей вообще молчу, там просто нет для них безопасной дороги"
56,Дворы и территории общего пользования,2022-02-23,Наледь. Нед посылки ПГМ.
57,Дворы и территории общего пользования,2022-02-23,Огромная ледяная колея. Машина цепляет днищем. Идти пешком тоже невозможно из за льда.
58,Дворы и территории общего пользования,2022-02-23,"Гололед у дома по российский пр. Д.14 Не подойти ни к аптеке, ни к магазинам. Вдоль дома можно пройти только держась за стену дома. Пешеходные дорожки сплошной лед."
59,Дворы и территории общего пользования,2022-02-23,"Не чистится проезд между домами 9 и 13 по ул.Чудновского, вот уже 8 дней. Не пройти, и не проехать."
60,Дворы и территории общего пользования,2022-02-23,"Не чистят снег, гололед вокруг дома 13 по ул. Чудновского. Пешеходы падают, как кегли."
61,Дороги,2022-02-23,И там же гигантская яма - с ней тоже никто ничего не длелает: https://vk.com/wall-157028191_43820?reply=43922&thread=43920
62,Благоустройство,2022-02-23,Ситцевая улица
63,Дороги,2022-02-23,"Добрый день. На ул. Софийской в Озкрках Выборгского р-на СПб две громадные ямы в асфальте. Машины ломают колеса. Также там не работает сток талой воды, сама улица не чищена. Движение по улице одностороннее, альтернативы проезда нет. Примите срочно меры по приведению улицы в надлежащее состояние!!! Ликвидируйте ямы на проезжей части!!!"
64,Благоустройство,2022-02-23,"Добрый вечер! По улице архитектора Белова отсутствует возможность проехать к жилым домам по причине огромных ям. Проблема сохраняется уже не первый год. На текущий момент там постоянно застревают машины жильцов (это единственный проезд и у меня, например, отсутствует возможность отвезти ребёнка к врачу тк просто не выехать). Более того даже вызвать скорую помощь является проблемой: вместо оказания помощи долгое время машины пытаются вытолкать из ям). А счёт часто идёт на минуты. Прошу помочь в решении данного вопроса оперативно, потому что ожидать конкретной даты для кого-то может стать критичным. Проезд к дому всего один. За последние несколько дней только я видела, что скорую выталкивали дважды. Одно видео прилагаю. Спасибо за понимание..."
65,Дороги,2022-02-23,Здравствуйте! Автобусная станция Ручьи! Автобусы застривают на вьезде и на выезде со станции!!! Большие глубокие ямы!!! Скоро будет не вьехать и не выехать вовсе.
66,Автомобильные дороги,2022-02-23,Очень глубокая яма. При оттепели она заполняется водой и ее не видно. Можно сильно повредить колесо.
67,Автомобильные дороги,2022-02-23,"Автомобильные выезды из нашего квартала(от дома по адресу Бухарестская 31-5) на улицу Турку или на улицу Будапештская в ужасающем состоянии. Огромные ямы в асфальте,в которых скапливается вода,лужи,грязь. Самое интересно,что 4 года назад эти выезды ремонтировались. Но ремонт был выполнен некачественно крайне. Нужно найти исполнителей ,должна же быть какой-то гарантийный срок.. Безобразие"
68,Автомобильные дороги,2022-02-23,"Здравствуйте. Разбита дорога на внутриквартальном проезде между домами Союзный 10 и 8 к.1 на выезде на сам Союзный проспект. На самом проспекте также огромные ямы требующие срочного ремонта. Прошу не писать отписок и оперативно провести ремонт, временную подсыпку до основного ремонта."
69,Автомобильные дороги,2022-02-23,Ямы на дороге! На протяжении всего Загородного проспекта есть глубокие ямы. На фото участок дороги на Загородном проспекте 16. На фотографиях виден масштаб.
70,Автомобильные дороги,2022-02-23,Большая яма на дороге.
71,Автомобильные дороги,2022-02-23,"От лица коллектива Оллфолейблс Рус и себя лично, прошу отремонтировать дорогу по адресу СПб, Красносельский район, Петергофское шоссе 73. На участке от железнодорожных путей до Петергофского шоссе 73 лит А , протяженностью 200 метров сплошные ямы . Глубина ям составляет от 10 до 27 см ( фото прилагается). Количество ям устрашает пешеходов и автолюбителей. Я лично вчера проехал по луже, которая прикрыла яму, после чего мне разорвало покрышку и согнуло колесный диск на автомобиле. После чего я понес существенные финансовые потери. Ежедневно автомашины увозят на эвакуаторах после попадания машин в ямы. Как эти ямы только не ремонтировали, засыпали камнями, закладывали кирпичами, даже заливали БЕТОНОМ!!!!( фото прилагается). Прошу отремонтировать данный участок с соблюдением всех технологий укладки асфальта."
72,Автомобильные дороги,2022-02-23,"Дорога вся в глубоких ямах. От талого снега ямы заполнились водой и не видно куда ехать. Та часть, которая не в ямах покрыта огромным количеством льда, машины застревают и не могут проехать."
73,Автомобильные дороги,2022-02-23,"Ямы на Огородном переулке, ориентир Трефолева 4к1."
74,Автомобильные дороги,2022-02-23,"Ямы по всей улице Руднева. Просьба провести ремонт, не ямочный, а капитальный, невозможно ездить!!"
75,Автомобильные дороги,2022-02-23,"Катастрофическое состояние асфальта на всей улице Есенина, приходится маневрировать вокруг ям, выезжая на встречную полосу, просьба провести ремонт дороги, не ямочный, а капитальный, после зимы ямы стали ещё больше. Спасибо!"
76,Автомобильные дороги,2022-02-23,"Уберите, пожалуйста, свалку снега прям перед пешеходным переходом. 59.930175, 30.297854"
77,Благоустройство,2022-02-23,
78,Дороги,2022-02-23,"Город грязный, снег не вывозится, куча чёрных глыб по городу, эта грязь тает, образуя большие лужи, затем опять лёд. По городу невозможно передвигаться!!! У нас такого никогда не было!!! Почему снег не вывозите из города, не полёте лёд?"
79,Благоустройство,2022-02-23,"[id437734987|Наталья], на Петроградскую загляните....У нас такого беспредела никогда не было.Глава только зар.плату получает,а что район весь в грязи и чёрных снежных куч утопает не видит!Видно совсем со зрением беда!!!Или дальше своего кабинета не выходит!"
80,Дороги,2022-02-23,"Заявка принята 2февраля,а это 21февраля,отличная уборка района"
81,Дороги,2022-02-23,"Прошу разобраться с уборкой наледи в Красносельском районе. У домов колейность в 20 см! Срок рассмотрения заявок 2 недели. Я должна обойти весь район и оставить по каждому адресу заявки? Это разве моя работа или всё-таки администрации района и города? Даже по оформленным заявкам часто уборка производится для фотофиксации, т.е. только выборочно. Зато по утрам под окнами ездит трактор с поднятой щёткой - тоже создаёт видимость."
82,Дороги,2022-02-23,"Доброго вечера, прошло более месяца после последней уборки двора, она была после 10.01.2022 . На мои заявки, ответ ждите. Спасибо, сейчас мороз, гололед дойти до остановки, проблема."
83,Дороги,2022-02-23,"[id614872202|Юлия], ещё бы улицы в порядок привели!Позорище,а не район!А Защитников С ПРАЗДНИКОМ!!!<br>Ещё бы корпуса ""Можайки""отремонтировали.Скоро на голову рухнут!Особенно Дом культуры!!!!"
84,Дороги,2022-02-23,Стеклянная улица ни разу не убиралась за зиму
85,Благоустройство,2022-02-23,"Здравствуйте, с праздником вас. Я опять с жалобами: Софийская 42 к2, руками вообще не работают"
86,Дороги,2022-02-23,В Парголово вообще не убирается ул Тихоокеанская! Одни отписки...
87,Дороги,2022-02-23,Мошенничество в сфере туризма? А в сфере уборки города всё уже в порядке? Все дела пределаны ? Везде чистота и порядок?
88,Дороги,2022-02-23,Еще одна машина скорой помощи не смогла доехать до пациента застряв на этой улице.
89,Благоустройство,2022-02-23,"[club189271005|Государственная жилищная инспекция СПб] , прошу обратить внимание на неисполнение обязательств Администрацией Невского района по уборке земель общего пользования"
90,Благоустройство,2022-02-23,"У нашего дома по адресу  Пограничника Гарькавого 28 корп.4 . Красносельский район, снег за зиму не убирался ни разу, сейчас не возможно дойти до транспорта на пр. Ветеранов или на Пограничника Гарькавого, ВСЕ ЗАЛЕДЕНЕЛО!!!!!!! МАШИНЫ НЕ МОГУТ ВЫЕХАТЬ ИЗ ДВОРА!!!!!!!!!!!!!!!!!!!!!!!"
91,Мусор,2022-02-23,"Мешки с мусором лежат постоянно прямо на тротуаре, рядом с домом на Наличной, 22.около входа в аптеку Озерки."
92,Дороги,2022-02-23,"Спасибо за интересную историю! Про берлинскую копию даже не слышал раньше.<br>Кстати, если будет возможность, могли бы обратить внимание руководства нашего района на лужи по обеим сторонам моста. Обращения в «наш Петербург» писал - ответы-отписки о «произведённой уборке» (в переводе на язык живых людей: само высохло).<br>Да и во Львином переулке просто чудовищная лужа на пешеходном переходе близ ул Декабристов."
93,Благоустройство,2022-02-23,"[id437734987|Наталья], эту песню я слышу уже два месяца))"
94,Благоустройство,2022-02-23,"Кировский район, дом по Стачек 212 корпус 2. Лужа длинной более 10 метров, на всю ширину свободной проезжей части со стороны парадных. Образовалась из-за полной блокировки и закупорки ледяным валом ливневых стоков. За всю зиму двор ни разу! не был убран от снега и наледи службой, нанятой УК. Единственная пешеходная дорога от дома также ни разу не чистилась от снега. Вчера она представляла собой ледяной каток. Жалобы о не уборке снега и наледи на портал Санкт-Петербург жители дома направляют с начала зимы. Наледь не убиралась ни разу. Немного снега было убрано 8.02 2022. - тогда мы впервые увидели во дворе технику, сгребающую снег и работников. Больше ни техника ни работники в нашем дворе не повлялись."
95,Дороги,2022-02-23,"Невозможно пройти ни на почту, ни в магазин, Большая Пороховская 56."
96,Дороги,2022-02-23,"Добрый день, Александр Дмитриевич! Сегодня в Калининском районе просто не пройти, улицы никто не убирает, мост по Гражданскому проспекту через Муринский ручей весь покрыт наледью и водой, жители на полусогнутых ногах, держась за перила ,передвигаются, с детьми и колясками вообще нереально пройти . Прошу обратить внимание на отсутствие уборки снега."
97,Автомобильные дороги,2022-02-23,"Добрый день. На улице Руставели 59 при въезде в карман на дороге не обирают наледь с дороги уже больше 3 недель , из-за этого участок дороги становится очень опасный и машинам не разъехаться, просьба большая направить это обращение к контролирующим этот участок службу, прикладываю фото наледи ."
98,Автомобильные дороги,2022-02-23,Улицу не чистят от снега. На дороге наледи. Антигололедными средствами улица не обрабатывается.
99,Дороги,2022-02-23,"[club157028191|Комитет по благоустройству Санкт-Петербурга], уберите лёд и снег от пр.Науки 15. Всю зиму ни одной уборки. Это же полное позорище"
100,Дороги,2022-02-23,"[club145945152|Адмиралтейский район Санкт-Петербурга], здравствуйте, сегодня 23.02 наледь как была , так и осталась , я уже не говорю про снег , с 14.02 по 23.02 даже дворник с лопатой не пробежал , песком ничего не посыпали и не убрали , фото прилагаю , позорище !!!!!( альбуминная улица ) надевать нужно коньки и катиться !<br>Отдельное спасибо администрации Московского района , что на улице заозерной всю зиму работала техника каждый день , сейчас все вычищено и посыпано снегом , техника работает !!! Другим районам на заметку !"
101,Дороги,2022-02-23,займитесь лучше уборкой льда и снега. Позорище даже на фоне соседнего Красногвардейского.
102,Благоустройство,2022-02-23,"На вчерашний день,а сегодня каток !с 31 января )))"
103,Благоустройство,2022-02-23,"Невозможно пройти ни на почту, ни в магазин, Большая Пороховская 56."
104,Дороги,2022-02-23,"Добрый день! Обращаюсь к Вам от лица жителей ЖК ""Цветной город"", дома 12 на ул. Чарушинская. В очередной раз приходится по пешеходным дорожкам не идти, а катиться. Всё во льду. В этом году я упала в своём же ЖК уже 4 раза. Прошу принять меры! Заранее спасибо.<br>При необходимости могу приложить фото.<br>С уважением, Александра!"
105,Благоустройство,2022-02-23,"Здравствуйте. По адресу пр. Большевиков 33 корп 1, на внутри домовой территории очень большие наляди. Затрудняет Проход и проез Пожалуйста примите меры"
106,Дороги,2022-02-23,"Учительская, Учительская и Учительская, сплошной лёд 🤧🤧🤧"
107,Дороги,2022-02-23,"Учительская, Учительская и Учительская, сплошной лёд 🤧🤧🤧"
108,Дороги,2022-02-23,"Во вторых - Учительская, Учительская и Учительская, сплошной лёд 🤧🤧😬"
109,Дороги,2022-02-23,"[club149329533|Красносельский район Санкт-Петербурга], вечер добрый! В срок до 23.02. 2022 как и ожидалось ничего не произошло. У меня сегодня ребёнок сейчас гуляла с собакой и переходя этот проезд подскользнулась и упала. Разодрала пальцы и ударилась головой. Утром будем смотреть на самочувствие и пойдём в травму если будет плохо. Спасибо за ужасную уборку и ПУСТЫЕ ОБЕЩАНИЯ!!!!"
110,Автомобильные дороги,2022-02-23,Очень скользко на тротуаре.
111,Автомобильные дороги,2022-02-23,Гололёд. Опасно.
112,Автомобильные дороги,2022-02-23,"Наледь сплошная! Ближе к проспекту ветеранов вообще не убирали. Если по всей улице каток среди белого дня, то у по.ветеранов недель вообще не убирали. При плюсе бредем по щиколотку в воде, сегодня минус - все превратилась в ледышку. Люди идут по наледи повыше, чтобы ноги не переломать. И уже светлая часть дня, люди на работу идут."
113,Дворы и территории общего пользования,2022-02-23,"Стачек 75 очень скользко, опять никто не убирает лёд и не посыпает ничем"
114,Автомобильные дороги,2022-02-23,Совершенно не очищен от наледи тротуар у дома 9 по Комендантскому проспекту
115,Дороги,2022-02-23,"В цдс Московский не заехать, дороги нет!!!"
116,Дороги,2022-02-23,"Александр Дмитриевич, добрый вечер! Когда заасфальтируют Индустриальный от Революции к Шафировскому и непосредственно сам Шафировский путепровод? Я там каждую субботу проезжаю по пути в СК Алексеева (на Раевского) - это же мрак! Без слез и проехать невозможно, яма на яме, особенно сейчас, когда снег растаял :("
117,ЖКХ,2022-02-23,"Тоже поздравляю всех мужчин нашего района 😊 Отдельно хочу пожелать сотрудникам ООО ЖКС 2 Невского района всего наихудшего и несчастий для их семейств - большое им ""спасибо"" за хамский ответ, который моя семья получила сегодня 23.2. в ответ на обращение поразбитому балконному окну в нашей квартире при очистке кровли от снега и наледи."
118,Дороги,2022-02-23,"Спасибо!<br>Улицы почистите,пожалуйста!!!!Сквер у м.Чкаловская!"
119,Благоустройство,2022-02-23,"Добрый день.<br>Натянутая ленточка после предыдущего моего сообщения была порвана и по газону продолжают ездить транспортные средства уничтожая газон и высаженные зелёные деревья.<br>Подскажите когда будет установлено ограждение не допускающее порчу газона, к примеру низкий железный забор?"
120,Благоустройство,2022-02-23,"И сколько будут стоить кабинки, лежаки и т.д.???"
121,Социальное обслуживание и защита,2022-02-23,"Здравствуйте. Подскажите, пожалуйста, Куда можно обратиться с жалобой на нарушение сроков предоставления регионального маткапитала (на 3 ребёнка для погашения ипотеки). Заявление поданное мной через МФЦ до сих пор на рассмотрении и статус его не меняется, подано оно ещё 19 января. Заранее благодарю за ответ."
122,Социальное обслуживание и защита,2022-02-23,"Добрый день, уважаемый Александр Беглов. Прошу о помощи в решении данной проблемы. Подавала на ежемесячное пособие на детей от 3 до 7 лет. Мне пришел отказ в связи с нулевым доходом, когда я ухаживаю за ребёнком инвалидом и это является уважительной причиной, но однако мне отказывают по данному факту. Прошу разобраться с этим вопросом, в случае необходимости могу приложить документы, подтверждающие данный факт. Сергеева Виктория, Красносельский район. До Ольги Антоновны Романовской не дозвониться уже месяц."
123,Мусор/Свалки/ТКО,2022-02-23,Это сейчас помойка по адресу проспект Героев дом 24 корпус 2
124,ЖКХ,2022-02-23,У нас вообще заклеили скотчем спи...дил Батарею главный инженер и говорит всё хорошо.... ленинский проспект 77
125,ЦУР,2022-02-23,"Не так давно писал Вам по поводу беспридела в жкс 2 красносеьского р-на. Так вот вывод по поводу ответа из Вашей администрации таков, что всем до лампочки, абсолютно все. Мне предложили обратиться в гор. прокуратуру, хотя такими обращениями должны заниматься работники Вашего аппарата, а не рабы тракторист. Данный ответ больше похож не столько на безразличие, сколько на пособничество во всей этой сфере. Больше писать не буду, пусть катится, так, как есть. Но народ в шоке от всей Вашей движухи. Желаю удачи."
126,Благоустройство,2022-02-23,"Оставьте парк в покое!!! Природа и без вас знает, что ей нужно!! Только озеленение и уход за зелеными насаждениями!"
127,Благоустройство,2022-02-23,"Хотелось бы видеть больше деревьев, кустов, цветов. Скамейки не будут лишними. Сокращение территории парка недопустимо. Не надо там никакого ЗАГСа. Для велосипедистов, роллеров, бегунов нужно поддерживать асфальтовую дорожку в хорошем состоянии. В парке люди занимаются скандинавской ходьбой. Разработайте несколько маршрутов разной протяжённости. Это не требует больших вложений. Инфокарта на старте-финише, дальше по парку только указатели. И гулять можно с пользой для здоровья."
128,ЖКХ,2022-02-23,"Добрый день, вроде бы праздник сегодня, но почему надо издеваться над людьми, в квартире холодрыга , батареи холодные совсем, ПОЧЕМУ ..лето наступило не надо Топить, если Вы экономите на нас, кварплату за отопление платить не будем !!!??? Ломаная улица дом 3 Б, Московский р-н."
129,Здравоохранение/Медицина,2022-02-23,"Поликлиника 48 Московского района на Бассейной не возможно записаться к участковым врачам терапевтам, семейным врачам , участковым врачам. Было объявлено, что запись будет с 21 февраля."
130,Благоустройство,2022-02-23,Доброе утро! Сегодня 23 февраля. Жкс2 снова всех обманул и снег забыл вывезти.
131,Здравоохранение/Медицина,2022-02-23,"[id437734987|Наталья], я тоже писала и жаловалась ...мужу вызвала врача четыре недели назад,идёт до сих пор.И представьте себе звоню а мне говорят ждите но скорее всего не придет т.к. очень много вызовов 56пликлиника,а вы говорите."
132,Здравоохранение/Медицина,2022-02-23,"Здравствуйте! Что за бардак происходит в поликлинике 56 Фрунзенского района. Вчера позвонили на 122 , чтобы дистанционно закрыть больничный (болела орви) , ни звонка, ни смс нет до сих пор, сегодня уже 23 февраля. Больничный не закрыли до сих пор. В поликлинике сидит один дежурный врач, к ней идут и больные и здоровые. Народу тьма. Как раз после последней такой выписки, опять заболела. Решите в конце концов уже что нибудь. В этой поликлинике всегда бардак."
133,ЖКХ,2022-02-23,"[id4346392:bp-145945152_963|Тамара], нужно у Стилес руководство сменить.У нас так же для жителей ничего не делается.Трубы не менялись с основания дома наверное , а написали, что в 2007 году была замена холодного и горячего водоснабжения.В парадной пол на 1 этаже как в подвальном помещении.Это нам косметический ремонт сделали несколько лет назад.Писать в Стилес бесполезно! Только Выше.1 и 2 этаж и лифт ежедневно не моют дай Бог , если раз в неделю и то когда технику позвонишь.С домоуправом согласна, что они не могут контролировать своих работников они их не слушают либо так руководят. Анна Федоровна у нас тоже замещала мне она понравилась."
134,Образование,2022-02-23,"[club54549564|Выборгский район Санкт-Петербурга], есть участок на Фомина дальше, за фомина 14. Сейчас его огородили забором самозахватом. Стройте там школу"
135,ЦУР,2022-02-23,"И при этом хочу отметить все эти товарищи с ПсиОПГ постоянно мне твердят, что у них имеются везде свои люди, и у меня нет шансов что либо доказать."
136,Роспотребнадзор,2022-02-23,"Здравствуйте. Спешу сообщить, что в школе 475 в п. Парголово массово присутствуют тараканы, которых дети могут принести домой. А также дети неоднократно получали отравления от еды. Прошу вас провести проверку по данному вопросу и обязать школу, чтоб провели профилактику по уничтожению тараканов."
137,Благоустройство,2022-02-23,Сообщение без текста
138,Социальное обслуживание и защита,2022-02-23,"Здравствуйте!<br>На официальном сайте так и не смогла найти информацию, осуществляет ли теперь личный прием граждан губернатор Санкт-Петербурга?"
139,Благоустройство,2022-02-23,"Правительство Санкт-Петербурга, а нельзя ли выделить немножко денег и привести в порядок площадку для выгула на улице Верности? Когда дверь приходится класть на землю, а потом ставить обратно, это несколько неудобно. Когда нет части бума, тоже мало приятного.<br>А дорожку перед входом, похоже, не чистят в принципе. Видимо, поэтому и дверь сломана - невозможно её открыть и закрыть, если вокруг все в снегу поколено."
140,Торговля,2022-02-23,"А шаверма возле метро Академическая, точнее возле остановки наземного транспорта. Типо далеко от метро?"
141,Торговля,2022-02-23,А воз и ныне там ....<br>А вот цевилизованная торговля у метро Гражданский проспект..
142,Торговля,2022-02-23,Только вчера был на Академической. Торгаши стоят.
143,ЦУР,2022-02-23,"[club23904|Калининский район Санкт-Петербурга], больше шаблонных ответов с несуществующей информацией присылать не планируете? Где ответ на мой вопрос - каким образом уменьшилась нагрузка, если даже к участковому терапевту чисто физически не попасть, как видно по моему фото из поликлиники?"
144,Учреждения культуры,2022-02-23,"Уважаемая Администрация района, объясните пожалуйста в связи с чем вдруг Вы с осени 2021 года (а именно с дня рождения нашего города Колпино) перенесли вдруг место проведения фейерверков и салютов?<br>Салют прекрасно запускали с пляжа или с воды в разливе реки.<br>Зачем Вы перенесли место запуска салютов в парк на Чухонке?<br>Это загубит обитателей парка. Вы же сами проводите акции с молодежью и фотографии размещаете с них в своей группе, как дети кормят птиц, белок, делают кормушки. Экорайон, Белкин район у нас, а по факту всё ложь!<br>Парк на Чухонке не место для салютов!!!"
145,Учреждения культуры,2022-02-23,"Уважаемая Администрация района, объясните пожалуйста в связи с чем вдруг Вы с сентября 2021 года (а именно с дня рождения нашего города Колпино) перенесли место проведения фейерверков и салютов?<br>Салют всегда запускали с пляжа и с реки напротив Гребной школы.<br>Зачем Вы перенесли место запуска салютов в парк на Чухонке?<br>Это загубит обитателей парка, могут пострадать деревья!<br>❗Вы же сами проводите акции с молодежью и фотографии размещаете с этих акций в своей группе, как дети кормят птиц, белок, делают кормушки. Пишите, что Экорайон, Белкин район у нас в Колпино, а по факту получается, что всё это зря! Вам не кажется, что это не стыкуется с Вашими другими действиями?<br>Парк на Чухонке не место для салютов!!!<br>Это место для отдыха и любования тишиной и природой!<br>❗Салют на 9 мая тоже там будет среди деревьев, где птицы весной как раз в это время на гнездах сидят???<br>❗ В первом классе на Окружающем мире учат детей, чтобы птиц берегли! Птиц не будет, гусеницы и жуки сожрут деревья!<br>И так кругом в Колпино одни вороны в огромном количестве. Только в парке птицы остались хоть какие-то.<br>Задумайтесь, что Вы делаете! Всё должно быть в гармонии в городе.<br>Ждём ответа от Вас."
146,Социальное обслуживание и защита,2022-02-23,"Добрый день! Обращаюсь к Вам от имени моей мамы. В 2020 году, после проверки газа газовщики сказали, что плита у мамы не пригодна для использования. Брат( Дмитриев Андрей) встал на очередь( он имеет инвалидность) на получение плиты. Пришло положительное решение и его включили в список на 2021 год. Но плиту так никто и не привёз. В этом году, после проверки газа вообще запретили пользоваться духовкой. Брат позвонил по указанному телефону, но ему сказали, что ни в каких списках он не числится. Как так то? Как нам разобраться в этой ситуации? Куда обращаться? Как могли снять с очереди не предупредив и не объяснив причину? Помогите, пожалуйста в этой ситуации. Или подскажите, куда обращаться. Красногвардейский район"
147,Здравоохранение/Медицина,2022-02-23,"Здравствуйте! Прошу ответить мне на вопрос- почему в поликлинике #54 больным сахарным диабетом выписывают по 3 упаковки тест-полосок, а а поликлинике #120 по Две упаковки? Мне необходимо измерять сахар 3 раза в день. Выдаваемые мне 2 упаковки(это 100 тест-полосок) хватает на 33 дня! Мне приходиться докупать на сумму более З- х тысяч рублей! Я инвалид 3 группы и пенсионер! Прошу дать мне ответ! С уважением Владимир Филиппов."
148,Дороги,2022-02-23,"Вы сначала уберите незаконную стоянку и незаконную дорогу в Новой Охте,и предоставьте наконец проект новоохтинского парка,и после этого ,берете своих коллег из думы и вперёд на Донбасс ."
149,Строительство и архитектура,2022-02-23,"На Энтузиастов, когда снесете здание долгострой, ????"
150,ЖКХ,2022-02-23,"Здравствуйте Александр Дмитриевич! Подскажите пожалуйста когда будут проводиться работы по установке плитки и пандусов для колясок! С момента моего первого обращения не произошло нечего! Прошу потребовать у подрядной организации установку временных пандусов для колясок, раз работы замороженны и не планируются выполняться с 12.10.21. ситуация не меняется совершенно. Повторюсь что из за халатного отношения к выполняемым работам моя супруга находящаяся на 7 месяце беременности вынужденна с 2-х годовалым ребенком каждый день поднимать и спускать коляску вручную по высокой непреспособленной лестнице."
151,ЖКХ,2022-02-23,"я за то, чтобы помогать, но, может, стоит сначала у себя навести порядок?! в центре города люди живут в квартирах без душа и горячей воды. не надо тут патриотическими картинками разбрасываться."
152,Благоустройство,2022-02-23,"Это газон напротив дома Ильюшина 2, и скоро оттепель и здесь такого намесят, я полагаю газона у нас больше не будет. Писали в ГАТИ, звонили в ГИБДД, а ""воз"" и ныне там ... Помогите пожалуйста."
153,Дороги,2022-02-23,"Здравствуйте Уважаемый Александр Дмитриевич. Очень жаль что никому ничего не надо. С этим беспределом я начал бороться с начала января, писал в ГАТИ и в Комитет по Благоустройству, и Вам, но увы вот сегодняшнее фото, уже в два ряда ..."
154,Благоустройство,2022-02-23,"Добрый день!<br>Пишу вам с просьбой посодействовать в ограждении нашей дорожки к парадной по адресу Бестужевская 61, парадная 4.<br>Куда я только не обращалась везде отказ. Дело в том, что у нас постоянно разворачиваются и паркуются автомобили, прямо на дорожке к парадной. Водителям все равно на жителей данного дома. Вечерами не пройти к парадной, так как сейчас и сугробы кругом. Летом портят газон. Просили писали в ЖКС-3 но всегда отписка, со словами что данная земля является собственностью собственников данного дома. Иными словами нужно собрание жильцов для голосования о постановки ограждений. Сделать это очень сложно, так как у нас нет главного по дому. Так же не найти и собственников, потому что они сдают своё жильё.<br>Я прошу помочь нам. Может можно просто вкопать две трубы, что бы никто не ездил и не парковался на дорожке.<br>Фото прилагаю."
155,Общественный транспорт,2022-02-23,"[id211062055|Володя], а пенсию чтобы увеличили к кому обратиться? А проиндексировали пенсию работающим пенсионерам? А метро чтобы наконец-то в Петербурге сделали куда нужно обращаться? Продолжать?"
156,Дороги,2022-02-23,"Обратная связь (Сообщить о проблеме)
Информационное сообщение сайта Национальные проекты России_x000D_
_x000D_
------------------------------------------_x000D_
_x000D_
Вам было отправлено сообщение через форму обратной связи_x000D_
_x000D_
Раздел: Сообщить о проблеме_x000D_
_x000D_
Подробно расскажите о своей ситуации_x000D_
_x000D_
Когда планируется ремонт и что именно планируется сделать на дороге находящейся по адресу Ленинградская область, Кировский муниципальный район, Мгинское городское поселение, а/д "" 13 км автодороги ""Магистральная"" - ж/д станция Апраксин"" ?_x000D_
_x000D_
Как вы думаете, под какой национальный проект подходит ваша инициатива?_x000D_
_x000D_
Безопасные качественные дороги_x000D_
_x000D_
---_x000D_
_x000D_
Контактные данные_x000D_
_x000D_
Имя: Евгений_x000D_
_x000D_
Эл. почта: iev777@mail.ru_x000D_
_x000D_
Местоположение: г Санкт-Петербург_x000D_
_x000D_
---_x000D_
_x000D_
Сообщение сгенерировано автоматически._x000D_
_x000D_
"
157,ЖКХ,2022-02-23,"У меня один вопрос - когда в отношении ООО ЖКС 2 Невского района будет рассмотрен вопрос о лишении данной организации лицензии на оказание жилищно-коммунальных услуг на основании того, что данная организация на постоянной основе игнорирует законодательство РФ или в Санкт-Петербурге нормы права РФ уже не действуют? Почему сотрудники ОЖИ постоянно закрывают глаза (и исходя из чего?) на те безобразия, что творит данная уошка? При очистке снега и наледи с крыши разбили балконное окно - срок восстановления в зимний период 24 часа, но сотрудники УК старательно бегали от меня, пока я естественно не провела ремонт. Зато получила от них ответ - УК заключила договор с ип ""рогаикопыта"" вот с них и спрашивайте. Повторяю вопрос к ГЖИ - когда будут приняты КОНКРЕТНЫЕ меры в отношении этой ук?"
158,Безопасность,2022-02-23,"[id11896797|Елена], а почему наши дети должны оставаться без лагерей и детских садов из-за чужих? Сейчас ещё уплотнят очереди. Ждали до школы в некоторых районах, теперь вообще без вариантов. Почему Питер, если на нашей огромной территории полно других городов, с меньшей плотностью населения. И да, пусть едут в Воркуту. Мы и так задыхаемся от мигрантов и понаехавших за хорошей жизнью."
159,Безопасность,2022-02-23,"Хотелось бы знать, за чей счёт этот ""банкет""?"
160,Благоустройство,2022-02-23,Почему работы в Парке Сахарова проводятся с нарушениями? https://vk.com/parksaharova?w=wall-169433482_6355
161,Социальное обслуживание и защита,2022-02-23,"Добрый день,скажите пожалуйста,если у меня нет собственного жилья,у меня двое детей,младшей 3 месяца,прописаны и проживаем в квартире родственника,могу ли я расчитывать на субсидию?"
162,Строительство и архитектура,2022-02-23,"Добрый день, я дольщица 2 корпуса, вы дом объявили, что сдали, но вот его реальное состояние осталяет много вопросов. Которые ПС не собирается по видимому исправлять. А как же людям жить в таком качестве дома. Почему Лидер не может доделать 2 корпус до ума, сколько можно мучить людей с этим ПС.<br>Отвратительно все организовано, наша ИГ вечно идёт на стройку, как в бой. Приведите дом в нормальное состояние, соответствующее для жизни там. А то везде недочёты, недоделки, замечения ...<br>Это кошмар, а не дом!!!"
163,Законность и правопорядок,2022-02-23,Штрафы за парковку присылают не законно
164,Благоустройство,2022-02-23,Добрый день) снова я) опять туристы ( машины уже не знают как порковаться
165,Дороги,2022-02-23,"Скажите, пожалуйста, почему служебные автомобили не могут пользоваться льготами при пользовании платной парковкой? Почему они вынуждены нарушать ПДД? Вот, например, фото сделано 21 февраля (в этот понедельник) в 19:10. Водитель а/м с ГРЗ Н115ВВ178 вынужден был нарушить сразу 2 пункта ПДД (остановка по запрещающим знаком + остановка ближе 15 метров от остановки ОТ, создав препятствие движению ОТ), ожидая своего руководителя. Хотя платные парковочные места за остановкой были свободны. Почему бы вам не предоставить БЕСПЛАТНУЮ парковку служебным автомобилям? Чтобы они не платили по 6000 рублей штрафов в день."
166,Дороги,2022-02-23,"Всем вообще плевать как они будут оплачивать парковку, просто никак не будут оплачивать! На моей улице все стоят машины с закрытыми номерами."
167,Строительство и архитектура,2022-02-23,"Добрый вечер Александр Дмитриевич! Я встаю на работу в 5-30, а стройка школы работает круглосуточно! Единственную дорогу разбили в пух и прах, 397 автобус единственный больше не ходит, раз! Ночью не высыпаться два! Так как работает стройка 24 часа. Прошу мне выплачивать зп с вашей так как это беспредел! Про остальное просто слов нет)))))) грабёж, убийства и т.д..... Мусор вывозиться раз в 3 дня, дороги не чистят,автобуса нет!!!!! Круто! До беды не далеко осталось....."
168,Общественный транспорт,2022-02-23,"[club187956888|Комитет по транспорту], а не планируется ли в рамках перехода к новой транспортной модели или вообще в перспективе, создание тарифной сетки в пригородно-городском железнодорожном сообщении аналогичной тарифной сетке МЦД, чтобы не приходилось покупать билет на электричку отдельно, а по принципу приложил транспортную карту и поехал?<br>Также хотелось бы задать такой вопрос. Несколько профильных железнодорожных газет писали, о том что начато проектирование нового моторвагонного депо ""Парнас"", можете ли прокомментировать какой проектный институт ведёт проектирование (если в курсе), и где именно на территории промзоны Парнас предполагается его размещение?"
169,Общественный транспорт,2022-02-23,"Товарищ Беглов,вы там в Смольном что курите или таблетки какие принимаете???? Можно потребитель САМ будет решать как оплачивать проезд в транспорте. НАЛИЧНЫМИ ИЛИ КАРТОЙ!!! Прекратите заниматься фигнёй!!! Оставьте народ в покое вы надоели уже своими реформами."
170,Безопасность,2022-02-23,"Здравствуйте! Подскажите, по поводу сбора гумм помощи беженцам, вопрос: адрес сбора один, на конногвардейском? В новостях нашла только этот адрес в СПб и просьбу придерживаться списка, а сам список не могу найти"
171,Коронавирус,2022-02-23,"Здравствуйте! Заболели на работе в больнице ковидом, заразились от пациентов. Полагаются ли выплаты младшему медицинскому персоналу? И куда обращаться, если начальство говорит, что мы ничего не должны получить?"
172,Коронавирус,2022-02-23,"Здравствуйте! Скажите пожалуйста, с какого числа будут возможны посещения в спортклубах Петербурга без кодов?"
173,Здравоохранение/Медицина,2022-02-23,"Здравствуйте,Александр Дмитриевич.<br>Прошу Вас помочь мне получить лекарственные препараты по Федеральной льготе( онкобольная 4ст.,инвалид).С 24.11.2021 препараты на отсроченном обслуживании в аптеке ул.Купчинская,32.Комитет здравоохранения не отвечает.Вроде,по закону в течение 15 дней аптека должна сделать заказ...Жду 3 месяца...Прошу Вас помочь."
174,Здравоохранение/Медицина,2022-02-23,"Александр Дмитриевич, здравствуйте! С праздником Вас поздравляю! Здоровья и успехов. Обращаюсь к Вам с просьбой решить проблему с получением бесплатного лекарства. С 28-го декабря 2021 года по сегодня нет в наличии в рецептурных отделах лекарства: галвус. Вынуждена покупать. Пенсия не большая. Диагноз обязывает принимать это лекарство ежедневно. Цены на лекарства не соразмерно нашим доходам. Прошу Вас разобраться в сложившейся ситуации."
175,Социальное обслуживание и защита,2022-02-23,"Может город наконец то выделит достаточные средства на обеспечение инвалидов подгузниками?!!! Уже заканчивается февраль, а тендера на закупки нет до сих пор!!! Это значит что во первых- цену такую город даёт, что никто не хочет участвовать и во вторых- инвалиды получать подгузники в лучшем случае в конце марта. И поскольку город за прошедшее время не даёт, то государство сэкономило на самых незащищенных 3 месяца обеспечения. А возмещение за купленные памперсы 25 ₽ за штуку!!! Где они видели такие цены?!!! А беженцам оказывать помощь у города есть средства! Хочется спросить наши граждане хуже их?"
176,Погребение и похоронное дело,2022-02-23,"Добрый день! У меня огромное горе-15 февраля умерла мама. Преклонный возраст(85 лет), наличие тяжёлых хронических заболеваний, инвалидность, с 2018 года-лежачая больная. Мама умерла дома, поэтому тело было отправлено в морг на Екатерининский,10.<br>Сегодня, 23 февраля-уже девятый(!!!) день после смерти, но похоронить маму я не могу, т.к. при вскрытии(19 февраля) выявлена пневмония и мне сказали, что нужно ждать разрешение от РосПотребНадзора. Я в отчаянии, из-за волнения постоянно повышается давление, постоянно плачу. Неужели статистика важнее возможности проститься с умершей мамой и предать тело земле? Никто не может ответить, когда будет ответ РосПотребНадзора, а главное, зачем нужно это ожидание? Даже если не будет подтверждения ковида, после такого длительного нахождения тела без захоронения проводить похороны в открытом гробу будет невозможно. Почему нельзя разрешить захоронение в закрытом гробу без ожидания ответа РПН? Я не знаю, куда обратиться с этим вопросом. Я понимаю, что необходимо строго соблюдать санитарно-эпидемиологические меры, но чем опасно захоронение тела в закрытом гробу?<br>Извините за эмоциональный текст, но у меня всё просто валится из рук. Куда обратиться за помощью, подскажите, пожалуйста."
177,Здравоохранение/Медицина,2022-02-23,"[id15133835|Оксана], в боксы почему то записываются на вечер. там вечером талонов нет. а вот с утра есть свободные.. я только про свою поликлинику если что.."
178,Образование,2022-02-23,"Раскажите пожалуйста о КАС Есенина, Сиреневый бульвар 1, щас очень сильно истерят! Вроде школу собираются строить!"
179,Благоустройство,2022-02-23,Брошена машина в конце геологической в сторону кутузи!!!!! 11:55
180,Благоустройство,2022-02-23,"ну что, добились своего?"
181,Торговля,2022-02-23,Сообщение без текста
182,Мусор/Свалки/ТКО,2022-02-23,"Я несколько раз задавал вопрос, не а который вы не ответили. Вероятно не заметили. Я продублирую его ещё раз:<br>Добрый день, ещё раз продублирую мой вопрос с дополнениями:<br>Подскажите где находятся контейнерные площадки для мусора и как организован вывоз мусора в пос. Александровская на территории ограниченной Приморским шоссе, Горским ручьем, Финским заливом и Тарховским лесопарком. А точнее: Ручейная ул, 1я и 2я Луговая, Б.Купальная, Приморское шоссе дома с 170 по 252, Старая улица, Приморская улица, Тарховская ул, Песчаная ул.<br>Жители неоднократно связывались с ""Невский экологический оператор"" по телефону 213 07 10 и оставляли заявки на вывоз мусора. Никаких вразумительных ответов ни о сроках вывоза, ни о расположении контейнерных площадок для мусора на обозначенной территории не получили. Мусор копится в геометрической прогрессии."
183,Мусор/Свалки/ТКО,2022-02-23,"Коротко о нашем дворе: контейнеры новые установили, а вывозить мусор не вывозят"
184,Мусор/Свалки/ТКО,2022-02-23,"- мусор не вывозят<br>- третью машину в семье парковать негде, где парковочные места<br>- год как в человейнике квартиру купили, а автостраду и метро к дому не провели"
185,Мусор/Свалки/ТКО,2022-02-23,"Петроградский район ,ул.Рыбацкая , дом 4.<br>На помойке всегда завал мусора ,контейнеры грязные ,переполнены,стоят вне зоны площадки.<br>До НГ был идеальный порядок .СПАСИБО нашим дворникам и прежнему оператору по мусору.<br>Может вернуть прежнею схему ? За 1,5 месяца новый оператор не научился работать.Чего ждать?"
186,Мусор/Свалки/ТКО,2022-02-23,Мусор тоже регулярно вывозят!
187,Мусор/Свалки/ТКО,2022-02-23,"Уважаемые! По поводу мусорной реформы..Верните обратно подборку мусора в контейнеры в область ЖКС(дворников),ибо подборка мусора НЭО осуществляется не всегда качественно и не постоянно(иногда машина приезжает только с водителем,а он подборку не делет) и подборка дворниками ,позволит улучшить контроль со стороны ЖКС,за своевременным вывозом контейнеров...Ибо жалобы жильцов это не правильная организация процесса.!!"
188,Мусор/Свалки/ТКО,2022-02-23,"Мусорная реформа , после которой почти каждый МКД должен платить на 1 млн больше востребована?"
189,Мусор/Свалки/ТКО,2022-02-23,Катерников 7 !!!!!!!! История продолжается......
190,Мусор/Свалки/ТКО,2022-02-23,"Ситуация с мусором это просто КОШМАР!!! На портале Наш Санкт-Петербург заявку не оставить! Невский экологический оператор не решает проблему! От слова никак совсем! Забрали у нас один из контейнеров, теперь на мусорной площадке один контейнер... один!!!!! На огромный дом!!!! Это просто издевательство!!!! Почему я должна платить БЕШЕНЫЕ деньги за то, что мусор не вывозят неделями, вокруг контейнеров набросан мусор, и пока не напишешь его ни кто не убирает!!!! Все газоны в мусоре, дорога в мусоре, мусор летает по всему двору... ну что за издевательство?????? Можно решить проблему с вывозом мусора, с возвращением обратно контейнера, и впоследствии, чтобы они вывозились ОБА!!!!! А не один из них.... за что мы платим деньги????? Я каждую неделю оставлю заявки на вывоз мусора и уборку..."
191,Безопасность,2022-02-23,"Здравствуйте! 2 часа назад на мусорной площадке у дома ул. Токарева 14, обнаружено, то что вы видите на фото!"
192,Образование,2022-02-23,"Добрый день! Озадачилась детским летним отдыхом , ужаснулась , для детей офиц.неработающих граждан цена в лагерь пионер(лен обл) 73000 !! Это при 8-ми местном размещении с туалетом на этаже (на базе дол Металург), получается комната без удобств с едой как в столовой за 21 день 584 000 руб . И таких комнат там сколько? Не понятно это ценообразование , только как нехватка предложения (Сколько за последнее время было построено детских лагерей государством , на деньги налогоплательщиков ? Или это деньги только беженцам помогать ? ) В общем как вы решаете проблему нехватки детских лагерей по доступным ценам для детей официально неработающих граждан ?"
193,Социальное обслуживание и защита,2022-02-23,"Здравствуйте, хотелось бы узнать, чем наши дети достигшие 18 возраста отличаются от тех которые живут в Ленинградской области?"
194,Торговля,2022-02-23,"Здравствуйте! Сегодня навещала свою маму и зашла в ларёк, рядом с её домом на пр. Луначарского, 76. Подсунули просроченную ряженку и нахамили. Книгу жалоб не дают, возможность пожаловаться хозяину лавки тоже. Продавец так и сказала: "" кто ты такая, чтобы давать тебе контакт начальства или книгу жалоб "" . Я не знаю, куда обратиться. В полиц, в Роспотребнадзор. Они за высокие цены травят людей просрочкой."
195,Роспотребнадзор,2022-02-23,"Здравствуйте.<br>Пыталась звонить в Роспотребнадзор, не получилось. Ситуация такова. Невестка вчера 22 февраля в 10.00-10.30 ела в Столовой номер 1 по адресу Невский 118метро площадь Восстания. В 15. 00 у нее заболел живот и началась дикая диарея. Самостоятельно применили все средства, не помогло, ночью температура 39. В 8.30"
196,ЖКХ,2022-02-23,"Здравствуйте !Пишу вам от лица граждан и от себя Московского района т.к встретились у дверей петроэлектросбыт в очереди где ,как 90-е больше двухсот человек стояли на улице ,чтоб попасть и оплатить после объяснения. Откуда такие цены тарифы. Отопления только у кого-то 5т рублей у нас 3500т.р и так у многих и это не за хоромы ,а за обычную Однокомнатную или Двухкомнатную. (Обьясняют тем что мол снег топят,или обогрев самого дома ?)Квартплата получается за все больше 7т.р это как ?<br>Скоро так людей доведете ,что у нас война будет. А не в Украине .Петроэлектросбыт вообще не выполняет обязательства рабочие ,за четыре года ,ни разу счётчики ,не проверили и сказали неправильно плачу по квитанции .теперь пени 125 т.рублей оплатите за 30дней а то отключим. Как это понимать и куда обращаться скоро за самое как за сьемное платить платить ,а пенсионеры у них пенсия 15т.р / СПАСИБО ЖДЁМ ХОТЬ КАКОЙ-ТО ОТВЕТ."
197,Благоустройство,2022-02-23,"И ещё возле этой же мусорной площадки открыт люк. Он прикрыт досками дсп, но в тёмное время суток ребёнок может не заметить, и доски могут соскользнуть."
198,Общественный транспорт,2022-02-23,"[club176831236|Комитет по развитию транспортной инфраструктуры] а на остановках, где трамвайные пути совмещены с проезжей частью, вы планируете при кап. ремонтах путей делать повышенные посадочные площадки, как этого требует СП 98.13330.2018? Москва и Ульяновск умеют их делать, а у вас лапки"
199,Дороги,2022-02-23,"Создайте безопасность для движения пешеходов ""лежачими полицейскими"" перед переходами на участке между пр Луначарсконо ипр.Просвещения.Только тогда вы будете иметь право на передвижные радары,которые собирают деньги себе в карман.А вообще кто их разрешил?"
200,ЖКХ,2022-02-23,"Добрый вечер,Александр Дмитриевич! Вы,наверное, празднуете День защитника отечества в тепле и с ручки моете теплой водичкой!? А мы на ул. Краснопутиллвской в доме 61сидим как всегда без отопления и горячей воды. Как праздник, так у нас авария. Сколько можно к вам обращаться? Ваша администрация отправляет наши обращения в Админ.Кировского района, а она даже ни разу не подняла свои мягкие места и не проверила, а отписывается. В городе есть хозяин? Или день прошел и ладно."
201,Мусор/Свалки/ТКО,2022-02-23,Лыжный 8 к1 ничего с мусорки так и не меняется. Примите меры к оператору
202,Общественный транспорт,2022-02-23,Ээээ??? В документах на маршрут фигурировал маршрут до Сердобольской. Когда успели переделать то?
203,Физическая культура и спорт,2022-02-23,"У меня такой вопрос - когда будет пропагандироваться здоровый образ жизни и помощь в нем для людей?<br>То есть, бесплатные центры физической культуры, а не платные фитнес-центры, и т.д.?<br>Про мое предложение - делать бесплатно ПЦР-тесты и тесты на антитела, что показывало бы реально, как здоровье людей, я уже не говорю, хотя это - первостепенно, но мне сказали, что этого не будет.<br>Хотя я считаю, что это очень бы помогло населению, а не просто прививки.<br>Кстати, я не против них, но проверенных и нужных.<br>Как и за работу медучреждений, молодцы, что делаете хоть что-то."
204,Благоустройство,2022-02-23,А в Муринском парке от Гражданского пр. до пр.Руставели не хотите фонари установить?
205,Мусор/Свалки/ТКО,2022-02-23,"Ну,да. Особенно,когда видишь,как мусор,который,таки,люди собрали раздельно,закидывают в одно пухто🤦‍♂️"
206,Благоустройство,2022-02-23,Здравствуйте подскажите как дела с площадкой?
207,ЖКХ,2022-02-23,"На собрании собственников МКД по адресу Невский пр., д. 136, лит Б, парадная 5 было принято решение об отказе от установки умного домофона по программе Безопасный город. Исправный домофон на двери в парадную есть. Просим исключить нас из данной программы. Заявление с подписями в приложенном файле."
208,Дороги,2022-02-23,"Здравствуйте, г. губернатор! Начиная с декабря прошлого года неоднократно обращаюсь к Вам с просьбой ликвидировать стихийную автопарковку, преграждающую дорогу пешеходам по тротуару по Южному шоссе около дома 55/1 (у магазина ""Дикси""). Сотрудники Вашей приёмной все мои обращения переправляют в различные инстанции, которые, по их мнению, должны решить эту проблему. К сожалению, ни одна из них проблему не решила. К настоящему обращению прилагаю ответ от Комитета по развитию транспортной инфраструктуры, в котором говорится, что в 2022 году будут завершены только проектные работы. И реконструкция Южного шоссе начнётся, если будет одобрен проект. А это значит, что парковка будет препятствовать передвижению пешеходов ещё долгое время. ЖК ""София"" начал заселяться с 2014 года и всё это время пешеходы должны обходить машины либо по газону, либо по проезжей части. В связи с этим настоятельно прошу Вас до начала реконструокции Южного шоссе дать указание ГИБДД установить знаки, запрещающие стоянку автомобилей в данном месте. Балкина Нина Анатольевна, проживающая по адресу Южное шоссе, 55/1, кв.30, 72 года, пенсионер, ветеран труда."
209,Общественный транспорт,2022-02-23,"[club187956888|Комитет по транспорту], и вот интересно чем же заменят маршрутку 289? Они отходят каждые 15 минут, а автобуса любого ждать не меньше 25..и ехать на ней 30 минут, а на автобусе от кольца до кольца трястись час??? И так Пискаревка без метро и без всяких перспектив на него, так ещё и удобные всем маршрутки отменяете. Провели бы опрос населения, хотим мы или нет."
210,Здравоохранение/Медицина,2022-02-23,"Здравствуйте! Помогите в сложившейся ситуации. Колпино. Бульвар трудящихся, 25.<br>Тел. 89213717581 Ольга Михайловна.<br>Мама после онкологической операции. Операция была проведена в городе. Для реабилитации направлена в Колпино по месту жительства. По обращению в 95 поликлинику было обращение к терапевту, тот отправил к хирургу. Везде было отказано в помощи. Аргумент: мы не берём на себя ответственность.<br>Позже обратились в 71 поликлинику, где тоже отказали. Завтра вынуждены ехать в городскую больницу.<br>Что нам делать? Помогите."
211,Благоустройство,2022-02-23,"Территория м. Приморская, кто должен следить за чистотой и соблюдением прав пешеходов? Ларьки на колесах, ободранные столы, проход к Наличной по ямам, газетные ларьки разрисованы, огромный стол с носками. Туалет у дороги. .. Это СПб? Это Васильевский остров?? А мусор зимой и летом... ХХ1 век? 30 лет для жизни людей- много!! Перекрёсток Малый/Наличная стоянку организовали, вечная грязь, никогда не убирают. Гаревые территории, не газоны, но огородили, чтоб машины не стояли и люди не ходили. Теперь люди вдоль лесенок по грязи, окуркам, по льду или по глубоким лужам перебирают ногами по Малому от Беринга до Наличной. Рядом со стоматологией (Наличная27) к остановке глубокая лужища, или по тропе по вспаханной регулярно земле, идем, или далеко вокруг. Может инспектировать пешком территорию надо с депутатами. Как падишах, который скрытно обходил свою империю, не для фотообоев в инстаграммы, для представления о жизни низших."
212,Дороги,2022-02-23,"> ['Петербуржцы бьют тревогу и жалуются на заваленные снегом и льдом газоны❄ \n \nАктивисты также находят ситуацию тревожной, опасаясь за жизнь деревьев и кустарников. \n \nНо власти говорят, что угрозы для растений нет (потому что дворы «практически не обрабатывались противогололедными материалами»). \n \nА как думаете вы, есть ли причины для опасений?']"
213,Улучшение жилищных условий,2022-02-23,Добрый вечер. С праздником вас. В Горжилобмене не берут трубку. . Я могу узнать статус своей субсидии? Мне ее одобрили несколько лет назад. Но так и не дали. Пришло смс из Горжилобмена что одобрена!
214,ЖКХ,2022-02-23,"Добрый день.Снова обращаюсь к вам за помощью.Я подавала электронное заявление в ГКУ ЖА Невского района а также в администрацию Невского района по поводу проблемного соседа,но до сих пор нет ответа!Пожалуйста помогите в этом вопросе.Человек живет на гос.собственности с пропиской.Мать на которой соц найм умерла и он не предоставил документы в администрацию..коммуналка в долгах свыше 500 тысяч приходят на имя матери,не платит ни за свет ни за газ,как вы такое допускаете? Я с ребенком на инвалидности должна слушать его пьянство и убираться за ним,места об.пользования в антисанитарии?Вызывали полицию не раз.Полагающуюся субсидию мне не сделать так как есть задолженность а платит за него я не хочу.))"
215,Общественный транспорт,2022-02-23,"Здравствуйте, уважаемый Александр Дмитриевич. По поводу транспортной реформы и изменению маршрутной сети. Я посмотрел планы, там числится отмена коммерческого маршрута К-76. В пояснениях указывается дублирование его автобусами 1 и 46, а так же коммерческим маршрутом К-127 (после реформы 227). Вот тут пояснение. Отменяемый К-76 не является полным дублёром вышеуказанных маршрутов. Автобусы 1 и 46 имеют конечную остановку у ст.м. Чёрная речка, а нынешний К-76 идёт дальше через Богатырский пр., ст.м. Комендантский пр. и далее через весь Комендантский пр., обеспечивая связь большого района с центром города, чего не обеспечивают маршруты 1 и 46. Новый же маршрут 227 во-первых идёт через пр. Королёва, не захватывая Богатырский пр., Серебристый бульвар, а так же основную часть Комендантского проспекта. А во-вторых, маршрут 227 не идёт в центр города (ст. м. Чернышевская, как нынешний маршрут К-76). В итоге, мы теряем адекватную связь большой части Приморского района с центром. Просьба обратить на это внимание и продумать этот аспект. Из возможных вариантов - продление маршрута 46 хотя бы по малому кольцу (ст.м. Чёрная речка, далее по Богатырскому пр., Серебристый бульвар, пр. Испытателей, обратно ст.м Чёрная речка)."
216,Мусор/Свалки/ТКО,2022-02-23,Неуважаемый! Когда в городе порядок наведение? Превратил Питер в помойку.
217,Благоустройство,2022-02-23,Здравствуйте! Когда планируется очистка от снега в сквере им.Кучиева(Кап.3)?
218,Мусор/Свалки/ТКО,2022-02-23,Когда много лесов Ленинградской области. Можно гадить ...гадить и гадить. Народ все молчит и терпит.
219,ЦУР,2022-02-23,"Добрый вечер! Жильцы дома 9 по ул. Замшина поняли одно — жаловаться в Правительство и ждать , что будет наведен порядок, бесполезная трата времени. Будем ждать ответ из Москвы ,пригласим ТВ и прессу. 18.02. обратился к вам. Пришла отписка. Воду откачали. А дальше что ? Она снова здесь. И каждый день так. Специалистов уже нет ? И совести тоже нет. Каток у дома. Как же надо ненавидеть людей, налогоплательщиков и избирателей !! Или это саботаж? И все делается целенаправленно? Если люди пишут вам , а результатов нет ?Как людям пройти у дома по такому катку?В ЖЭК 3 Калининского района писали....бесполезно."
220,ЖКХ,2022-02-23,"Вот так выглядит моя квартира. https://youtube.com/watch?v=jVorcRIz6q0&feature=share<br>Как в ней жить? Составили акт осмотра. ПС взял 30 дней на устранение, но сразу предупредили, что будет продление и каменьщиков у них нет. Сколько мне ещё ждать своё жильё не понятно. Кто это будет исправлять?"
221,ЖКХ,2022-02-23,"Александр, добрый вечер!<br>С праздником!<br>У вас беда и ни кто не хочет решать. 12:03 заявка по телефону 6040000<br>в подвале прорвало трубку с горячей водой 15:15 повторно, решение проблемы ноль, никто ничего делать не хочет. Просьба разобраться в данной ситуации! ( В ДАННОМ ПОМЕЩЕНИИ ПРОЖИВАЮТ КОТЫ...245ст.)"
222,Улучшение жилищных условий,2022-02-23,Здравствуйте. Как к Вам можно записаться на приём по вопросу жилья?!
223,Безопасность,2022-02-23,"Во Псковской полно брошенных домов ,пусть туда едут."
224,Благоустройство,2022-02-23,"Лучше бы сначала сами озёра почистили вместе с берегами, а потом уже к лету благоустраивали."
225,Коронавирус,2022-02-23,"Когда в Спб снимут ограничения по куар-кодам? Уже вся Россия сняла, мы последние?<br>Ау, товарищ губернатор, где результаты? Если их нет, а их нет, то почему не понятная бесполезная мера продолжает действовать?"
226,Торговля,2022-02-23,"А что толку, что проводите рейды по пресечению незаконной торговли? Толку нет, потому что наказание - только штраф. Они уплатят эти копейки и снова начнут торговать тем же товаром и в том же месте. Им выгоднее платить штраф. Вот если бы это законом было учреждено, тогда, может быть, и перестали бы."
227,Образование,2022-02-23,"[id211062055|Володя], ребёнку 3 с лтшним года в садик не берут нет мест и летом может не будет а ребенку будет к четырём."
228,Мусор/Свалки/ТКО,2022-02-23,"Всё что планируется, тупо на пустыри свозить, как сейчас делают в Мурино и Ломоносове, а потом с наших же налогов деньги выделять на рекультивацию. Которая не факт, что пройдет реально, а не прост она бумаге."
229,ЖКХ,2022-02-23,"В парадной вторую неделю стоит запах гниения. В стране сложная эпид обстановка, а жильцы нашего дома дышат испарениями канализации в подвале. Когда управляющая компания уже будет привлечена к ответственности за такое содержание помещения? Написала в СЭС требование проверить безопасность для жильцов.."
230,Мусор/Свалки/ТКО,2022-02-23,Просто будут засирать область?
231,Благоустройство,2022-02-23,"В Удельном парке только проход до Пионерской освещён, а в парке темно.😧"
232,Мусор/Свалки/ТКО,2022-02-23,"Добрый день. Подскажите, у меня в Санкт-Петербурге в собственности есть квартира и 2 комнаты в коммунальной квартире. Как сделать чтобы за вывоз мусора платить только по адресу места жительства?"
233,Благоустройство,2022-02-23,"Интересно: А кто нибудь учёл недостатки в проекте верхнего озера?! - отсутствие: вешалок в раздевалках; отсутствие туалетов; выгул собак на пляже; утренняя помывочная для местных бомжей; контактных телефонов служб для связи, ответственных за благоустройство и т.д. Или всё как всегда - И так сойдёт?!)"
234,Мусор/Свалки/ТКО,2022-02-23,"Вообще не понятно, все осталось по старому, как с возили на полигоны, так и продолжают. Строек заводов ещё не начали, сколько времени их будут строить? А будут ли деньги на это в свете новых событий.<br>Видимо так область и будет склад позвать наши тко((("
235,Образование,2022-02-23,"Может появится, а может и не появится. Намыаыши садиков, школ и дорог уже лет 6 ждут, если не больше."
236,ЖКХ,2022-02-23,"[id481843|Владислав], Вот и у нас во 2 корпусе в секции А квартира. Страшно представить .а уж жить тем более. Гастробайтеры видимо строили и бригады менялись. Соответственно и качество.....Ужасное.!!!"
237,ЖКХ,2022-02-23,"[id481843|Владислав], это ещё не все видели свои квартиры. Среди бела дня нас обворовывают и обманывают. И кого - рабочих людей с детьми, с детьми инвалидами, пенсионеров. Нам не вернули компенсацию за ожидание более двух лет сдачи жилья. Люди с ипотеками снимают до сих пор жилье и не имеют возможности даже начать делать ремонт, так как ещё доделывать и переделывать немеренно"
238,Благоустройство,2022-02-23,"[club193384353|ГАЗОН СПБ], с праздником!<br>АМ и сегодня как то заехали на пешиходнку((("
239,"МФЦ ""Мои документы""",2022-02-23,"Отладьте, наконец, работу МФЦ!<br>Это полное безобразие. Куча сбоев в электронном виде. А чтобы записаться для снятия с регистрации очередь на 3 недели вперёд! Мы в мегаполисе живем!"
240,Коронавирус,2022-02-23,"Никакие коды не нужны нам! Ни посде заболевания, ни после прививок, ни по антителам!! Хватит уже этой шизофрении. Пандемию уже отменили!"
241,Общественный транспорт,2022-02-23,"[club187956888|Комитет по транспорту], вы почему-то скромно умалчиваете, что основная причина перехода на новую модель , заключается в перспективе пользования ""физлицами"" транспортом при помощи биометрических данных ."
242,Здравоохранение/Медицина,2022-02-23,Хороших специалистов практически нет. Ни платно ни бесплатно. Остальное всё пустые слова.
243,Образование,2022-02-23,"Дома 25-этажные за пару лет строят, а садик на 100 детей- 3 года, интересно"
244,Образование,2022-02-23,"[club54549564|Выборгский район Санкт-Петербурга] [club189710665|Комитет по строительству] [club25882042|Правительство Санкт-Петербурга] третий раз пишу свой вопрос. Складывается впечатление, что ответить нечего.<br>В Парголово, на ул. Вологдина в 2023 году, 428 семей получат квартиры в малоэтажном жилом комплексе. Вопрос: в какую школу пойдут дети из этих семей? Где в проекте предусмотренна школа, как сейчас требуют условия?"
245,Благоустройство,2022-02-23,Почему все скульптуры последнего времени такие страшные?
246,Благоустройство,2022-02-23,"Александр Дмитриевич, Добрый вечер. Есть предложение, в Невском районе , возле Еу"
247,Социальное обслуживание и защита,2022-02-23,Здравствуйте.<br>Прошу принять меры
248,Образование,2022-02-23,"Школа действительно нужна! Например, школа «Озерки» переполнена почти в 2 раза, а район активно застраивается! Детей-инвалидов благодаря нашей экологии, качеству медицинских услуг и проч. факторов, к сожалению, меньше не становится. К тому же, семьи с детьми- инвалидами очень часто переезжают на постоянное жительство в Санкт-Петербург из регионов, потому что в провинции ни реабилитации, ни нормального образования для таких детей нет. Будьте милосерднее к «особым» детям, такой ребёнок может появится в абсолютно любой семье!"
249,Коронавирус,2022-02-23,Как получить куар код по положит и отриц тесту?
250,Образование,2022-02-23,"Здравствуйте, я почитала вашу рекомендации. Я хочу чтобы мой ребёнок пошёл в шко"
251,Торговля,2022-02-23,Когда шавермушечную на Академке ликвидируют?
252,ЖКХ,2022-02-23,"Индустриальный пр.<br>д. 35 к.2. 6 подъезд, убирают ( 1 и 2 эт.) когда позвонишь в 004."
253,Мусор/Свалки/ТКО,2022-02-23,"Заводы ладно, а нафига в области под носом его складировать? Три года было на подготовку к реформе, а срач как будто неделю дали на подготовку."
254,ЖКХ,2022-02-23,"С 22.02 с 10 утра и до сих пор нет отопления во всей квартире. Замерзаем!<br>Адрес: ул.Бабушкина, 131, корпус 2<br>Что делать? К кому обращаться? Управляющая компания не реагирует."
255,Мусор/Свалки/ТКО,2022-02-23,"> Здравствуйте у меня такой вопрос. У меня частный участок и пришла Квитанция за мусор, я не живу на этом участке и не прописана, и никто там не живёт и мусора соответственно нету. Можно ли мне отказаться от этого платежа ТБО невский экологический оператор?<br>> И как это сделать?"
256,Безнадзорные животные,2022-02-23,"Это приют ""Преданное сердце"" приличный и проверенный? Ну да, проверенный, вот только там при проверке нашли кучу нарушений, в том числе и непредоставление ветеринарной помощи заболевшим животным. В ВК есть целая группа пострадавших от деятельности этого приюта."
257,Образование,2022-02-23,А в городе только 100 маленьких петербуржцев?
258,Общественный транспорт,2022-02-23,"А как организуется такое кольцевое движение? т.е. где-то есть конечная на которой водитель отдыхает, или остановка на которой водители меняются как машинисты в метро во время остановки?"
259,Строительство и архитектура,2022-02-23,"[id3269881|Ирина], на ПАРНАС ТАК НИЧЕГО НЕТ .НИ ШКОЛ ,НИ ПОЛИКЛИНИК.А МЕСТА,ОЧЕНЬ МНОГО"
260,Дороги,2022-02-23,Почему в городе не работают эти табло. Столько денег в них вбухали.
261,Реклама,2022-02-23,"Клода в городе будут удаляться наклейки в проститутками. Когда будут штрафы космические? Сколько одичалые будут их расклеивать, а мвд закрывать глаза."
262,Образование,2022-02-23,"[club25882042|Правительство Санкт-Петербурга], какой смысл в вашей тираде, если из всего написанного построен и открыт всего один садик."
263,Образование,2022-02-23,И попасть туда можно будет только за нехилое вливание. Помню на проспекте Ветеранов жили. Там есть садик с бассейном. Чтобы туда попасть надо было конкретно на лапу заведующей сунуть.
264,Социальное обслуживание и защита,2022-02-23,"Здравствуйте. Кто выдаёт справку, подтверждающую получение ежемесячной выплаты в связи с рождением первого ребенка? И как её можно получить? Справка нужна для рассчета дохода семьи и оформления компенсации на погребение малоимущим гражданам."
265,Мусор/Свалки/ТКО,2022-02-23,Сообщение без текста
266,Образование,2022-02-23,Школа 8го вида в Выборгском районе несомненно нужна! Но насчёт места для строительства спорить не буду... Понимаю жителей района. И само место я не видела. Возможно рядом со ст.м.Парнас есть местечко для строительства такой школы?
267,Образование,2022-02-23,садик 3года строить?<br>На берегу Нахимовского озера за 6м-цев котетжн.настроили для продажи.Со всеми коммуникациями!
268,Образование,2022-02-23,"Это проблема не только выборгского района, это проблема всего города! Почему школ и садов не хватает? Понастроили новостроек, а на счёт строительства соц.объектов особо не переживают!"
269,Общественный транспорт,2022-02-23,"Добрый вечер! Маршрут К-1 закрыли, а ничего, вместо него, не предложили. Каким образом добираться от театральной площади к Сенной???"
270,Автомобильные дороги,2022-02-23,"Администрация Приморского района так не хотела ставить ограждение газона, отправляла всех в непонятном направлении, не реагировала на обращение Фонтанки, что теперь газон после оттепели начали развозить колесами. И делают это все клиенты клиники Скандинавия, которая из-за своей жадности не предусмотрела парковку для своих клиентов и сотрудников."
271,Автомобильные дороги,2022-02-23,Сорвало знак. Может полностью оторвать. И повредить машины или людей
272,Мусор,2022-02-23,"Из контейнерной площадки по адресу Лиговский проспект, 114 лит Г плохо вывозят мусор. Постоянно переполненные баки."
273,Мусор,2022-02-23,"УК ООО ""Космосервис третья"". Адрес: Санкт-Петербург ул летчика лихолетова 14/2 На огромный двор с 4-мя домами две мусорки, и те в ужасном состоянии. Мусор валяется и не убирается под баками. Плюс наледь горбом. Около Мусорки даже песком не посыпано. Попробуй, подойди и не сломай ноги. Жители неоднократно видели бегающих мышей. И это новый дом, где толпы народу живут и коммуналку платят."
274,Мусор,2022-02-23,Переполнение мусорного контейнера. Не вывозится КГМ.
275,Мусор,2022-02-23,"Несколько дней не вывозится мусор, гора растёт!"
276,Мусор,2022-02-23,"Добрый день, мусор в жк палаццо не вывозится неделями, создаёт антисанитарные условия. Обращения в управляющую компанию не дают результат. Прошу оперативно решить проблему."
277,Мусор,2022-02-23,"Во дворе дома по адресу пр Обуховской Обороны, 243, Огромный мусорный контейнер не вывозят несколько месяцев! Когда уберут этот мусор из двора?"
278,Мусор,2022-02-23,"Управляющая компания вывозит мусорные баки прямо перед парадными задолго до вывоза мусора и мы все это время ходим мимо гор мусора. Сегодня же вывоз мусора вообще не состоялся и эти горы стоят день с самого утра. Прилагаю несколько фото, но такое происходит у каждой парадной нашего дома."
279,Мусор,2022-02-23,Не убирается мусор
280,Медицина,2022-02-23,"Недавно я болела и вызывала 24.01.2022 врача по номеру 122. Врач не приехал, когда мне стало лучше,а именно 31.01.2022 я пришла в 88 поликлинику. Меня не выписали, но открыли больничный с даты вызова врача, т е вызывала я его 24го , 25го я не пошла на работу. Сейчас узнала, что больничный был открыт с 26го. Можете вы поднять история вызова врача по номеру 122 24 января по адресу Петергофское шоссе дом 59 кВ 265 для Голубевой Анны. Нужно исправить дату открытия больничного листа . Спасибо"
281,Мусор,2022-02-23,"У нас частный дом в посёлке Александровская Пушкинского района города Санкт-Петербурга. После мусорной реформы от 01.01.2022, из нашего собственного контейнера, который переполнен до краев, мусор никто не вывозит. Соответственно, уже 2 месяца мы не знаем, что делать с этой проблемой и куда нам носить наш новый мусор, учитывая, что в радиусе даже 1 километра, организованные мусорные контейнеры отсутствуют. По правилам СанПиН, мусорный контейнер должен располагаться на расстоянии от 20 до 100 метров. Самое поразительное то, что в квитанции за январь, нам в счёт была включена услуга НЭО, в размере 320р. Но данная услуга нам не оказывается! Прошу разъяснить сложившуюся ситуацию."
282,Дворы и территории общего пользования,2022-02-23,Вновь демонтируйте незаконную рекламу.
283,Автомобильные дороги,2022-02-23,"УК Эксплуатация Главстрой ни разу за 2 года не убрала взъезд в паркинг 27-Н (въезд с ул. Розенштейна) горы песка и мусора, на жалобы жителей не реагирую совсем"
284,Мусор,2022-02-23,"В Колпинском районе г. СПб по адресу бульвар Трудящихся дом 17, рядом с домом находится место для сбора мусора, который не вывозят регулярно, а кроме всего мусор разбросан вокруг контейнера и разносится ветром ещё дальше. Зрелище жуткое, антисанитария полная, территория превратилась в ""свинарник"". Сколько может это продолжаться!??? Огромная просьба наладить регулярный вывоз мусора и очистку прилегающей территории!!!"
285,Автомобильные дороги,2022-02-23,"Плохая уборка снега на территории МКД, не обработан лёд, не вывозят снег с парковочных мест"
286,Многоквартирные дома,2022-02-23,7 парадная. Постоянно ломается лифт. Сейчас снова сломан. Для ЦУР: Калининский район. пр-т Мечникова д. 11.
287,Дворы и территории общего пользования,2022-02-23,"Не очищен пандус, гололед"
288,Автомобильные дороги,2022-02-23,Разломанная грузовыми машинами дорога
289,Общественный транспорт,2022-02-23,Не работает информационное табло прибытия общественного транспорта. Прошу принять меры для восстановления его работоспособности.
290,Дворы и территории общего пользования,2022-02-23,"Спуск по лестнице, к ресторану «Мясо и хлеб» (Коммуны, д. 63) - один сплошной каток."
291,Медицина,2022-02-23,"Добрый вечер. Не можем найти выход из положения. Подскажите пожалуйста. Мой сын учится в одном из вузов Санкт-Петербурга . Ранее проживал за рубежом , где и сделал прививки (3) от ковида P fiber. Последняя прививка была сделана 29 12.2021 года. Имеется справка европейского образца на английском языке. Однако его не пускают в общественные места ( музеи, театры, магазины,...) т.к. он привит P fiber, и нет кода . Что ему делать ведь он не может ещё раз привиться от ковида Спутником С уважением Наталья михайловна"
292,Многоквартирные дома,2022-02-23,"В 1-м подъезде по адресу: ул.Ярослава Гашека лом 12/100 по несколько месяцев не убирается 1-ый этаж, лестница убиралась только год назад! стены и углы - с грязью. Фото прилагаю, и так на каждом этаже. На жалобы УК ЖКС 3 не реагирует. Просьба принять соответствующие меры."
293,Дворы и территории общего пользования,2022-02-23,"темнота, ни одного фонарного столба"
294,Дворы и территории общего пользования,2022-02-23,"Добрый день! Второй раз за этот месяц ЖКС 2 вешает такие объявления по адресу Тихорецкий 31/2. Первый раз данное объявление было повешено об уборке 12.02.22, в этот раз уборку планировали на 22.02.22. Во дворе со стороны Тихорецкого было минимальное кол-во машин, но к уборке за весь день Жилконтора даже не притрагивалась. Интересно, проведено ли это было документально, что контора уборкой якобы «занималась» в данные дни. Требую провести проверку по данному вопросу, очень уж интересно, почему объявления у нас появляются, а обещанную зачистку так и не провели. Хотя она нам, вполне себе, нужна."
295,Многоквартирные дома,2022-02-23,"Обещали в январе сделать окна а так никто ничего не сделал, как были они открыты так и остались открыты. За что платим деньги????"
296,Медицина,2022-02-23,Добрый день Я недавно болел ковидом У меня на госуслугах не появился QR-код Мои данные Подгорышев Андрей Викторович 05.02.2022 Полис в пос.Ленсоветовский.
297,Многоквартирные дома,2022-02-23,"В кв. 36 уже больше года длиться ремонт. Всё это время мы живём в грязи. Вся парадная включая лестницу, стены, двери квартир, почтовые ящики, окна находятся под толстым слоем строительной пыли. Т. К. Мешки с мусором рабочие скидывали с 5 этажа. А сейчас мусор просто складируется на лестнице. Хозяйка квартиры считает, что она не должна всё это за собой убирать. Просим содействия по наведению порядка и чистоты на лестнице."
298,Автомобильные дороги,2022-02-23,"Паркоматы работают через один. Клавиатура вся стёрта, приходится догадываться где кнопка ""подтвердить"". Прошу привести паркоматы в рабочее состояние и заменить клавиатуры на всей территории платной парковки."
299,Автомобильные дороги,2022-02-23,Разукомплектованое транспортное средство в кармане напротив дома по улице маршала Казакова 82/1
300,Автомобильные дороги,2022-02-23,"Самовольное занятие территории юр лица, штраф от 100 т. Р. Зарегистрирована как безвозмездная парковка не имеющая права ограничивать свободный проход, тем не менее всё в заборе, берут деньги. Полное нарушение договора аренды. Прошу взыскать штраф с юр лица и обеспечить свободный проезд."
301,Автомобильные дороги,2022-02-23,Систематическая парковка на газоне
302,Автомобильные дороги,2022-02-23,"Ворота закрыты - предположительно частными физическими лицами на личный замок. Арка меду 4 и 5 подъездом в доме Московский 204 используется как персональная парковка, при необходимости эти люди открывают ворота по собственному желанию, видимо для проезда их собственных автомобилей. Другие жители двора не могут пользоваться этой аркой для проезда машин. Предполагаю, происходит самовольное ограждение общего проезда в пользу нескольких или одного физических лиц и самовольный захват общей территории в качестве парковки для тех же лиц. Прошу разобраться в ситуации и освободить проезд для всех жителей двора, прекратить парковку автомобилей в арке."
303,Автомобильные дороги,2022-02-23,г. Кронштадт перекрёсток пр. Ленина и ул. Гражданская. На подъездах к перекрёстку ежедневно с 6 и до 21 часа находится припаркованный транспорт в нарушение п. 12.2 ПДД (ближе 5 метров до перекрёстка и менее 3 метров до линии разметки 1.1) из-за чего повороты на перекрёсток водители вынуждены осуществлять с нарушением п. 8.5 ПДД
304,Медицина,2022-02-23,"02.02.22 в поликлинике 95 Колпинского района сдавала тест на Ковид! Ответа до сих пор нет. Ходила лично в поликлинику, взяли номер телефона, сказали, что позвонят, как вопрос решится, звонка нет до сих пор. Ранее уже была написана жалоба 175018971 от 05.02.2022 от поликлиники получила «отписку», что якобы сделан повторный запрос в лабораторию, ответа так же нет. ГДЕ МОЙ Qr код?"
305,Автомобильные дороги,2022-02-23,Незаконная рекламная конструкция KFC.
306,Автомобильные дороги,2022-02-23,Незаконная рекламная конструкция KFC.
307,Автомобильные дороги,2022-02-23,Незаконная рекламная конструкция KFC.
308,Автомобильные дороги,2022-02-23,Перекресток Суздальского и Светлановского. Светофор до сих пор не работает. Очередная авария и разбитые машины. Пора бы починить!!!
309,Автомобильные дороги,2022-02-23,Незаконная рекламная конструкция KFC.
310,Дворы и территории общего пользования,2022-02-23,"Не производится уборка наледи во дворе дома по адресу ул.Чудновского дом 1. Проезжающие автомобили уже цепляют днищем слой льда из-за образовавшейся колеи. Пешеходы вынуждены передвигаться по колее, рискуя травмами. Никакой обработки песком гололеда не производится, состояние двора опасно для людей"
311,Автомобильные дороги,2022-02-23,Незаконная рекламная конструкция АВТОСЕРВИС.
312,Многоквартирные дома,2022-02-23,"В новом ЖК «Живи в курортном» происходит невыполнение управляющей компанией многоквартирного дома минимальных услуг по обеспечению дома. В разных парадных протечки, которые приводят к образованию ржавчин и коррозий материалов и в последствии образованию плесени в вентиляционных шахтах. В парадных запах сырости/канализации/гниения, в квартире ( ванная/туалет/кухня) из раковины/ вентиляционных шахт летят насекомые, появляющиеся в сырых местах и запах канализации."
313,Дворы и территории общего пользования,2022-02-23,"На протяжении недели наблюдаю неудовлетворительную уборку пешеходных дорожек на пешеходной зоне на улице Турку от Бухарестской до Будапештской улиц. В чем проблемы? Нет песка посыпать дорожки, нет техники или горючего для неё? Нет личного состава в подразделениях службы? Да именно службы, которая подразумевает перечень необходимых действий для выполнения поставленных задач. Когда работать начнут? Или уже весна на носу, само всё растает?"
314,Многоквартирные дома,2022-02-23,"Прошу установить личность и привлечь к ответственности соседей, проживающих в д.90 по СПб шоссе, в кв.17, установивших камеру видеонаблюдения на своём балконе. По предварительной информации камера на их балконе установлена по просьбе местной администрации, чтобы охранять незаконно установленный предмет (скамейку) на общедомовой территории. Скамейка была установлена так же незаконно, по письменному заявлению одной из соседок, которая принесла заявление в местную администрацию. Моя мама тоже приносила заявление, где было 8 подписей против установки этой скамейки. У местной администрации 1 подпись ЗА скамейку получилась больше, чем 8 подписей ПРОТИВ и они установили. Протокола собрания тоже нет. 1. Прошу привлечь к ответственности соседей из 17 квартиры за видеонаблюдение за соседями с последующим демонтажем камеры. 2. Прошу привлечь к ответственности местную администрацию за самоуправство и превышение должностных полномочий за установку скамейки и демонтировать этот незаконно установленный предмет с общедомовой территории. Санкт-петербургское ш., д. 90. 23.02.2022 18:00"
315,Многоквартирные дома,2022-02-23,"Санкт-Петербург, Колпино, ул. Павловская д17. Повалились 2 сточные трубы, вода течёт по стене, куски трубы висят в воздухе, могут упасть на прохожих."
316,Дворы и территории общего пользования,2022-02-23,"Добрый день. Возмущению нет предела ! Пишу каждую неделю, а проблема не решается! Присылают отчет о проделанной работе в чужих дворах! Не на моей улице! Гололед и колии уже выше щиколотки! Дети падают,машинам не припарковаться! В соседнем доме вычислили до асфальта(Добровольцев 24) а в добровольцев 26 как был ужас внутри двора так и остался! Очистить дорогу до асфальта! И фотоотчет сс нашим домом,а не чужим"
317,Многоквартирные дома,2022-02-23,"Добрый день. Дом по адресу : проспект Луначарского 84к4 постройки 1988 года. С этого момента фановая труба не менялась. В августе месяце приходил Ваш сантехник и сказал, цитирую ""раз не лопнуло, то и менять ничего не надо"". Посмотрите сами на состояние трубы и какой будет ущерб, если она в любой момент лопнет. Халатное отношение сотрудников ЖКС 1, срок службы данной трубы 30 лет."
318,Многоквартирные дома,2022-02-23,"Добрый день! Дом постройки 1988,с этого момента труба не менялась. В августе месяце был вызван сантехник из жилкомсервиса 1, для осмотра и регистрации факта изношености трубы. На что сантехник сказал, что цитирую ""раз ничего не лопнуло, то менять и не надо"". Данная труба может лопнуть в любой момент и затопить соседей снизу, что приведёт к дорогому ремонту. ЖКС 1 халатео относится к своим прямым обязанностям."
319,Водоснабжение,2022-02-23,"Данное заведение регулярно сливает отходы своей деятельности на соседний участок нарушение всех санитарных норм, нечистоты стекают по всему участку попадают в дренажную канаву и дальше в дренажную систему города. Прошу проверить есть ли у них реальное подключение к канализации, свидетелями слива являются более 15 жилых домов. К система водоснабжения в нашем районе очень старая Мы переживаем что нечистоты могут попасть в систему водоснабжения."
320,Многоквартирные дома,2022-02-23,Реклама на водосточных трубах
321,Многоквартирные дома,2022-02-23,Дальневосточный проспект дом 80 кв 87 живёт нелегальный мигрант более 10 лет. Его никто не проверяет. У него просрочен паспорт. Он ни разу не сделал патент и регистрации по месту жительства. Мы обратили в органы полиции 24 -отделу. Там оказывается его знакомые работают. Его не пробивали а наоборот ему дали справку об утрате документы. Мы хотим чтобы его выгнали из России. Он человек пьющий и скандальный
322,Многоквартирные дома,2022-02-23,"Отсутствует козырёк над парадной у дома по Костромскому 42, 3я парадная. У соседних парадных этого же дома он есть. Фото прилагаю. Крыша у дома покатая, в оттепель с неё падает снег, это не безопасно! Страшно стоять около парадной зимой, а летом под дождём мокнуть."
323,Многоквартирные дома,2022-02-23,"Требуется ремонт фасада, у парадной во дворе."
324,Дворы и территории общего пользования,2022-02-23,Заблокирован проход по тротуару кучей льда и снега.
325,Дворы и территории общего пользования,2022-02-23,Заблокирован проход по тротуару кучей льда и снега.
326,Дворы и территории общего пользования,2022-02-23,Заблокирован проход по тротуару кучей льда и снега.
327,Дворы и территории общего пользования,2022-02-23,Требуется ремонт брусчатки под трубой водостока
328,Образование,2022-02-23,"Здравствуйте. Мы составляли заявление на определение ребёнка в детский сад. Ребенок имеет право на льготу при зачислении (мать ребенка имеет инвалидность 3 группы), но в изменении заявления в плане предоставления документов, подтверждающих право на льготу мне было отказано без комментариев. Формирование групп началось с февраля, однако до сих пор никаких изменений в статусе заявления не произошло. Заявление подавалось через главный сайт госуслуг, поскольку на локальном сайте услуга имела статус ""недоступной"". Заявление номер 1565467864"
329,Дворы и территории общего пользования,2022-02-23,Незаконная рекламная конструкция
330,Многоквартирные дома,2022-02-23,"В доме по адресу пр Обуховской Обороны, 243, подъезд 4, открыта дверь выхода на крышу. Этим пользуются дети, они заходят в подъезд и выходят на крышу! Это угрожает из безопасности! Необходимо закрыть выход на крышу на замок."
331,Автомобильные дороги,2022-02-23,"г. Кронштадт перекрёсток пр. Ленина и ул. Гражданская, введён в эксплуатацию светофорный объект, все светофоры типа Т1 по ГОСТ 52289-2019. Не учтёно, что ул. Гражданская является односторонней к пр. Ленина. В связи с чем светофоры по пр. Ленина (направление движения от ул. Флотской) должны быть в исполнении Т2 со стрелками ""прямо и налево""."
332,Многоквартирные дома,2022-02-23,"4.2.2022 при очистке крыши дома 52 по ул.Бабушкина от снега и наледи, в моей квартире 15 (последний этаж) было разбито балконное окно, о чем я сразу же 4.2.2022 в 15.00 информировала аварийно-диспетчерскую службу УК – ООО ЖКС 2 Невского р-она. В ответ 23.2.2022! мною получен некорректный ответ и УК, нарушающий нормы законодательства РФ, а также с нарушением сроков ответа по подобному обращению, а именно, мне было сообщено, что очистку кровли в соответствии с контрактом между УК и сторонней организаций, производило ИП Хангану И. (ОГРНИП 317784700151816) и все проблемы я должна решать с данной организацией. 1) у меня есть договорные отношения только с УК – ООО ЖКС 2 Невского р-она 2) срок принятия мер по проблеме в зимний период – 24 часа, что было нарушено (понятно, что жить с разбитым окном я не могу и ремонт произвела за свой счет). Никаких извинений и т.п. от ООО ЖКС 2 Невского р-она мною также не получено. ПРОШУ обратить внимание на систематическое уклонение ООО ЖКС 2 Невского р-она от выполнения договорных обязательств, некачественное оказание услуг, некорректное поведение сотрудников и т.п. и рассмотреть целесообразность наличие у данной организации лицензии на оказание жилищно-коммунальных услуг по обслуживанию МКД."
333,Автомобильные дороги,2022-02-23,"г. Кронштадт перекрёсток Кроншоссе с ул. Зосимова и Восстания. Подключенный светофорный объект переведён в режим ""жёлтый мигающий"". 1. Когда вернут в эксплуатацию светофор? 2. Для оптимизации работы светофора необходимо установить допсекцию ""поворот направо"" для потока транспорта по ул. Восстания для включения с основным красным сигналом светофора"
334,Дворы и территории общего пользования,2022-02-23,"Утром в 9:00 началась уборка льда трактором, в выходной день! После чего работники вытащили полусферу , которая была около дома (под окнами, которая установлена, чтобы не ставили машины) и выкинули ее на газон. Сдвинули клумбу, которая была установлена в тех же целях. Зачем убрана полусфера и выкинута на газон?"
335,Автомобильные дороги,2022-02-23,"г. Кронштадт перекрёсток Кронштадтского шоссе - Цитадельская дорога со стороны ул. Адмирала Грейга при установке дублирующего светофора не убрали остатки дерева, из-за чего дублирующий светофор виден только уже на самом перекрёстке и свою функцию не выполняет"
336,Дворы и территории общего пользования,2022-02-23,Складирован снег на газоне больше 1 метра
337,Мусор,2022-02-23,Уже много месяцев (по субъективным ощущениям с лета 2021 года) никто не убирает урну между домами по ул. Беринга 3 и Беринга 5. На месте этой урны уже образовалась свалка. С каждым днём она только растёт. Прошу разобраться в ситуации и устранить эти антисанитарные условия! Прикреплённое фото сделано 23.02.2022. Заранее спасибо.
338,Дворы и территории общего пользования,2022-02-23,Скидывают кучи грязного снега на территорию детской площадки и ближайших газонов
339,Мусор,2022-02-23,"Здравствуйте. Прошу наконец навести порядок и поддерживать его должным образом в районе арки по ростовской 14-16. С уважением, Мальков Дмитрий."
340,Многоквартирные дома,2022-02-23,"Нарушена целостность стены/фундамента дома по периметру, уо - ООО ЖКС 2 Невского р-она свои обязанности по текущему ремонту игнорирует."
341,Дворы и территории общего пользования,2022-02-23,"Всю зиму не убирают снег у парадной по адресу Дунайский пр., д. 3, к. 2, 3 подъезд. Жалобы диспетчеру аварийной службы не помогли. Сейчас невозможно выйти из дома, вся дорожка сплошной каток. Так же совершенно не убирают и дороги на территории всего Пулковского посада. Ходить невозможно, сплошной лёд."
342,Дворы и территории общего пользования,2022-02-23,Прошу очистить территорию от старого брошенного сарая на колёсах
343,Дворы и территории общего пользования,2022-02-23,"Жалоба на УК ООО ""Космосервис третья"". Адрес: Санкт-Петербург, ул летчика лихолетова 14/2 парадные 9, 10, 11. Сплошной каток в дни морозов и лужи по щиколотку в дни оттепели. Не чистят, и не посыпают песком. Сегодня 23.02. не знала, как выйти из парадной. Оба выхода ""заблокированы"" наледью. Пришлось мелкими шажками ползти с внутренней стороны, со двора, там хоть горизонтальная поверхность. С улицы ни разу тротуар не чистили. Требую убрать, коммуналку, повышенную с нового года, платим исправно."
344,Дворы и территории общего пользования,2022-02-23,"Закрыт проезд к дому, при этом обьезда не сделано"
345,Автомобильные дороги,2022-02-23,"Прошу вас сделать светофорный объект по адресу Красное село пр. Ленина д.6 с кнопкой для пешеходов. Дело в том что 90% времени пешеходов здесь нет, а светофор постоянно тормозит движение на шестиполосной дороге. Что существенно снижает пропускную способность дороги. Пешеходы при необходимости будут нажимать кнопку и безопасно переходить проезжую часть."
346,Мусор,2022-02-23,Кругом один мусор! Уборка не производится! Жители близлежащих домов живут как на помойке!
347,Многоквартирные дома,2022-02-23,"Я Петухова Надежда Михайловна, с 27 декабря 21г. обращаюсь в ООО Жилкомсервис №3 Центрального района с просьбой выяснить причину протечки с потолка выше расположенного помещения по адресу: Невский пр. д. 150, Лит.Е, пом 14Н. 28 января повторила свое обращение с просьбой составить акт. Акт составлен не был. По рекомендации домоуправа разобрали потолок с целью подготовки его для осмотра. 09.02.22г. при обращении к главному инженеру, получила устный ответ о том, что с проблемой будут разбираться. 14.02.22 на мой объект вышли домоуправ и мастер участка ЭУ№2., которые осмотрели потолок, убедились в протечке сверху, т.е в междуэтажных перекрытиях, где проходят коммуникации, принадлежащие УК. С тех пор протечка не устранена, мер никто не принимает В моём помещении вода проникает все сильнее и угрожает электрике, что в результате может привести к короткому замыканию и пожару. В общей сложности данная протечка не устраняется 2 месяца. К обращению прикладываю 4 заявления в ООО ЖКС№3 Центрального района."
348,Мусор,2022-02-23,Кругом мусор!!! Никто ничего не убирает!!
349,Мусор,2022-02-23,Груды мусора!!! Никто не убирает!!
350,Общественный транспорт,2022-02-23,"Стоит автобус нарушая пдд 12.4. Остановка запрещается:в местах, где расстояние между сплошной линией разметки (кроме обозначающей край проезжей части), разделительной полосой или противоположным краем проезжей части и остановившимся транспортным средством менее 3 м; (в ред. Постановления Правительства РФ от 24.01.2001 N 67) (см. текст в предыдущей редакции)"
351,Автомобильные дороги,2022-02-23,Устроили парковку на пешеходной зоне. Просьба принять меры.
352,Дворы и территории общего пользования,2022-02-23,Автомобиль без колеса припаркован в проезде. Проезд - не место для хранения неисправных машин
353,Многоквартирные дома,2022-02-23,"В первой парадной не закрыт чердак, прошу починить дверь чердака и закрыть на замок."
354,Автомобильные дороги,2022-02-23,Не проехать! Не заехать на парковку!
355,Медицина,2022-02-23,Нужна запись к спортивному врачу. Не можем дозвониться.
356,Дворы и территории общего пользования,2022-02-23,"Сломано оборудование на детской площадке ( одна качель отсутствует, вторая сломана ). Звездная 14, Космонавтов 94."
357,Дворы и территории общего пользования,2022-02-23,Добрый день. Граффити на заборе с рекламой магазина нелегальных веществ. Просьба устранить
358,Многоквартирные дома,2022-02-23,"Засор фановый трубы от дворового колодца до 2 этажа. На первом этаже труба проходит без подключения к квартире, требуется прочистка горизонтального лежака трубы от дворового колодца до 2 этажа. На данный момент все жильцы 1 парадной над квартирой 9 не могут пользоваться водой, так как сразу затапливает квартиру 9."
359,Многоквартирные дома,2022-02-23,3 дня не работает освещение в 3м подъезде (кв. 17-24) Дмитровский пер. 8 Аварийная служба заявки на ремонт игнорирует. Прошу принять меры.
360,Автомобильные дороги,2022-02-23,Неправильная парковка !!! Загородил проход всем службам
361,Медицина,2022-02-23,"С 04.02.2022 по 18.02.2022 я находилась на больничном. С 21.02.2022 приступила к работе. До сих пор нигде не зафиксировано ни открытие больничного листа ни закрытие. В поликлинике N88 по адресу : ул. Генерала Симоняка, 6 моё обращение игнорировано. Что делать? Что говорить работодателю, который требует лист нетрудоспособности? Надеюсь на вашу поддержку. Спасибо."
362,Мусор,2022-02-23,"Двор завален мусором, никто не убирает. Местные дворники этому способствуют."
363,Многоквартирные дома,2022-02-23,Сбила душка от замка на двери на чердак во 2 подъезде. Дверь на чердак открыта. Фарфоровская 20
364,Дворы и территории общего пользования,2022-02-23,Парковка на пешеходном тротуаре и газоне
365,Социальное обслуживание и защита,2022-02-23,"Подавали заявление на продление социальной выплаты как малоимущие (2 ребёнка 2-х лет, родители 1 и 3 Группа инвалидности) именно на продление. Тк с рождения выплата была согласована. Выплату согласовали, но те месяца что доилось согласование и постоянно переносилось решение, а именно август-декабрь д/с не возместили. Хотя задержка не по нашей вине и говорили возместят все месяца. И в Новом году опять: выплата пришла за январь, в феврале сново ничего нет. Прошу разобраться."
366,Многоквартирные дома,2022-02-23,Система вентиляции не очищалась и не проверялась в течение 40 лет. Прошу произвести чистку системы вентиляции.
367,Медицина,2022-02-23,Не могу записаться к врачу на приём. Сайт Госуслуги выдаёт ошибку
368,Иное,2022-02-23,"ФСИН-почта очень медленно работает, я написала письмо Александру Коновалову 16.02 в 01:40, на 23:02 01:40 его до сих пор не доставили. Расцениваю этот факт как вредность со стороны администрации города за то, что Коновалов отказался исполнять незаконные постановления правительства и унижать своих клиентов проверкой куркодов 16,17,18 - будни V 19,20 - выходные 21,22 - будни V 23 - выходной За 5 рабочих дней не доставили письмо Прошу разобраться с этим ведомством."
369,Мусор,2022-02-23,Двор не убирается
370,Торговля,2022-02-23,
371,Торговля,2022-02-23,
372,Торговля,2022-02-23,
373,Телефонные обращения по вопросам здравоохранения,2022-02-23,Не дозвонился: долго (более 10 минут) ждал ответа
374,Телефонные обращения по вопросам здравоохранения,2022-02-23,Не удалось оформить электронный больничный
375,Пушкинская карта,2022-02-23,Другое
376,Телефонные обращения по вопросам здравоохранения,2022-02-23,Другое
377,Телефонные обращения по вопросам здравоохранения,2022-02-23,"Не дозвонился: оператор переадресовал звонок, но его сбросили"
378,Торговля,2022-02-23,
379,Торговля,2022-02-23,
380,Торговля,2022-02-23,
381,Портал госуслуг (Региональный),2022-02-23,
382,Торговля,2022-02-23,
383,Благоустройство,2022-02-23,"Добрый день! Когда будут убраны придворовые дороги ы кубика улице Ткачей 46, 48, 50,52 ,70, 68 и др.? Сколько можно летать?"
384,Дороги,2022-02-23,"[id153083756|Катя], вот возьмём Курортный район, снег убирают , в Выборгском нет, Показывали Ситцевую улицу, там как после взрыва, кто не убирает ? Везде есть перегибы на местах"
385,Дороги,2022-02-23,Уберите перекрёсток затрудняет движение
386,Дороги,2022-02-23,"Вот за такую ""уборку Санкт-Петербурга"" Администрация города платит Исполнителям сотни миллионов рублей. Подробности:<br>https://www.fontanka.ru/2022/02/23/70464980/"
387,Дороги,2022-02-23,"А пешеходные зоны? А вывозить то, что откололи?"
388,Благоустройство,2022-02-23,"Доброе утро , прошу срочно разобраться с комунальщиками !!!что за дела кому деньги платят за плохую работу ,на Композиторов 29 кор 3 не убирается дорога !!!бабушки падают, дети падают, из-за колдобин ,которые должны выкалывать ЛОМОМ !!!,машины царапают дно ,не выехать и буксуют постоянно, кто будет платить за испорченные машины !!!!Прошу срочно взять под ваш контроль , звонили в службы ,кормят завтраками ,ваши избиратели не знают куда уже обращаться"
389,Благоустройство,2022-02-23,"[club59565200|Петроградский район Санкт-Петербурга], Малый пр,,д<br>32.Между Красносельской и Ропшинской ул."
390,Благоустройство,2022-02-23,Ситуация не поменялась
391,Автомобильные дороги,2022-02-23,Снежная глыба почти на Чернышевской!!!
392,Дворы и территории общего пользования,2022-02-23,"Здравствуйте! В понедельник (21 февраля) я подала жалобу где рассказала о том, что в посёлке Стрельна по улице Балтийской были частично разбиты сугробы вдоль дороги и сброшены в канавы, которые служат единственным водоотводом. Эти канавы мы вынуждены чистить самостоятельно!!! 23февраля все сугробы были свалены в канаву!!!!! Ещё и утрамбованы!!! У кого хватило ума такое сделать? Чем вообще думают??? Теперь при таянии снега у нас будет подтопление находящегося в собственности земельного участка, зданий и сооружений на нем расположенных. В связи с чем прошу незамедлительно расчистить канаву забитую и утрамбованную снежными массами расположенную вдоль нашего земельного участка!!!"
393,Автомобильные дороги,2022-02-23,"Всю зиму систематически не убирался снег, не расчищались дороги и тротуары от сугробов и наледи. Невозможно ходить."
394,Автомобильные дороги,2022-02-23,"Прошу в срочном порядке произвести очистку проезжей части (дороги общего пользования) между ЖК Солнцепарк и ЖК Образцовый квартал. Текущее состояние дороги делает затруднительным безаварийное движение ТС, в том числе экстренных служб! В случае бездействия со стороны администрации Пушкинского района будут направлены жалобы в органы Прокуратуры и АП РФ."
395,Дворы и территории общего пользования,2022-02-23,"Сведения о снежном навале (""привозимый городской снег""/горы из снега, вблизи АЗС) по адресу: наб. реки Пряжки, д.7А, лит. (как некоторое продолжение/ приложение к Проблеме, опубликованной на Портале ""Наш Санкт-Петербург"", №3961528, а также дополнение к №ОБ-1397-11/22-0-0(1)."
396,Автомобильные дороги,2022-02-23,"Дорога не убирается! Один раз вчера засыпали песком, но колец такая, что машина виснут на них! Ни одного раза за зиму эта часть дороги не была убрана спецтранспортом!"
397,Автомобильные дороги,2022-02-23,"Дороги не чищены больше месяца. Чистим сами периодически, надоело"
398,Автомобильные дороги,2022-02-23,"СНТ ""Красная Заря"", (координаты: 60.116365, 30.189253) дорогу не чистят от снега. На дороге от наледи образована большая колейность. Антигололедными средствами дорога не обрабатывается."
399,Благоустройство,2022-02-23,Владимир Ушаков лучше бы дорогами занялся. Кошмар что творится во дворах Московского района!
400,Благоустройство,2022-02-23,> ['Вот так у нас посыпают тротуары 😂']
401,Дороги,2022-02-23,"Автобусная станция Ручьи. Автобусы застривают в ямах, скоро будет ни вьехать, ни выехать со станции."
402,Благоустройство,2022-02-23,"Добрый вечер! Летом 2021 года во дворе был уложен новый асфальт! При уборке льда ковшом от трактора его весь повредили. Кто за это будет отвечать?<br>Адрес : М. Захарова 16к2, фото прилагаю, и это только малая часть того ужаса, что натворили. Это ЖКС 1 Красносельского района"
403,Автомобильные дороги,2022-02-23,"Жители ЖК София устали от отписок администрации, сколько не обращались ( и на этом сайте тоже) никаких движений в сторону решения нашей проблемы не происходит. Молим о помощи! И проблема не в снеге, там под снегом нет асфальта, грунтовое покрытие с ямами еще с лета. Сейчас все усугубилось - снег, лед, ямы с водой. К дому невозможно пройти, люди падают и травмируются. Адрес : Санкт-Петербург, Южное шоссе, проезд между домами 55 к.1 и 55 к.3 ( гостевая парковка)."
404,Дороги,2022-02-23,К 2030 когда построят развязку Ш Революции Энергетиков и решат вопрос по расширению ЖД и Жд моста то скоростная трасса будет выходить сразу на набережную . Бокситогорская эт0 уже на 2035-2050
405,Дороги,2022-02-23,"Здравствуйте! Подскажите где можно увидеть список участков временных снегоприемных пунктов?<br>Кто принимает и отводит из руководителей тот или иной такой участок ?<br>Какие нормативы и чем руководствуются, чтобы их организовывают?<br>Может ли использоваться участок ЗНОП под временный снегоприемных пункт?<br>Какова дальнейшая судьба снега на участке временного снегоприемного пункта? Почему на СИСП талые вода из-под снега обрабатываются ,а на временном участке остаётся грязный снег с улиц до лета?<br>Расскажите, пожалуйста, ответы на данные вопросы. Ведь это так интересно узнать обывателю как справляется город в столь сложное время большого количества осадков"
406,Дороги,2022-02-23,"Добрый день! Я наверное не первая кто кричит по поводу переезда на Краснопутиловской улице!!! Это кошмар, уже ждем 50 минут! Это невозможно! Пробки собираютсЯ громадные. Поездов нет! Помогите решить проблему"
407,Дороги,2022-02-24,"Здравствуйте. Уточните, пожалуйста, до 1 марта будет почищена парковка вдоль Михайловской дороги?<br>Прошу вас дать название и контакты подрядчика."
408,Благоустройство,2022-02-24,Красносельский район Санкт-Петербурга ответил Евгению<br>Евгений Петров Здравствуйте! Вам отвечают из администрации Красносельского района Санкт-Петербурга. Уборка внутриквартальной территории по указанному адресу будет произведена в срок до 21.02.2022.
409,Благоустройство,2022-02-24,"вот как убрали дворы на против администрации германа 9к2.3 а 21 02 уже прошло, а главной странице все удалили"
410,Благоустройство,2022-02-24,Здравствуйте!На сегодня уборочная техника так и не появилась возле наших домов в Красном Селе.
411,Автомобильные дороги,2022-02-24,Плохая дорога от м.звёзд ная до Никольского. Плачу налоги где дороги?
412,Дороги,2022-02-24,"[club54549564|Выборгский район Санкт-Петербурга], 1)прошу указать конкретные даты и сроки ремонта ул. ТИХООКЕАНСКАЯ.<br>2) работы по уборке улицы Тихоокеанской не проводятся, не стоит имитацию называть уборкой, когда трактор просто ездит с поднятым скребком и щёткой."
413,Благоустройство,2022-02-24,"> ['#от_подписчиков\n\nЭто двор ул Шотмана дом 12 корпус 1,тоже оставляла уже четыре заявки только в феврале,вчера приехал трактор,но он снял только пригорок посреди дороги между колеями от машин и все,даже не посыпали.Еще писала дважды жалобу в Госуслуги,но воз и ныне там!\n\n💬К Вам случаем не Вовка из Тридевятого царства заглядывал?']"
414,Благоустройство,2022-02-24,"Уберите наконец парковку. Хотя бы середину. Все люди. У всех детки. Застревать каждое утро...не вьехать, не выехать.А машины ставить просто больше негде!!! Парковка по Ленинскому пр. (Д18к 1 Доблести-Ленинский )Рядом с домом Ленинмкий 67к1. Там ОДНА парковка. А везде раскопано . У вам одна единица снегоуборочной техники на весь район?!"
415,Дороги,2022-02-24,"По адресу между домами Гатчинскоге шоссе 2 и 4/1до магазина Дикси и с параллельной дороги со другой стороны дома 4/1,мне отписывались что 07.02.2022году уберут снег с дороги и пешеходной дорожек, но только по калее едут легковушки бамперами убирают снег и по пол часа не могут выехать! А ЖКХ не то что снег не могут убрать при оттепели это делается быстро, при заморозках пешеходам страшно идти-скользко, даже лёд не посыпают , А груды снега прям на пешеходных зонах, приходится выходить на проезжую часть!? Работа ни разу не проводилась по уборке территории, а квитанции приходят как будто они каждый день работали-просим выполнить работу и сделать перерасчёт за не выполненные работы!"
416,Дороги,2022-02-24,"Здравствуйте, Гатчинское шоссе 12кор 1..Очень просила убрать тротуары возле дома, все замерзло, лед"
417,Дороги,2022-02-24,"Повторяю запрос!!! Ленинский 74-76 во дворах колея, машинам не проехать!!!! Вы обещали к 21.02 разобраться с ситуацией!!!! Где техника? Почему за всю зиму не разу не чистили дворы???!!!"
418,Благоустройство,2022-02-24,"Невский район, пр пятилеток д. 3 - пер Клочков д. 12Проезжую часть вдоль тротуаров с январе не убирают. На машине уже не проехать и не припарковаться. ТСЖ готовы организовать уборку автомобилей, при оповещении за сутки. О чем не раз сообщалось в ЖКС."
419,Дороги,2022-02-24,"Ворошилова 25/1,с декабря месяца нормальная комплексная уборка не проводилась ни разу,что за безобразие?"
420,Дороги,2022-02-24,"Невский район, Бабушкина 52, 48 не убирается вообще, (земли входят в земли общего пользования, договор на уборку заключен районной администрацией с ООО ЖКС 1 Невского р-она), районная администрация не способна решить проблему:"
421,Благоустройство,2022-02-24,"Здравствуйте! Город в ледяном плену. Кто-нибудь что-нибудь делать будет или лица, отвечающие за уборку города, ждут, когда само рассосётся??? Вернее, растает, и мы все сядем в лодки. Выборгский район, территория возле администрации округа Сосновское на Есенина 7к1, Есенина 5, Сикейроса 10 (Территория прямо за ограждением всем известного ДЦ№1.) - один сплошной ледяной панцырь, ничем не посыпанный, вообще не убирающийся. Дом Сикейроса 12: пока придворовая территория не была на балансе города (порядка 20 лет), двор нормально убирался. Как только о нашем дворе «вспомнили» власти и взяли на баланс, во дворе коллапс - снег не убирается практически никак. Только раз в неделю пройдутся гастарбайтеры, в парк-тройке мест создадут видимость работ - и по-тихому сваливают. Один наш дворник добросовестно чистит пешеходные дорожки, а остальная территория - сплошной каток из бугров. Вчера была оттепель, самое время убирать оттаявшую наледь. Нет! Зачем?! Лучше прийти убирать тогда, когда всё снова замёрзнет!!! Всё, извините, через одно место!!! Нет рабочих ресурсов убирать вовремя - ну так хотя бы посыпали бы песком или солью! И плевать уже на обувь!!! Лучше испорченная обувь, чем сломанные кости. Невозможно ни ходить, ни припарковать машину из-за ледяного наста от 20 см и более. Или у травматологов мало работы?! Имея заболевание костно-мышечной системы и испытывая постоянные физические боли, я вынуждена уже который день и месяц долбить лёд, копать снег, чтобы припарковать и откопать машину. И машина для меня - не роскошь, а мои ноги и руки. НУ ЗАСТАВЬТЕ ВЫ, НАКОНЕЦ, РАБОТАТЬ ТЕХ, КТО ЗА ЭТО ДОЛЖЕН ОТВЕЧАТЬ!! ПОЖАЛУЙСТА!!! Мы ведь не глубинка какая-то, а САНКТ-ПЕТЕРБУРГ, вторая столица! Даже стыдно за наш город! Понимаю, что наверняка до Александра Дмитриевича Беглова не доходят подобные сообщения, но всё же хочется надеяться, что это не так."
422,Дворы и территории общего пользования,2022-02-24,"Очистка внутри домовой территории ул.Хошимина корпуса 1и 2, была произведена 19.02.2022г. безобразно! Часть территории не почищена вообще. Часть завалена убранным снегом. Убранный снежные глыбы были свалены на парковочные места во дворе, также свалены в гору выше двух метров в пяти метрах от дома, что весной приведет к затоплению подвала при таянии такого количества снежных масс. Голый лёд во дворах не обработан противогололедными средствами. Просим организовать уборку дворовой территории с соблюдением всех норм и требований."
423,Дороги,2022-02-24,"С одной стороны дома поковырялись, а на другую даже и не пошли!!!"
424,Дворы и территории общего пользования,2022-02-24,"Добрый день!уважаемые МО Шушары, не могли бы вы быть так любезны и убрать огромную наледь во дворе по адресу поселок Шушары Славянка Колпинское шоссе 10 корпус 4!!!!ни ходить ни ездить не возможно,местами подтаивает потом сново замерзает ,из за этого сплошные бугры.не могу понять почему в некоторых дворах убираете нормально до асфальта,а в нашем один раз убрали просто снег и все.Просьбо помочь нам в добросовестной уборке двора,а то даже реагент не кто не сыпит из рабочиш на дорогу ."
425,Благоустройство,2022-02-24,"Здравствуйте Александр Дмитриевич, помогите решить с проблему с 50 сантиметровымм глыбами льда, которые ни разу - подчеркну ""ни разу"" не убирали за всю зиму, к дому, не подойти, с коляской не заехать, люди падают. Ленсоветовский дом 21 без корпуса, это Пушкинский район. Помогите пожалуйста."
426,Благоустройство,2022-02-24,"[id437734987|Наталья], а куда вывезли Вы знаете ? В моём районе до сих пор не вывезли, и даже не убрали . А во дворах шорт-трек или плавание, в зависимости от температуры. Как думаете, если снег вывезен, может какая-то субстанция сначала замёрзнуть, потом растаять и после снова превратиться в каток ? )))"
427,Благоустройство,2022-02-24,"Здравствуйте. Было обращение от собственника проживающего по адресу прибрежная 2/41,по вопросу уборки придомовой территории, фото ответа от администрации невского района прилагаю !<br>В котором ответом следует , что состояние придомовой территории удовлетворительное !<br>Прошу заметить , что систематически не проводится уборка , на данный момент снега/льда, последний раз уборка была произведена 31 декабря под моим контролем ! Я поймала дворников , которые систематически не замечают нашу территорию !<br>жкс -1 на все заявки от собственников , отвечают что выполнены !<br>Павел Вячеславович<br>8911-111-93-47(ответственный за наш участок ) , отвечает , что подрядчик заявку выполнил !<br>Получается все заявку «выполнили «, но ходим мы по льду ! Фото прилагаю от 23 февраля !<br>Обстановку в городе все адекватно понимают , но тут уже переходит все границы , получается мы платим деньги и не получаем ничего , а подрядчик заявляет , что работы были проведены ! Во дворе напротив , обслуживаемый тоже жкс -1 , постоянно ведут уборку , а нас проходят мимо !<br>Прошу вас посодействовать решению проблемы , мы уже не знаем куда обращаться !"
428,Дворы и территории общего пользования,2022-02-24,Почему не обрабатывают наледь на дорожке
429,Дороги,2022-02-24,"[id25317327|Наталья], Поддерживаю!!! Уточню адрес сьемки для администрации Выборгского района. п. Парголово ул Тихоокеанская д18 к1. Заезд во двор, подьезд к дому по адресу ул Тихоокеанская д18 к2 стр 1, со стороны ул. Первого Мая, в таком же отвратительном состоянии!!!! Уважаемая Администрация Выборгского района, вы считаете это безопасные и качественные автомобильные дороги????"
430,Благоустройство,2022-02-24,"Ранее я писала обращение 174963796 от 03.02.2022 в котором сообщала об ужасном состоянии въезда во двор, который по причине ремонта теплотрассы на Омской ул. остался единственным въездом во двор. При этом в данном дворе находится прокуратура Приморского района и поэтому этим въездом очень активно пользуются не только жители дома. Управляющая компания насыпала песка после моего обращения. Но насыпала его только на половину дороги, на всю дорогу не хватило. При этом песок практически сразу ушёл вместе со снегом и дорога всё хуже и хуже с каждым днем. Следующим шагом я буду агитировать жителей дома обращаться за взысканием ущерба нашим автомобилям из-за такой вот дороги и бездействия со стороны администрации по принуждению управляющей компании и привести възд в надлежащий вид. Песком там не спасти ситуацию! Прилагаю фото на сегодняшний день."
431,Благоустройство,2022-02-24,Множественные ямы на внутри дворовой дороге от дома 28 до дома 24 по по. Славы
432,Дворы и территории общего пользования,2022-02-24,"На внутри дворовой дороге по пр. Славы д. 24 ямы, одна в начале дома, другая в конце когда машины припаркованы нет возможности объехать и машина колёсами попадает в яму. Ямы глубокие."
433,Дворы и территории общего пользования,2022-02-24,"Всю зиму тут яма, в которой все застревают, я сломал один раз бампер, а сегодня я разбил радиатор масляный охлаждениях двигателя! И машину увёз на эвакуаторе! Кто мне выплатить деньги за ремонт!? Почему управляющая компания ничего не делает с этой ямой"
434,Благоустройство,2022-02-24,"Добрый вечер. Повторно обращаюсь в вам с просьбой помочь решить вопрос с очисткой от снега и наледи в дворовых подьездах в Красном селе на улице Освобождения. Наш дом 33к2. Должны убирать жкс красносельского района. Ничего не убрали а теперь образовалась колея через которую можно проехать только на внедорожнике.<br>Мне приходится оставлять машину через три дома от своего так как не проехать. Колея и ледяные ямы по 30- 40см. Машина садится на днище, царапает его. Почему не могут убрать наледь? Я оставлял заявки в 004 и диспетчерскую жкс. Ничего не делают. А машины потом свои жителям ремонтировать? <br>Помогите пожалуйста решить эту проблему."
435,Благоустройство,2022-02-24,"Хотя бы песком лёд посыпали, из дворы на ул. Бабушкина, 63, на ул.Бабушкина не выйти."
436,Дороги,2022-02-24,"Здравствуйте, Александр Дмитриевич! Дворовые проезды и территория по адресу ул. Дыбенко 27-3 и близлежащем радиусе находятся в ужасном состоянии. Снег не убирался с начала зимы, сначала образовалась коллейность на самом не убранном снегу, теперь после оттепели подтаявший неубранный снег замёрз и образовался гололёд на рельефной поверхности. Помимо риска для автомобилей получить ущерб зацепившись дном о неровную поверхность и непроизвольному скатыванию в колею или из неё, риску для здоровья и жизни подвергаются пешеходы, которые не имеют возможности обойти проезды, т.к. все завалено замерзшими сугробами, вынуждены двигаться по вышеупомянутым заледенелым рельефным проездам рискуя поскользнуться на бугристой скользкой и жесткой поверхности и получить серьезные травмы. При проезде на данном участке автомобиля и движении пешехода, места разойтись практически нет, что также становится небезопасным. Прошу Вас принять меры"
437,Дороги,2022-02-24,Дорога льдом покрыта
438,Дороги,2022-02-24,"Народная и Новосёлов в Невском районе как были в ужасном состоянии во дворах, так и есть, как и весь Невский район. И каждый день люди возмущаются и пишут, но всем наплевать на него. https://vk.com/wall-202502317_15162. Дорога по Новосёлов к ЖЭС N 5 в безобразнейшем состоянии, а проход к детскому саду за ЖЭС и школе вообще как катакомбы. Там только альпинисты могут ходить, а не дети с родителями. За всю зиму кошмарный проход весь в ямах, лужах по колено к садику и гололед, ни разу не сыпали и не убирали"
439,Дороги,2022-02-24,"Доброе утро,господин губернатор! Извините за такой вопрос, а у Вас около дома такая же ситуация? Это во дворе Евдокима Огнева 22, а это со стороны улицы этого же дома. Может Вашим помощникам наша жилконтора даст ответ, почему такая разница в очистке территории около одного дома. Заранее огромное спасибо. С уважением, Душкина Наталья Владимировна."
440,Дороги,2022-02-24,"Александр Дмитриевич, здравствуйте, помогите нам пожалуйста, мы родители детей, которые посещают коррекционную школу 34 Невского района на улице Шотмана. Дело в том, что нам и детям сложно не только под'ехать, но и подойти к учебному заведению, перед нами большая колея на дороге и лёд, приходится в прямом смысле "" отпрыгивать "" с наляди на ледовую обочину, если едит авто, но и для машины проезд весьма затруднительные. Помогите пожалуйста, на нашу просьбу нет отклика!"
441,Дороги,2022-02-24,"Ни один террорист не подойдет к нашем домам - Администрация Невского района заботится, чтобы мы жили как в осаде : территория двора покрыта слоем льда, уборка не осуществляется. (Большая просьба не выражать ""беспокойство"" - я и так в курсе, что к апрелю ситуация уже не будет вызывать ""беспокойство"")."
442,Дороги,2022-02-24,"Здравствуйте.<br>Пожалуйста 🙏🙏🙏 повлияйте на уборку этих ледовых глыб во внутреннем дворе дома Искровский проспект 6 корп 5 (1 подъезд) , между домом 6 корп. 4.<br>Нам трудно выйти из подъезда. От двери уклон к дороге, который в голом льду, даже не посыпан песком. Спуститься с тротуара от подъезда на дорогу, это как в рулетке, повезёт,не упадёшь, не повезёт, увы 😒<br>Мама старается вообще не выходить из дома.<br>Я с коляской не могу через колею проехать. Это все глыбы высотой 20-30 см. На машине на Припарковатся без посторонней помощи."
443,Благоустройство,2022-02-24,
444,Дворы и территории общего пользования,2022-02-24,"Придомовая территория не очищается ото льда, очень скользко и опасно ходить. Из-за льда и выбитых машинами колей к подъездам даже скорой не добраться. УК мер не принимает."
445,Дворы и территории общего пользования,2022-02-24,"Просим убрать придомовую территорию от наледей. За время этой снежной зимы наш двор убирали ОДИН раз. Или в конце ноября или в начале декабря. Противогол. реагенты не использовались. Образовались огромные наледи. 10 февраля к нашей радости появились дворники и мини трактор. Мини трактор через 10 минут уехал, т.к. с наледями он справиться не мог. 4 дворника напротив 9 подъезда скалывали наледи вручную. 2 дворника ушли через два часа после начала работы, остальные два еще через два часа. Автомобилисты жалуются на поврежденные бамперы при въезде на парковку. Во дворе 4 офиц. парковки. В ЖКС№3 звонила, но там не в курсе кто и где убирает. По тел 409-73-78 ответили, что моя жалоба ко мне и вернется. Председатель ЖСК1180 Забашта Татьяна Александровна"
446,Дворы и территории общего пользования,2022-02-24,"Во дворе улицы добровольцев 48 , 48/2 везде лёд. Невозможно проехать на машине. Машины трутся дном о лёд. Люди передвигаются еле еле, были случаи падения и переломов. Управляющая компания не реагирует на заявки"
447,Дворы и территории общего пользования,2022-02-24,"Голый лед вдоль домов 20-40 по Ярославскому пр, тротуар ближе к четной стороне домов. ГУП РЭП Прогресс сообщает, что это не их зона ответственности. Дворник только возле парадной посыпает песком. Данная ситуация ВСЮ зиму, 23.02 не звонили, так как праздник, 24.02 звонили по 04 и оформили заявку"
448,Дворы и территории общего пользования,2022-02-24,"Повторно. Не убирается территория вокруг. Дома. Убрали снег у дома 38, кор. 5, по пр.Большевиков., свалив грязный снег на газон. У дома 38к2 по. Пр. Большевиков так ничего и не убирали."
449,Благоустройство,2022-02-24,"Народная 16, во дворе не проехать на седане из-за льда. В ЖКС обращались, «результат» на фото"
450,Благоустройство,2022-02-24,"Нет слов! Из-за некачественной уборки нашего двора застряла пожарная машина! Уже 40 минут буксует. Вышли жители, пытаются помочь, но бесполезно. Тихоокеанская 1 корпус 1 строение 1.<br>Видео от Юлии Поповой"
451,Благоустройство,2022-02-24,"[club54549564|Выборгский район Санкт-Петербурга],<br>VID_20220224_214134.mp4"
452,Благоустройство,2022-02-24,"Попробовала, не действует. Адрес прежний, Гражданский 105 к. 1 вдоль дома ходить опасно"
453,Дворы и территории общего пользования,2022-02-24,"На сегодняшний день (24 февраля 2021г) на въезде к ЖК ""Ландыши ( проспект Маршала Блюхера 7 к3 ) со стороны пр. Полюстровский обнаружены 3 ямы , размеры которых превышают предельно допустимые размеры. В соответствии с ГОСТ Р 50597-93 эти повреждения опасны для водителей и пешеходов. Несколько ям залиты водой и тем самым не возможно точно замерить размеры ям , но глубина этих ям намного больше 5см. Прошу принять меры."
454,Дворы и территории общего пользования,2022-02-24,"В асфальте на проезде возле торца дома по Науки .26, огромные ямы"
455,Дороги,2022-02-24,"Здравствуйте,просьба ознакомиться.<br>> ['На жителей жилого комплекса [club159106825|ЖК ЦДС Московский] никто не обращает внимания. https://t.me/cdsmoskovskiy\nЛюди уже 2 года живут с одной дорогой, закрытой железной дорогой. \nЧасто поезда встают по 30-40 минут и появляются пробки на Пулковском шоссе, взрослым и детям приходится пролезать под поездами что бы не опоздать на работу, в школу и детские сады. \nЕдинственная дорога вся в ямах и в лужах.Водители портят свои машины \nДорога до Среднерогатской по грязи и так же через железную дорогу.\nБлижайшая остановка 20 мин пешком.\nВот такие объекты строит [club94711474|Группа ЦДС]\n[club176831236|Комитет по развитию транспортной инфраструктуры] обещает отремонтировать дорогу к середине апреля. Мы жители понимаем что надо предпринять временные меры что бы данная дорога дотянула до апреля. \n[id535438957|Александр] [club157419025|Московский район Санкт-Петербурга] [id571966662|Владимир Ушаков] помогите пожалуйста данному ЖК.\nЗа сюжет спасибо ""Невские новости"" \n\n#нашсамсон #средняярогатка #самсон #московскийрайон #полис #поликлиника #поликлиникаполис #поликлиникасредняярогатка #новаяклиникасамсон #среднерогатская #дунайский #жк #ЖКТриумф #ЖКМосковский #жкжизнь #жкдвестолицы #жкцдсмосковский #ЖКПулковский #ЖККрылья #жкПулковскийпосад #жк4you #жклетний #жкоазис #жкgreentower #жкsalut! \n#звездная #московская #средняярогатка #спб #цдс #цдсМосковский']"
456,Дворы и территории общего пользования,2022-02-24,"Уже много обращений на тему брошенной дороги. Вопрос так и не решен, участок дороги не обслуживается. Ежедневно на участке застревает автотранспорт, о безопасности не идёт речь вовсе. Можно уже за много лет решить кто будет отвечать за плохое состояние дорог?"
457,Дворы и территории общего пользования,2022-02-24,"Здравствуйте. Беспокоит состояние дорог территории на улице Червонного Казачества д. 4-6-8: уже который год наблюдаем их плачевное состояние, затрудняющее движение машин, пожилых и родителей с колясками. Просим активно принять меры по ремонту. По необходимости могу приложить фотографии."
458,Автомобильные дороги,2022-02-24,"Глубокая ""большая"" яма по центру дороги"
459,Автомобильные дороги,2022-02-24,Очень глубокие и опасные ямы на Карбышева. От BP до ж/д моста.
460,Автомобильные дороги,2022-02-24,"Ужасное состояние Шафировского проспекта, а также всего Индустриального проспекта, сплошь колейность и большие ямы, причем по всей его протяженности! С такими ямами большая вероятность ДТП и поломки авто. Прошу сообщить о сроках ремонта в установленные законом сроки."
461,Автомобильные дороги,2022-02-24,Отсутствует твердое покрытие на улице Тбилисской. Грунт разбивается автомобилями.
462,Общественный транспорт,2022-02-24,"Добрый день. Подготовил документ с маршрутом моего движения на автотранспорте по территории промышленной площадки, бывшая территория Ижорских заводов. Пользовался онлайн картой: Яндекс Карты. Красной линией отмечен маршрут движения. На данном маршруте требует особого внимания состояние дорожного покрытие, а именно многочисленное наличие ям, больших и огромных ям, выбоин и неровностей. В неудовлетворительном состоянии ж\д переезды, пешеходные переходы. Также внимание требует площадка у проходной КСМ, выделена на карте красным квадратом."
463,Автомобильные дороги,2022-02-24,"Ямы на проезжей части дороги на наб. Смоленки (от ул. Уральская до наб. Макарова), г. Санкт-Петербург"
464,Автомобильные дороги,2022-02-24,Большая яма поперёк дороги.
465,Благоустройство,2022-02-24,"> ['Здравствуйте уважаемые соседи. Живу на Энергетиков в 60х домах с рождения более 40 лет. Первый раз такая зад...а (простите).Куда ещё обращаться не знаю, писали и в администрацию района и т.д. Дело в асфальте ( вернее в его отсутствии). От шоссе Революции в сторону Блюхера, и далее по Бестужевской улице жуткие ямы в неимоверном количестве, это ещё снег не сошел, весной будет только хуже. Кладут периодически заплатки, которых хватает на месяц. За последние уже лет 20 новый асфальт полностью помоему не клали. 2,3 раза в неделю люди теряют в ямах пружины, колёса и т.д.\n\nОт подписчика: Андрея Б.']"
466,Дворы и территории общего пользования,2022-02-24,"Провал асфальта, в темноте легко попасть в яму"
467,Мусор,2022-02-24,"Здравствуйте! Прошу убрать мусор вокруг стояночных комплексов по улице Есенина, 23/2"
468,Дороги,2022-02-24,Добрый день. Похоже очередь до нас ещё не дошла. Снежная каша с водой превратилась в лёд. Ходит по нему не возможно. Ждём уборку льда по моему сообщению выше. Спасибо.
469,Дороги,2022-02-24,Сообщение без текста
470,Благоустройство,2022-02-24,"Невозможно ходить, когда закончится этот беспредел? Калининский район"
471,Благоустройство,2022-02-24,"Уборкой пешеходной дорожки займитесь!<br>Между д.36к3 Новоизмайловский и д.45к4 Варшавская.<br>С пешеходной дорожки 3 неделю не убран притоптаный снег, превратившийся в наледь. Ледяные кочки на дорожке"
472,Благоустройство,2022-02-24,"Скажите, пожалуйста, по такому можно ходить? Просвещения 15<br>Оставлял заявку на спйте мой Санкт-Петербург номер 4072095.в ответ нагло пишут, что все убрали"
473,Дороги,2022-02-24,"Добрый день. Временным складированием тут и не пахнет! Мало того, что мы ночами вынуждены слушать грохот самосвалов и НЕ СПАСТЬ на протяжении 2 месяцев,так они ещё и тротуар завалили. Люди ходят по проезжей части. Беспредел уже этот достал!!!!! Законы дейсвуют только на бумажках!"
474,Дороги,2022-02-24,"На фото пешеходный переход на улице Бухарестская, Альпийский переулок. Чтобы нажать кнопку светофора, необходимо вскорабкаться на горку, что изо льда вокруг столба. Интересно, все пешеходы на это способны?"
475,Дворы и территории общего пользования,2022-02-24,"Была произведена уборка улиц от снега, все сложили в одну кучу. Также убирали снег возле школы и поликлиники, снег также вывезли в эту кучу. Просьба убрать."
476,Автомобильные дороги,2022-02-24,Требуется Уборка льда по всему тротуару по Ул Менделеевская
477,Автомобильные дороги,2022-02-24,"Пешеходы, проходя по тротуару от монастырского моста по пр.Обуховской Обороны в сторону шлисельбургского моста слабо защищены от брызг проезжающего транспорта по время паводков и таяния снега. К тому же после ремонта сделали тротуар слишком узким, в результате пешеходам почти не возможно скрыться от брызг. Единственное место, где есть защита это надземный пешеходный переход у заправочной станции и часть тротуара около неё. По части дороги вдоль Лавры есть два места, где собираются лужи и не все водители снижают скорость."
478,Дворы и территории общего пользования,2022-02-24,"Добрый вечер. Прошу обратить внимание на ситуацию с дорогами и внутридворовыми территориями в ЖК Ладожский парк. Колейность, наледь не дает возможности нормально проехать и припарковать автомобили, систематически возникают аварийные ситуации. Пожилые дети, маленькие дети и мамы с колясками лишены возможности нормально передвигаться на территории жилого комплекса. Из трех очередей нормально вычистили только одну из них. На территории между домамиВорошилова 25/2, 27/1, 27/2 , 29/1 не очистили вообще."
479,Дороги,2022-02-24,"Нужен тягач, если и он не увязнет"
480,Дороги,2022-02-24,"[club54549564|Выборгский район Санкт-Петербурга], вот такая сейчас дорога"
481,Дороги,2022-02-24,"Здравствуйте, Александр Дмитриевич, прошу вас разобраться с въездом во двор ул. Верхне-Каменская, д.7 к.1. Двор глухой, заезд и выезд только один, который ни кто не чистит, так как ни администрация приморского района, ни застройщик не признает это своей территорией. На данный момент колея из льда составляет 15 сантиметров, дорога аварийная, а другой дороги просто нет. Время выезда со двора составляет от 10-30 минут. Мы все жители дома очень просим Вас помочь разобраться в этом вопросе."
482,Дворы и территории общего пользования,2022-02-24,"Во дворе корпуса 4 дома по ул Планерная 73, да и в соседних дворах тоже, невозможно проехать, наледь и колея очень высокие, никто не производит уборку начиная с начала этого года. Легковые автомобили не могут проехать, садятся на днище. Пенсионеры не могут пройти. Просьба в кратчайшие сроки очистить проезжую часть внутридворовой территории."
483,Дворы и территории общего пользования,2022-02-24,Наледь на проезжей части. Заносит ТС. Риск ДТП по причине не надлежащей уборки. Заранее спасибо
484,Благоустройство,2022-02-24,Сообщение без текста
485,Дворы и территории общего пользования,2022-02-24,"пос Шушары (тер. Славянка) Ростовская ул 26к2 Во дворе невозможно ездить. Колея все выше и выше. Я уже чиркаю днищем об лед просто двигаясь по двору, не говорю уже о парковке. Звонки в УК и в Благоустройство не дают мне никакого ответа. Либо это не их проблема, либо просто никто не отвечает."
486,Дворы и территории общего пользования,2022-02-24,"Не убрана проезжая часть возле дома и внутри двора, в итоге образовалась большая колея, не заехать и не припарковать автотранспортное средство"
487,Автомобильные дороги,2022-02-24,Большая наледь на дороге и машинам сложно выехать
488,Автомобильные дороги,2022-02-24,Лёд на дороге! Необходимо устранить!
489,Дворы и территории общего пользования,2022-02-24,"Глубочайшие выбоины и надолбы изо льда! Глубиной до 40 см! Не знаю как машинам, но для пешеходов катастрофа! Все падают! Требуется очистка мощным грейдером (тяжелым трактором)!"
490,Благоустройство,2022-02-24,"Добрый день. Хотелось бы обратить внимание на состояние дорог в ЖК Ладожский парк. Дело в том, что на дорогах ледяная колея, машины невозможно припарковать, постоянно аварийная ситуация. Очень скользко пешеходы и мамы с детскими колясками и детками систематически падают. В одной из очереди жилого комплекса очистили дорогу, а на территории между домами 25/2, 27 и 29 ничего не делали и не делается по сей день."
491,Благоустройство,2022-02-24,Здравствуйте<br>Переулок декабристов д 8<br>Прилагаю фото
492,Благоустройство,2022-02-24,"с 01.12.2021 - по сегодняшний день (24.02.2022) не производится уборка дворовой територии, а также автомобильных проездов по адресу улица Джона Рида дом 7 корпус 3. На единственном(!!!) проезде к дому образовались огромные колеи, которые заполнены водой по щиколотку, наледь и слежавшийся снег образуют непроходимые брустверы между тротуаром и проездом, а также грязными кучами снега покрыта вся территория двора! После неоднократных обращений в различные ответственные инстанции уборка так и не была произведена. Просим немедленно произвести работы по уборке на указанной территории, из-за заполненного наледью снегом и водой проезда к дому затруднен проезд скорой помощи, пожарной машины, социального такси!"
493,Дороги,2022-02-24,Добрый день! Примите заявку. На трамвайных путях Бухарестской улицы около метро пр. Славы не подойти к светофору
494,Дороги,2022-02-24,Здравствуйте<br>21.02.2022 мной была сделана заявка на уборку наледи дорожного покрытия<br>По телефону который вы указали выше +78122423604<br>Заявка номер 424 приняла оператор Торкина Елена Геннадьевна.<br>До сих пор нет реагирования и отработки заявки.
495,Дороги,2022-02-24,"Доброе утро. 10 дней не могу добиться от местной администрации, чтобы привели в порядок внутриквартальных территорию на проспекте Луначарского д. 70 к.1. Она соединяется с Поэтическим бульваром. Я с ребенком- инвалидом хожу в школу по этой дороге. Сначала мы ходили по щиколотку в снежной жиже,а теперь по голому льду. Песка эта дорога не видела всю зиму. Дорога ведёт к двум поликлиникам и двум школам."
496,Дворы и территории общего пользования,2022-02-24,"Добрый день. Требую убрать лед с тратуаров вдоль школы №376 и школы № 544 Московского р-на и дома проезд 5-й Предпортовый д. 6, к.4, так как ОПАСНО везти детей в школы! Втюрин Роман Леонидович 89117453366 проезд 5-й Предпортовый, дом 12, к.1, кв.511"
497,Дороги,2022-02-24,"Администрации города, Администрации Калининского района!!!!<br>Просим Вас воздействовать на бездействие Комитета по благоустройству.<br>Уборка тротуаров на Кондратьевском пр.<br>От дома 13 до дома 17 - непроходимый тротуар, то вода по щиколотку, сейчас сплошной лёд!!!!!!!!!!!"
498,Дороги,2022-02-24,"И хочу еще написать о площади МУЖЕСТВА...ТАМ ТОЖЕ КАТОК.ПРАВДА ТОЛЬКО КУСОЧИК У ВХОДА И ВЫХОДА ИЗ МЕТРО УБРАНО.<br>А ДАЛЬШЕ...ЧЬЯ ТЕРИТОРИЯ.<br>МЫ ХОТИМ ХОДИТЬ НОРМАЛЬНО, А НЕ ПЕРЕЖ ВАТЬ ЗА СВОЮ ЖИЗНЬ"
499,Дороги,2022-02-24,Доброе утро. Манчестерская ул от пр Энгельса до пр М Тореза тратуар ВООБЩЕ НЕ УБРАН ХОДИТЬ ПРОСТО ОПАСНО ЭТО ЧТО ВООБЩЕ ТАКОЕ?????!!!!!!! Это только часть фото доржка ТАКАЯ СКОЛЬЗКАЯ ЭТО ПРОСТО ОПАСНО
