Unnamed: 0,Направление,Дата создания,Текст,appeal_id,raw_text,clean_text,text_tokens,text_lemmatized_tokens,text_lem,text_length,emotion_score,urgency_flag,date_norm,address_norm,category_norm,source_text_column,source_date_column,source_address_column,source_category_column
0,Благоустройство,2022-02-23,"Судя по состоянию дворов Центрального района вы все уехали в Донбасс благоустройством заниматься...<br>Вот они обрадуются, когда узнают до какого состояния свои дворы довели, прежде чем со своей помощью приехать... Да вас поганой метлой погонят!",appeal_000000,"Судя по состоянию дворов Центрального района вы все уехали в Донбасс благоустройством заниматься...<br>Вот они обрадуются, когда узнают до какого состояния свои дворы довели, прежде чем со своей помощью приехать... Да вас поганой метлой погонят!","Судя по состоянию дворов Центрального района вы все уехали в Донбасс благоустройством заниматься... Вот они обрадуются, когда узнают до какого состояния свои дворы довели, прежде чем со своей помощью приехать... Да вас поганой метлой погонят!","['судя', 'состоянию', 'дворов', 'центрального', 'района', 'все', 'уехали', 'донбасс', 'благоустройством', 'заниматься', 'вот', 'они', 'обрадуются', 'когда', 'узнают', 'какого', 'состояния', 'свои', 'дворы', 'довели', 'прежде', 'чем', 'своей', 'помощью', 'приехать', 'вас', 'поганой', 'метлой', 'погонят']","['судить', 'состояние', 'двор', 'центральный', 'уехать', 'донбасс', 'благоустройство', 'заниматься', 'они', 'обрадоваться', 'узнавать', 'какой', 'состояние', 'свой', 'двор', 'довести', 'прежде', 'чем', 'свой', 'помощь', 'приехать', 'поганый', 'метла', 'погнать']",судить состояние двор центральный уехать донбасс благоустройство заниматься они обрадоваться узнавать какой состояние свой двор довести прежде чем свой помощь приехать поганый метла погнать,242,0.1,False,2022-02-23,,Благоустройство,Текст,Дата создания,,Направление
1,Благоустройство,2022-02-23,"А вот во дворе нашего дома не убирали снег ни разу, Энгельса 126 корпус 3😡",appeal_000001,"А вот во дворе нашего дома не убирали снег ни разу, Энгельса 126 корпус 3😡","А вот во дворе нашего дома не убирали снег ни разу, Энгельса 126 корпус 3","['вот', 'дворе', 'нашего', 'дома', 'убирали', 'снег', 'разу', 'энгельса', '126', 'корпус', '3']","['двор', 'наш', 'дом', 'убирать', 'снег', 'раз', 'энгельс', '126', 'корпус']",двор наш дом убирать снег раз энгельс 126 корпус,73,0.0,False,2022-02-23,Энгельса 126 корпус 3,Благоустройство,Текст,Дата создания,,Направление
2,Благоустройство,2022-02-23,"Неужели не будет порядка? Воду откачали. Она собирается снова и никуда не уходит. Куда ещё писать ?В прокуратуру ? На бездействие всех веток власти? Как говорится, сравните было и стало. То есть даже губернатор ничего не может сделать...",appeal_000002,"Неужели не будет порядка? Воду откачали. Она собирается снова и никуда не уходит. Куда ещё писать ?В прокуратуру ? На бездействие всех веток власти? Как говорится, сравните было и стало. То есть даже губернатор ничего не может сделать...","Неужели не будет порядка? Воду откачали. Она собирается снова и никуда не уходит. Куда еще писать ?В прокуратуру ? На бездействие всех веток власти? Как говорится, сравните было и стало. То есть даже губернатор ничего не может сделать...","['неужели', 'будет', 'порядка', 'воду', 'откачали', 'она', 'собирается', 'снова', 'никуда', 'уходит', 'куда', 'еще', 'писать', 'прокуратуру', 'бездействие', 'всех', 'веток', 'власти', 'как', 'говорится', 'сравните', 'было', 'стало', 'есть', 'даже', 'губернатор', 'ничего', 'может', 'сделать']","['неужели', 'порядок', 'вода', 'откачать', 'собираться', 'снова', 'никуда', 'уходить', 'куда', 'писать', 'прокуратура', 'бездействие', 'весь', 'ветка', 'власть', 'говориться', 'сравнить', 'стать', 'есть', 'губернатор', 'ничего', 'мочь', 'сделать']",неужели порядок вода откачать собираться снова никуда уходить куда писать прокуратура бездействие весь ветка власть говориться сравнить стать есть губернатор ничего мочь сделать,237,0.2,False,2022-02-23,,Благоустройство,Текст,Дата создания,,Направление
3,Благоустройство,2022-02-23,"Елизарова 31 3, 35, 37 Вообще ничего не убирается. Один сплошной лёд и лужи, на машине не проехать даже, не то что пешком пройти. За всю зиму 2 раза трактор проходил.",appeal_000003,"Елизарова 31 3, 35, 37 Вообще ничего не убирается. Один сплошной лёд и лужи, на машине не проехать даже, не то что пешком пройти. За всю зиму 2 раза трактор проходил.","Елизарова 31 3, 35, 37 Вообще ничего не убирается. Один сплошной лед и лужи, на машине не проехать даже, не то что пешком пройти. За всю зиму 2 раза трактор проходил.","['елизарова', '31', '3', '35', '37', 'вообще', 'ничего', 'убирается', 'один', 'сплошной', 'лед', 'лужи', 'машине', 'проехать', 'даже', 'что', 'пешком', 'пройти', 'всю', 'зиму', '2', 'раза', 'трактор', 'проходил']","['елизаров', 'вообще', 'ничего', 'убираться', 'один', 'сплошной', 'лёд', 'лужа', 'машина', 'проехать', 'пешком', 'пройти', 'весь', 'зима', 'раз', 'трактор', 'проходить']",елизаров вообще ничего убираться один сплошной лёд лужа машина проехать пешком пройти весь зима раз трактор проходить,166,0.0,False,2022-02-23,Елизарова 31,Благоустройство,Текст,Дата создания,,Направление
4,Благоустройство,2022-02-23,"Добрый день! Во дворе дома по улице Евдокима Огнева 22 огромная колейность, людям и машинам тяжело идти и проезжать, голый лёд по которому невозможно ходить. Прошу принять меры по этому вопросу",appeal_000004,"Добрый день! Во дворе дома по улице Евдокима Огнева 22 огромная колейность, людям и машинам тяжело идти и проезжать, голый лёд по которому невозможно ходить. Прошу принять меры по этому вопросу","Добрый день! Во дворе дома по улице Евдокима Огнева 22 огромная колейность, людям и машинам тяжело идти и проезжать, голый лед по которому невозможно ходить. Прошу принять меры по этому вопросу","['добрый', 'день', 'дворе', 'дома', 'улице', 'евдокима', 'огнева', '22', 'огромная', 'колейность', 'людям', 'машинам', 'тяжело', 'идти', 'проезжать', 'голый', 'лед', 'которому', 'невозможно', 'ходить', 'прошу', 'принять', 'меры', 'этому', 'вопросу']","['двор', 'дом', 'улица', 'евдоким', 'огнев', 'огромный', 'колейность', 'человек', 'машина', 'тяжело', 'идти', 'проезжать', 'голый', 'лёд', 'который', 'невозможно', 'ходить', 'принять']",двор дом улица евдоким огнев огромный колейность человек машина тяжело идти проезжать голый лёд который невозможно ходить принять,193,0.3,False,2022-02-23,улице Евдокима Огнева 22,Благоустройство,Текст,Дата создания,,Направление
5,Благоустройство,2022-02-23,"Здравствуйте. Извините за беспокойство. Звонил много раз по телефону 004, жаловался на отвратительную уборку снега во дворе по улице Кржижановского 5/4 . Начал жаловаться давно- но реакций никаких нет, в одной из последних была подмена адреса, убрали другой, который тоже, конечно, нуждался в очищении от калии, льда. До сих пор никаких реакций нет",appeal_000005,"Здравствуйте. Извините за беспокойство. Звонил много раз по телефону 004, жаловался на отвратительную уборку снега во дворе по улице Кржижановского 5/4 . Начал жаловаться давно- но реакций никаких нет, в одной из последних была подмена адреса, убрали другой, который тоже, конечно, нуждался в очищении от калии, льда. До сих пор никаких реакций нет","Здравствуйте. Извините за беспокойство. Звонил много раз по телефону 004, жаловался на отвратительную уборку снега во дворе по улице Кржижановского 5/4 . Начал жаловаться давно- но реакций никаких нет, в одной из последних была подмена адреса, убрали другой, который тоже, конечно, нуждался в очищении от калии, льда. До сих пор никаких реакций нет","['здравствуйте', 'извините', 'беспокойство', 'звонил', 'много', 'раз', 'телефону', '004', 'жаловался', 'отвратительную', 'уборку', 'снега', 'дворе', 'улице', 'кржижановского', '5', '4', 'начал', 'жаловаться', 'давно-', 'реакций', 'никаких', 'нет', 'одной', 'последних', 'была', 'подмена', 'адреса', 'убрали', 'другой', 'который', 'тоже', 'конечно', 'нуждался', 'очищении', 'калии', 'льда', 'сих', 'пор', 'никаких', 'реакций', 'нет']","['извинить', 'беспокойство', 'звонить', 'много', 'раз', 'телефон', '004', 'жаловаться', 'отвратительный', 'уборка', 'снег', 'двор', 'улица', 'кржижановский', 'начать', 'жаловаться', 'давно-', 'реакция', 'никакой', 'один', 'последний', 'подмена', 'адрес', 'убрать', 'другой', 'который', 'тоже', 'конечно', 'нуждаться', 'очищение', 'калия', 'лёд', 'сей', 'пора', 'никакой', 'реакция']",извинить беспокойство звонить много раз телефон 004 жаловаться отвратительный уборка снег двор улица кржижановский начать жаловаться давно- реакция никакой один последний подмена адрес убрать другой который тоже конечно нуждаться очищение калия лёд сей пора никакой реакция,348,0.0,False,2022-02-23,раз по телефону 004,Благоустройство,Текст,Дата создания,,Направление
6,Благоустройство,2022-02-23,"[club82032767|Невский район Санкт-Петербурга] как людям пробираться к своим подъездам🤦‍♀️ Кто контролирует работу, за что люди платят, дворники перестали существовать🤦‍♀️",appeal_000006,"[club82032767|Невский район Санкт-Петербурга] как людям пробираться к своим подъездам🤦‍♀️ Кто контролирует работу, за что люди платят, дворники перестали существовать🤦‍♀️","club82032767 Невский район Санкт-Петербурга как людям пробираться к своим подъездам Кто контролирует работу, за что люди платят, дворники перестали существовать","['club', '82032767', 'невский', 'район', 'санкт-петербурга', 'как', 'людям', 'пробираться', 'своим', 'подъездам', 'кто', 'контролирует', 'работу', 'что', 'люди', 'платят', 'дворники', 'перестали', 'существовать']","['club', '82032767', 'невский', 'санкт-петербург', 'человек', 'пробираться', 'свой', 'подъезд', 'кто', 'контролировать', 'работа', 'человек', 'платить', 'дворник', 'перестать', 'существовать']",club 82032767 невский санкт-петербург человек пробираться свой подъезд кто контролировать работа человек платить дворник перестать существовать,160,0.0,False,2022-02-23,,Благоустройство,Текст,Дата создания,,Направление
7,Благоустройство,2022-02-23,"Здравствуйте!Когда начнут убирать дворы?Машинам не проехать,застревают и заносит,люди идут падают,все в буграх ледяных,на дороге возле дома страшная колея.Почему такое наплевательское отношение в этом году к уборке всего города и дворов в целом.Улицы убрали снаружи дворов,а внутри ужас что творится,коммунальщикам плевать,ни одного дворника и техники во дворе нет.Прошу решить этот вопрос.Прилагаю фотографии двора на улице Шотмана дом 14.",appeal_000007,"Здравствуйте!Когда начнут убирать дворы?Машинам не проехать,застревают и заносит,люди идут падают,все в буграх ледяных,на дороге возле дома страшная колея.Почему такое наплевательское отношение в этом году к уборке всего города и дворов в целом.Улицы убрали снаружи дворов,а внутри ужас что творится,коммунальщикам плевать,ни одного дворника и техники во дворе нет.Прошу решить этот вопрос.Прилагаю фотографии двора на улице Шотмана дом 14.","Здравствуйте!Когда начнут убирать дворы?Машинам не проехать,застревают и заносит,люди идут падают,все в буграх ледяных,на дороге возле дома страшная колея.Почему такое наплевательское отношение в этом году к уборке всего города и дворов в целом.Улицы убрали снаружи дворов,а внутри ужас что творится,коммунальщикам плевать,ни одного дворника и техники во дворе нет.Прошу решить этот вопрос.Прилагаю фотографии двора на улице Шотмана дом 14.","['здравствуйте', 'когда', 'начнут', 'убирать', 'дворы', 'машинам', 'проехать', 'застревают', 'заносит', 'люди', 'идут', 'падают', 'все', 'буграх', 'ледяных', 'дороге', 'возле', 'дома', 'страшная', 'колея', 'почему', 'такое', 'наплевательское', 'отношение', 'этом', 'году', 'уборке', 'всего', 'города', 'дворов', 'целом', 'улицы', 'убрали', 'снаружи', 'дворов', 'внутри', 'ужас', 'что', 'творится', 'коммунальщикам', 'плевать', 'одного', 'дворника', 'техники', 'дворе', 'нет', 'прошу', 'решить', 'этот', 'вопрос', 'прилагаю', 'фотографии', 'двора', 'улице', 'шотмана', 'дом', '14']","['начать', 'убирать', 'двор', 'машина', 'проехать', 'застревать', 'заносить', 'человек', 'идти', 'падать', 'бугор', 'ледяной', 'дорога', 'возле', 'дом', 'страшный', 'колея', 'почему', 'такой', 'наплевательский', 'отношение', 'год', 'уборка', 'весь', 'двор', 'целое', 'улица', 'убрать', 'снаружи', 'двор', 'внутри', 'ужас', 'твориться', 'коммунальщик', 'плевать', 'один', 'дворник', 'техника', 'двор', 'решить', 'прилагать', 'фотография', 'двор', 'улица', 'шотман', 'дом']",начать убирать двор машина проехать застревать заносить человек идти падать бугор ледяной дорога возле дом страшный колея почему такой наплевательский отношение год уборка весь двор целое улица убрать снаружи двор внутри ужас твориться коммунальщик плевать один дворник техника двор решить прилагать фотография двор улица шотман дом,440,0.3,False,2022-02-23,улице Шотмана дом 14,Благоустройство,Текст,Дата создания,,Направление
8,Благоустройство,2022-02-23,"Сегодня уже 23.02.2022, уборка должна была пройти до 22.02.2022, но 22.02 прошло, а всё как было так и осталось😭 Трактор постоял, мото-часы помотал (зп же именно за мото-часы платят😂) и на этом уборка видимо закончилась. На видео двор Юнтоловский 53/1, выезд из придомовой территории на Юнтоловский и въезд на парковку",appeal_000008,"Сегодня уже 23.02.2022, уборка должна была пройти до 22.02.2022, но 22.02 прошло, а всё как было так и осталось😭 Трактор постоял, мото-часы помотал (зп же именно за мото-часы платят😂) и на этом уборка видимо закончилась. На видео двор Юнтоловский 53/1, выезд из придомовой территории на Юнтоловский и въезд на парковку","Сегодня уже 23.02.2022, уборка должна была пройти до 22.02.2022, но 22.02 прошло, а все как было так и осталось Трактор постоял, мото-часы помотал зп же именно за мото-часы платят и на этом уборка видимо закончилась. На видео двор Юнтоловский 53/1, выезд из придомовой территории на Юнтоловский и въезд на парковку","['сегодня', 'уже', '23', '02', '2022', 'уборка', 'должна', 'была', 'пройти', '22', '02', '2022', '22', '02', 'прошло', 'все', 'как', 'было', 'так', 'осталось', 'трактор', 'постоял', 'мото-часы', 'помотал', 'именно', 'мото-часы', 'платят', 'этом', 'уборка', 'видимо', 'закончилась', 'видео', 'двор', 'юнтоловский', '53', '1', 'выезд', 'придомовой', 'территории', 'юнтоловский', 'въезд', 'парковку']","['сегодня', '2022', 'уборка', 'должный', 'пройти', '2022', 'пройти', 'остаться', 'трактор', 'постоялый', 'мото-часы', 'помотать', 'именно', 'мото-часы', 'платить', 'уборка', 'видимо', 'закончиться', 'видео', 'двор', 'юнтоловский', 'выезд', 'придомовый', 'территория', 'юнтоловский', 'въезд', 'парковка']",сегодня 2022 уборка должный пройти 2022 пройти остаться трактор постоялый мото-часы помотать именно мото-часы платить уборка видимо закончиться видео двор юнтоловский выезд придомовый территория юнтоловский въезд парковка,314,0.0,False,2022-02-23,Сегодня уже 23,Благоустройство,Текст,Дата создания,,Направление
9,Дороги,2022-02-23,"У д. 39 по ул. Авангардная, твориться жесть. На лево пойдешь, скользко - упадёшь, а на право только в плавь, даже прямо не всегда можно пройти, на газоне паркуют машины. Гибдд отписывается, что это не к ним, а в Администрацию (а наша любимая администрация, говорит, что есть специально обученные люди, которые ходят и фиксируют все нарушения!!!!!! Где они? Где обещанная уборка? По тел. 004 хамят, трубки бросают. Работники администрации и жилконторы по телефону перекладывают друг на друга вину. В конце января 1 раз проехал трактор, типо почистил, на наши с соседями жалобы, через 004, проехал 2 раза и посыпал песком, по фото видно, что гололед и море. Куда обращаться? и что делать?",appeal_000009,"У д. 39 по ул. Авангардная, твориться жесть. На лево пойдешь, скользко - упадёшь, а на право только в плавь, даже прямо не всегда можно пройти, на газоне паркуют машины. Гибдд отписывается, что это не к ним, а в Администрацию (а наша любимая администрация, говорит, что есть специально обученные люди, которые ходят и фиксируют все нарушения!!!!!! Где они? Где обещанная уборка? По тел. 004 хамят, трубки бросают. Работники администрации и жилконторы по телефону перекладывают друг на друга вину. В конце января 1 раз проехал трактор, типо почистил, на наши с соседями жалобы, через 004, проехал 2 раза и посыпал песком, по фото видно, что гололед и море. Куда обращаться? и что делать?","У д. 39 по ул. Авангардная, твориться жесть. На лево пойдешь, скользко - упадешь, а на право только в плавь, даже прямо не всегда можно пройти, на газоне паркуют машины. Гибдд отписывается, что это не к ним, а в Администрацию а наша любимая администрация, говорит, что есть специально обученные люди, которые ходят и фиксируют все нарушения!!!!!! Где они? Где обещанная уборка? По тел. 004 хамят, трубки бросают. Работники администрации и жилконторы по телефону перекладывают друг на друга вину. В конце января 1 раз проехал трактор, типо почистил, на наши с соседями жалобы, через 004, проехал 2 раза и посыпал песком, по фото видно, что гололед и море. Куда обращаться? и что делать?","['39', 'авангардная', 'твориться', 'жесть', 'лево', 'пойдешь', 'скользко', 'упадешь', 'право', 'только', 'плавь', 'даже', 'прямо', 'всегда', 'можно', 'пройти', 'газоне', 'паркуют', 'машины', 'гибдд', 'отписывается', 'что', 'это', 'ним', 'администрацию', 'наша', 'любимая', 'администрация', 'говорит', 'что', 'есть', 'специально', 'обученные', 'люди', 'которые', 'ходят', 'фиксируют', 'все', 'нарушения', 'где', 'они', 'где', 'обещанная', 'уборка', 'тел', '004', 'хамят', 'трубки', 'бросают', 'работники', 'администрации', 'жилконторы', 'телефону', 'перекладывают', 'друг', 'друга', 'вину', 'конце', 'января', '1', 'раз', 'проехал', 'трактор', 'типо', 'почистил', 'наши', 'соседями', 'жалобы', 'через', '004', 'проехал', '2', 'раза', 'посыпал', 'песком', 'фото', 'видно', 'что', 'гололед', 'море', 'куда', 'обращаться', 'что', 'делать']","['авангардный', 'твориться', 'жесть', 'левый', 'пойти', 'скользко', 'упасть', 'право', 'плавь', 'прямо', 'всегда', 'можно', 'пройти', 'газон', 'парковать', 'машина', 'гибдд', 'отписываться', 'они', 'наш', 'любимый', 'говорить', 'есть', 'специально', 'обученный', 'человек', 'который', 'ходить', 'фиксировать', 'нарушение', 'где', 'они', 'где', 'обещать', 'уборка', 'тело', '004', 'хамить', 'трубка', 'бросать', 'работник', 'жилконтора', 'телефон', 'перекладывать', 'друг', 'друг', 'вина', 'конец', 'январь', 'раз', 'проехать', 'трактор', 'типо', 'почистить', 'наш', 'сосед', 'жалоба', 'через', '004', 'проехать', 'раз', 'посыпать', 'песок', 'фото', 'видно', 'гололёд', 'море', 'куда', 'обращаться', 'делать']",авангардный твориться жесть левый пойти скользко упасть право плавь прямо всегда можно пройти газон парковать машина гибдд отписываться они наш любимый говорить есть специально обученный человек который ходить фиксировать нарушение где они где обещать уборка тело 004 хамить трубка бросать работник жилконтора телефон перекладывать друг друг вина конец январь раз проехать трактор типо почистить наш сосед жалоба через 004 проехать раз посыпать песок фото видно гололёд море куда обращаться делать,685,0.3,False,2022-02-23,конце января 1,Дороги,Текст,Дата создания,,Направление
10,Дороги,2022-02-23,"[id919566|Лена], 🤦‍♀️ мне обещали сначала до 11.02, потом до 18.02, в итоге 0, никакой уборки не было , и похоже не будет 🤷‍♀️",appeal_000010,"[id919566|Лена], 🤦‍♀️ мне обещали сначала до 11.02, потом до 18.02, в итоге 0, никакой уборки не было , и похоже не будет 🤷‍♀️","id919566 Лена , мне обещали сначала до 11.02, потом до 18.02, в итоге 0, никакой уборки не было , и похоже не будет","['919566', 'лена', 'мне', 'обещали', 'сначала', '11', '02', 'потом', '18', '02', 'итоге', '0', 'никакой', 'уборки', 'было', 'похоже', 'будет']","['919566', 'лена', 'обещать', 'сначала', 'потом', 'итог', 'никакой', 'уборка', 'похоже']",919566 лена обещать сначала потом итог никакой уборка похоже,115,0.0,False,2022-02-23,обещали сначала до 11,Дороги,Текст,Дата создания,,Направление
11,Дороги,2022-02-23,"[id4604890|Наталья], сейчас все растает и они напишут что убрали. Как уже было в январе, когда на улице был + лёд растаял на наших ступенях крыльца дома, и у дома, со ступеней мы сами с младшим скинули остатки льда, это было 13 января, а до этого был лёд и я писала, 14 января они мне ответили что на 13 января все чисто! И ведь не стыдно это писать!",appeal_000011,"[id4604890|Наталья], сейчас все растает и они напишут что убрали. Как уже было в январе, когда на улице был + лёд растаял на наших ступенях крыльца дома, и у дома, со ступеней мы сами с младшим скинули остатки льда, это было 13 января, а до этого был лёд и я писала, 14 января они мне ответили что на 13 января все чисто! И ведь не стыдно это писать!","id4604890 Наталья , сейчас все растает и они напишут что убрали. Как уже было в январе, когда на улице был лед растаял на наших ступенях крыльца дома, и у дома, со ступеней мы сами с младшим скинули остатки льда, это было 13 января, а до этого был лед и я писала, 14 января они мне ответили что на 13 января все чисто! И ведь не стыдно это писать!","['4604890', 'наталья', 'сейчас', 'все', 'растает', 'они', 'напишут', 'что', 'убрали', 'как', 'уже', 'было', 'январе', 'когда', 'улице', 'был', 'лед', 'растаял', 'наших', 'ступенях', 'крыльца', 'дома', 'дома', 'ступеней', 'сами', 'младшим', 'скинули', 'остатки', 'льда', 'это', 'было', '13', 'января', 'этого', 'был', 'лед', 'писала', '14', 'января', 'они', 'мне', 'ответили', 'что', '13', 'января', 'все', 'чисто', 'ведь', 'стыдно', 'это', 'писать']","['4604890', 'наталья', 'сейчас', 'растаять', 'они', 'написать', 'убрать', 'январь', 'улица', 'лёд', 'растаять', 'наш', 'ступень', 'крыльцо', 'дом', 'дом', 'ступень', 'сам', 'младший', 'скинуть', 'остаток', 'лёд', 'январь', 'лёд', 'писать', 'январь', 'они', 'ответить', 'январь', 'чисто', 'ведь', 'стыдно', 'писать']",4604890 наталья сейчас растаять они написать убрать январь улица лёд растаять наш ступень крыльцо дом дом ступень сам младший скинуть остаток лёд январь лёд писать январь они ответить январь чисто ведь стыдно писать,347,0.2,False,2022-02-23,это было 13,Дороги,Текст,Дата создания,,Направление
12,Благоустройство,2022-02-23,Здравствуйте уважаемый Александр Дмитриевич ! <br>Зима ещё не ушла а проблемы осталось ! <br>❄Просим от жителей и пожилых людей уброть от льда и песком обработать ул Авангардная д23 внутриквартальный проездо с двух сторон ул Авангардная д23 д 14 в ближайшие недели февраль март <br>Спасибо Подрядчику убирают нормально фото где нужно убрать . спасибо 💢,appeal_000012,Здравствуйте уважаемый Александр Дмитриевич ! <br>Зима ещё не ушла а проблемы осталось ! <br>❄Просим от жителей и пожилых людей уброть от льда и песком обработать ул Авангардная д23 внутриквартальный проездо с двух сторон ул Авангардная д23 д 14 в ближайшие недели февраль март <br>Спасибо Подрядчику убирают нормально фото где нужно убрать . спасибо 💢,Здравствуйте уважаемый Александр Дмитриевич ! Зима еще не ушла а проблемы осталось ! Просим от жителей и пожилых людей уброть от льда и песком обработать ул Авангардная д23 внутриквартальный проездо с двух сторон ул Авангардная д23 д 14 в ближайшие недели февраль март Спасибо Подрядчику убирают нормально фото где нужно убрать . спасибо,"['здравствуйте', 'уважаемый', 'александр', 'дмитриевич', 'зима', 'еще', 'ушла', 'проблемы', 'осталось', 'просим', 'жителей', 'пожилых', 'людей', 'уброть', 'льда', 'песком', 'обработать', 'авангардная', '23', 'внутриквартальный', 'проездо', 'двух', 'сторон', 'авангардная', '23', '14', 'ближайшие', 'недели', 'февраль', 'март', 'спасибо', 'подрядчику', 'убирают', 'нормально', 'фото', 'где', 'нужно', 'убрать', 'спасибо']","['уважаемый', 'александр', 'дмитриевич', 'зима', 'уйти', 'проблема', 'остаться', 'просить', 'житель', 'пожилой', 'человек', 'уброть', 'лёд', 'песок', 'обработать', 'авангардный', 'внутриквартальный', 'проездый', 'два', 'сторона', 'авангардный', 'близкий', 'неделя', 'февраль', 'март', 'спасибо', 'подрядчик', 'убирать', 'нормально', 'фото', 'где', 'нужно', 'убрать', 'спасибо']",уважаемый александр дмитриевич зима уйти проблема остаться просить житель пожилой человек уброть лёд песок обработать авангардный внутриквартальный проездый два сторона авангардный близкий неделя февраль март спасибо подрядчик убирать нормально фото где нужно убрать спасибо,337,0.2,False,2022-02-23,ул Авангардная д23,Благоустройство,Текст,Дата создания,,Направление
13,Благоустройство,2022-02-23,"Так,а что с уборкой снега по адресу: Петергофское шоссе дом 15 к 2? Два раза уже отписки писали. Последнее обещание было на 18.02.22. И где выполненная Вами работа? Сколько жалоб надо еще написать,чтоб вы начали работать? Уволить вас всех надо!",appeal_000013,"Так,а что с уборкой снега по адресу: Петергофское шоссе дом 15 к 2? Два раза уже отписки писали. Последнее обещание было на 18.02.22. И где выполненная Вами работа? Сколько жалоб надо еще написать,чтоб вы начали работать? Уволить вас всех надо!","Так,а что с уборкой снега по адресу: Петергофское шоссе дом 15 к 2? Два раза уже отписки писали. Последнее обещание было на 18.02.22. И где выполненная Вами работа? Сколько жалоб надо еще написать,чтоб вы начали работать? Уволить вас всех надо!","['так', 'что', 'уборкой', 'снега', 'адресу', 'петергофское', 'шоссе', 'дом', '15', '2', 'два', 'раза', 'уже', 'отписки', 'писали', 'последнее', 'обещание', 'было', '18', '02', '22', 'где', 'выполненная', 'вами', 'работа', 'сколько', 'жалоб', 'надо', 'еще', 'написать', 'чтоб', 'начали', 'работать', 'уволить', 'вас', 'всех', 'надо']","['уборка', 'снег', 'адрес', 'петергофский', 'шоссе', 'дом', 'два', 'раз', 'отписка', 'писать', 'последний', 'обещание', 'где', 'выполнить', 'работа', 'сколько', 'жалоба', 'надо', 'написать', 'чтоб', 'начать', 'работать', 'уволить', 'весь', 'надо']",уборка снег адрес петергофский шоссе дом два раз отписка писать последний обещание где выполнить работа сколько жалоба надо написать чтоб начать работать уволить весь надо,244,0.1,False,2022-02-23,Петергофское шоссе дом 15,Благоустройство,Текст,Дата создания,,Направление
14,Благоустройство,2022-02-23,"А дворы в Петербурге все также не убирают, мусор вывозят по жалобе с задержками, кругом грязь!",appeal_000014,"А дворы в Петербурге все также не убирают, мусор вывозят по жалобе с задержками, кругом грязь!","А дворы в Петербурге все также не убирают, мусор вывозят по жалобе с задержками, кругом грязь!","['дворы', 'петербурге', 'все', 'также', 'убирают', 'мусор', 'вывозят', 'жалобе', 'задержками', 'кругом', 'грязь']","['двор', 'петербург', 'также', 'убирать', 'мусор', 'вывозить', 'жалоба', 'задержка', 'кругом', 'грязь']",двор петербург также убирать мусор вывозить жалоба задержка кругом грязь,94,0.1,False,2022-02-23,,Благоустройство,Текст,Дата создания,,Направление
15,Благоустройство,2022-02-23,Рижский проспект 62 все газоны завалены снегом и с 01.12.2021 года его ни разу не вывозили.<br>УК Стилес😡,appeal_000015,Рижский проспект 62 все газоны завалены снегом и с 01.12.2021 года его ни разу не вывозили.<br>УК Стилес😡,Рижский проспект 62 все газоны завалены снегом и с 01.12.2021 года его ни разу не вывозили. УК Стилес,"['рижский', 'проспект', '62', 'все', 'газоны', 'завалены', 'снегом', '01', '12', '2021', 'года', 'его', 'разу', 'вывозили', 'стилес']","['рижский', 'проспект', 'газон', 'завалить', 'снег', '2021', 'год', 'раз', 'вывозить', 'стилеса']",рижский проспект газон завалить снег 2021 год раз вывозить стилеса,101,0.0,False,2022-02-23,Рижский проспект 62,Благоустройство,Текст,Дата создания,,Направление
16,Благоустройство,2022-02-23,"Добрый вечер! Ну вот прошла ещё одна неделя и снег не убран (((второе обещание от ЖКС 3 ,убрать до конца предыдущей недели, не сработало ((((((((<br>30 января !!!!!!!!!!отправляла заявку ,но большому сожалению, так нечего и не убрано !!!!",appeal_000016,"Добрый вечер! Ну вот прошла ещё одна неделя и снег не убран (((второе обещание от ЖКС 3 ,убрать до конца предыдущей недели, не сработало ((((((((<br>30 января !!!!!!!!!!отправляла заявку ,но большому сожалению, так нечего и не убрано !!!!","Добрый вечер! Ну вот прошла еще одна неделя и снег не убран второе обещание от ЖКС 3 ,убрать до конца предыдущей недели, не сработало 30 января !!!!!!!!!!отправляла заявку ,но большому сожалению, так нечего и не убрано !!!!","['добрый', 'вечер', 'вот', 'прошла', 'еще', 'одна', 'неделя', 'снег', 'убран', 'второе', 'обещание', 'жкс', '3', 'убрать', 'конца', 'предыдущей', 'недели', 'сработало', '30', 'января', 'отправляла', 'заявку', 'большому', 'сожалению', 'так', 'нечего', 'убрано']","['вечер', 'пройти', 'один', 'неделя', 'снег', 'убрать', 'второе', 'обещание', 'жкс', 'убрать', 'конец', 'предыдущий', 'неделя', 'сработать', 'январь', 'отправлять', 'заявка', 'большой', 'сожаление', 'нечего', 'убрать']",вечер пройти один неделя снег убрать второе обещание жкс убрать конец предыдущий неделя сработать январь отправлять заявка большой сожаление нечего убрать,223,0.3,False,2022-02-23,обещание от ЖКС 3,Благоустройство,Текст,Дата создания,,Направление
17,Благоустройство,2022-02-23,"[id437734987|Наталья], какая работа ведётся?????<br>У нас во дворе снег счистили вместе асфальтом…. Это можно увидеть своими глазами, особенно, когда весной снег стает… само не рассосётся….",appeal_000017,"[id437734987|Наталья], какая работа ведётся?????<br>У нас во дворе снег счистили вместе асфальтом…. Это можно увидеть своими глазами, особенно, когда весной снег стает… само не рассосётся….","id437734987 Наталья , какая работа ведется????? У нас во дворе снег счистили вместе асфальтом . Это можно увидеть своими глазами, особенно, когда весной снег стает само не рассосется .","['437734987', 'наталья', 'какая', 'работа', 'ведется', 'нас', 'дворе', 'снег', 'счистили', 'вместе', 'асфальтом', 'это', 'можно', 'увидеть', 'своими', 'глазами', 'особенно', 'когда', 'весной', 'снег', 'стает', 'само', 'рассосется']","['437734987', 'наталья', 'какой', 'работа', 'вестись', 'двор', 'снег', 'счистить', 'вместе', 'асфальт', 'можно', 'увидеть', 'свой', 'глаз', 'особенно', 'весна', 'снег', 'стаять', 'сам', 'рассосаться']",437734987 наталья какой работа вестись двор снег счистить вместе асфальт можно увидеть свой глаз особенно весна снег стаять сам рассосаться,184,0.0,False,2022-02-23,,Благоустройство,Текст,Дата создания,,Направление
18,Благоустройство,2022-02-23,"Даже штрафы есть, а эффекта не видно. Очень хочется увидеть итоговый отчёт после зимы, какие выводы сделаны, какие меры будут приняты, ну и ответственность за невыполнение.",appeal_000018,"Даже штрафы есть, а эффекта не видно. Очень хочется увидеть итоговый отчёт после зимы, какие выводы сделаны, какие меры будут приняты, ну и ответственность за невыполнение.","Даже штрафы есть, а эффекта не видно. Очень хочется увидеть итоговый отчет после зимы, какие выводы сделаны, какие меры будут приняты, ну и ответственность за невыполнение.","['даже', 'штрафы', 'есть', 'эффекта', 'видно', 'очень', 'хочется', 'увидеть', 'итоговый', 'отчет', 'после', 'зимы', 'какие', 'выводы', 'сделаны', 'какие', 'меры', 'будут', 'приняты', 'ответственность', 'невыполнение']","['штраф', 'есть', 'эффект', 'видно', 'очень', 'хотеться', 'увидеть', 'итоговый', 'отчёт', 'после', 'зима', 'какой', 'вывод', 'сделать', 'какой', 'принять', 'ответственность', 'невыполнение']",штраф есть эффект видно очень хотеться увидеть итоговый отчёт после зима какой вывод сделать какой принять ответственность невыполнение,172,0.0,False,2022-02-23,,Благоустройство,Текст,Дата создания,,Направление
19,Дворы и территории общего пользования,2022-02-23,"Бульвар-Новаторов дома 26/2 и 24/2 не убирают территорию,ни пешком,ни на машине проехать не возможно. Машину ремонтирую дважды за зиму,ребенок ходить нормально не может,падает. Как прекратить этот беспредел",appeal_000019,"Бульвар-Новаторов дома 26/2 и 24/2 не убирают территорию,ни пешком,ни на машине проехать не возможно. Машину ремонтирую дважды за зиму,ребенок ходить нормально не может,падает. Как прекратить этот беспредел","Бульвар-Новаторов дома 26/2 и 24/2 не убирают территорию,ни пешком,ни на машине проехать не возможно. Машину ремонтирую дважды за зиму,ребенок ходить нормально не может,падает. Как прекратить этот беспредел","['бульвар-новаторов', 'дома', '26', '2', '24', '2', 'убирают', 'территорию', 'пешком', 'машине', 'проехать', 'возможно', 'машину', 'ремонтирую', 'дважды', 'зиму', 'ребенок', 'ходить', 'нормально', 'может', 'падает', 'как', 'прекратить', 'этот', 'беспредел']","['бульвар-новатор', 'дом', 'убирать', 'территория', 'пешком', 'машина', 'проехать', 'возможно', 'машина', 'ремонтировать', 'дважды', 'зима', 'ребёнок', 'ходить', 'нормально', 'мочь', 'падать', 'прекратить', 'беспредел']",бульвар-новатор дом убирать территория пешком машина проехать возможно машина ремонтировать дважды зима ребёнок ходить нормально мочь падать прекратить беспредел,206,0.0,False,2022-02-23,Новаторов дома 26/2,Дворы и территории общего пользования,Текст,Дата создания,,Направление
20,Дворы и территории общего пользования,2022-02-23,"Страшно ездить во дворе. Ещё пару дней и можно будет только на автомобиле с гусеничным движителем заехать. Реакция конечно на обращения есть, но почему нельзя это делать не после обращения, а в качестве обычной ежедневной работы, путём расстановки приоритетов, чтобы не писали люди что всё плохо. В суд подавать когда случайно из-за того, что творится во дворах, задену чей-нибудь автомобиль. Делайте для граждан, вы для этого и есть, а не граждане для вас.",appeal_000020,"Страшно ездить во дворе. Ещё пару дней и можно будет только на автомобиле с гусеничным движителем заехать. Реакция конечно на обращения есть, но почему нельзя это делать не после обращения, а в качестве обычной ежедневной работы, путём расстановки приоритетов, чтобы не писали люди что всё плохо. В суд подавать когда случайно из-за того, что творится во дворах, задену чей-нибудь автомобиль. Делайте для граждан, вы для этого и есть, а не граждане для вас.","Страшно ездить во дворе. Еще пару дней и можно будет только на автомобиле с гусеничным движителем заехать. Реакция конечно на обращения есть, но почему нельзя это делать не после обращения, а в качестве обычной ежедневной работы, путем расстановки приоритетов, чтобы не писали люди что все плохо. В суд подавать когда случайно из-за того, что творится во дворах, задену чей-нибудь автомобиль. Делайте для граждан, вы для этого и есть, а не граждане для вас.","['страшно', 'ездить', 'дворе', 'еще', 'пару', 'дней', 'можно', 'будет', 'только', 'автомобиле', 'гусеничным', 'движителем', 'заехать', 'реакция', 'конечно', 'обращения', 'есть', 'почему', 'нельзя', 'это', 'делать', 'после', 'обращения', 'качестве', 'обычной', 'ежедневной', 'работы', 'путем', 'расстановки', 'приоритетов', 'чтобы', 'писали', 'люди', 'что', 'все', 'плохо', 'суд', 'подавать', 'когда', 'случайно', 'из-за', 'того', 'что', 'творится', 'дворах', 'задену', 'чей-нибудь', 'автомобиль', 'делайте', 'для', 'граждан', 'для', 'этого', 'есть', 'граждане', 'для', 'вас']","['страшно', 'ездить', 'двор', 'пара', 'можно', 'автомобиль', 'гусеничный', 'движитель', 'заехать', 'реакция', 'конечно', 'есть', 'почему', 'нельзя', 'делать', 'после', 'качество', 'обычный', 'ежедневный', 'работа', 'путём', 'расстановка', 'приоритет', 'чтобы', 'писать', 'человек', 'плохо', 'суд', 'подавать', 'случайно', 'из-за', 'тот', 'твориться', 'двор', 'задеть', 'чей-нибудь', 'автомобиль', 'делать', 'гражданин', 'есть', 'гражданин']",страшно ездить двор пара можно автомобиль гусеничный движитель заехать реакция конечно есть почему нельзя делать после качество обычный ежедневный работа путём расстановка приоритет чтобы писать человек плохо суд подавать случайно из-за тот твориться двор задеть чей-нибудь автомобиль делать гражданин есть гражданин,457,0.0,False,2022-02-23,,Дворы и территории общего пользования,Текст,Дата создания,,Направление
21,Дворы и территории общего пользования,2022-02-23,"В этом году ни разу не проводилась Уборка территории вокруг дома. Вся Уборка (фото прилагаю) производится силами жильцов, как и обработка ото льда. Прошу 1. разобраться какая организация не проводит вообще никаких работ и когда они начнут регулярно проводиться 2. Я не получил на своё ответное обращение связанное с необходимостью обратиться в прокуратуру с заявлением на организацию, которая прислала фото, по моему ранее оставленному заявлению на эту же тему, с отчётом об уборке совершенно от другого адреса и тем самым фальсифицировала результаты своей деятельности и возможно получила за это деньги",appeal_000021,"В этом году ни разу не проводилась Уборка территории вокруг дома. Вся Уборка (фото прилагаю) производится силами жильцов, как и обработка ото льда. Прошу 1. разобраться какая организация не проводит вообще никаких работ и когда они начнут регулярно проводиться 2. Я не получил на своё ответное обращение связанное с необходимостью обратиться в прокуратуру с заявлением на организацию, которая прислала фото, по моему ранее оставленному заявлению на эту же тему, с отчётом об уборке совершенно от другого адреса и тем самым фальсифицировала результаты своей деятельности и возможно получила за это деньги","В этом году ни разу не проводилась Уборка территории вокруг дома. Вся Уборка фото прилагаю производится силами жильцов, как и обработка ото льда. Прошу 1. разобраться какая организация не проводит вообще никаких работ и когда они начнут регулярно проводиться 2. Я не получил на свое ответное обращение связанное с необходимостью обратиться в прокуратуру с заявлением на организацию, которая прислала фото, по моему ранее оставленному заявлению на эту же тему, с отчетом об уборке совершенно от другого адреса и тем самым фальсифицировала результаты своей деятельности и возможно получила за это деньги","['этом', 'году', 'разу', 'проводилась', 'уборка', 'территории', 'вокруг', 'дома', 'вся', 'уборка', 'фото', 'прилагаю', 'производится', 'силами', 'жильцов', 'как', 'обработка', 'ото', 'льда', 'прошу', '1', 'разобраться', 'какая', 'организация', 'проводит', 'вообще', 'никаких', 'работ', 'когда', 'они', 'начнут', 'регулярно', 'проводиться', '2', 'получил', 'свое', 'ответное', 'обращение', 'связанное', 'необходимостью', 'обратиться', 'прокуратуру', 'заявлением', 'организацию', 'которая', 'прислала', 'фото', 'моему', 'ранее', 'оставленному', 'заявлению', 'эту', 'тему', 'отчетом', 'уборке', 'совершенно', 'другого', 'адреса', 'тем', 'самым', 'фальсифицировала', 'результаты', 'своей', 'деятельности', 'возможно', 'получила', 'это', 'деньги']","['год', 'раз', 'проводиться', 'уборка', 'территория', 'вокруг', 'дом', 'весь', 'уборка', 'фото', 'прилагать', 'производиться', 'сила', 'жилец', 'обработка', 'лёд', 'разобраться', 'какой', 'организация', 'проводить', 'вообще', 'никакой', 'работа', 'они', 'начать', 'регулярно', 'проводиться', 'получить', 'свой', 'ответный', 'связанный', 'необходимость', 'обратиться', 'прокуратура', 'заявление', 'организация', 'который', 'прислать', 'фото', 'мой', 'ранее', 'оставить', 'заявление', 'тема', 'отчёт', 'уборка', 'совершенно', 'другой', 'адрес', 'тем', 'самый', 'фальсифицировать', 'результат', 'свой', 'деятельность', 'возможно', 'получить', 'деньга']",год раз проводиться уборка территория вокруг дом весь уборка фото прилагать производиться сила жилец обработка лёд разобраться какой организация проводить вообще никакой работа они начать регулярно проводиться получить свой ответный связанный необходимость обратиться прокуратура заявление организация который прислать фото мой ранее оставить заявление тема отчёт уборка совершенно другой адрес тем самый фальсифицировать результат свой деятельность возможно получить деньга,601,0.0,False,2022-02-23,Прошу 1,Дворы и территории общего пользования,Текст,Дата создания,,Направление
22,Автомобильные дороги,2022-02-23,"Не числятся проезды вдоль дома, нет посылки. За всю зиму один раз трактор проехал после нового года и все. Не посыпались ни разу. Это же невыносимо уже! Что происходит?",appeal_000022,"Не числятся проезды вдоль дома, нет посылки. За всю зиму один раз трактор проехал после нового года и все. Не посыпались ни разу. Это же невыносимо уже! Что происходит?","Не числятся проезды вдоль дома, нет посылки. За всю зиму один раз трактор проехал после нового года и все. Не посыпались ни разу. Это же невыносимо уже! Что происходит?","['числятся', 'проезды', 'вдоль', 'дома', 'нет', 'посылки', 'всю', 'зиму', 'один', 'раз', 'трактор', 'проехал', 'после', 'нового', 'года', 'все', 'посыпались', 'разу', 'это', 'невыносимо', 'уже', 'что', 'происходит']","['числиться', 'проезд', 'вдоль', 'дом', 'посылка', 'весь', 'зима', 'один', 'раз', 'трактор', 'проехать', 'после', 'новый', 'год', 'посыпаться', 'раз', 'невыносимый', 'происходить']",числиться проезд вдоль дом посылка весь зима один раз трактор проехать после новый год посыпаться раз невыносимый происходить,168,0.1,False,2022-02-23,,Автомобильные дороги,Текст,Дата создания,,Направление
23,Автомобильные дороги,2022-02-23,"Здравствуйте, дороги скользкие, невозможно дойти до помойки, скользко, сколько это может продолжаться?",appeal_000023,"Здравствуйте, дороги скользкие, невозможно дойти до помойки, скользко, сколько это может продолжаться?","Здравствуйте, дороги скользкие, невозможно дойти до помойки, скользко, сколько это может продолжаться?","['здравствуйте', 'дороги', 'скользкие', 'невозможно', 'дойти', 'помойки', 'скользко', 'сколько', 'это', 'может', 'продолжаться']","['дорога', 'скользкий', 'невозможно', 'дойти', 'помойка', 'скользко', 'сколько', 'мочь', 'продолжаться']",дорога скользкий невозможно дойти помойка скользко сколько мочь продолжаться,102,0.2,False,2022-02-23,,Автомобильные дороги,Текст,Дата создания,,Направление
24,Автомобильные дороги,2022-02-23,"Не убраны снег и лёд между двумя зданиями паркинга по адресу Школьная 73, к.2 В ответ на обращение 174911658 сообщаю, что работ по уборке снега и льда не было.",appeal_000024,"Не убраны снег и лёд между двумя зданиями паркинга по адресу Школьная 73, к.2 В ответ на обращение 174911658 сообщаю, что работ по уборке снега и льда не было.","Не убраны снег и лед между двумя зданиями паркинга по адресу Школьная 73, к.2 В ответ на обращение 174911658 сообщаю, что работ по уборке снега и льда не было.","['убраны', 'снег', 'лед', 'между', 'двумя', 'зданиями', 'паркинга', 'адресу', 'школьная', '73', '2', 'ответ', 'обращение', '174911658', 'сообщаю', 'что', 'работ', 'уборке', 'снега', 'льда', 'было']","['убрать', 'снег', 'лёд', 'между', 'два', 'здание', 'паркинг', 'адрес', 'школьный', '174911658', 'сообщать', 'работа', 'уборка', 'снег', 'лёд']",убрать снег лёд между два здание паркинг адрес школьный 174911658 сообщать работа уборка снег лёд,159,0.0,False,2022-02-23,по адресу Школьная 73,Автомобильные дороги,Текст,Дата создания,,Направление
25,Автомобильные дороги,2022-02-23,"Колея, что кроссоверы брюхом задевают.",appeal_000025,"Колея, что кроссоверы брюхом задевают.","Колея, что кроссоверы брюхом задевают.","['колея', 'что', 'кроссоверы', 'брюхом', 'задевают']","['колея', 'кроссовер', 'брюхо', 'задевать']",колея кроссовер брюхо задевать,38,0.0,False,2022-02-23,,Автомобильные дороги,Текст,Дата создания,,Направление
26,Дворы и территории общего пользования,2022-02-23,"Добрый день! Очень давно не убирали наледь и снег на дороге, во дворе пр.Непокоренных 74, со стороны пр. Непокорённых. Образовался лед и колея, становится практически невозможно проехать и припарковаться. Днище машины буквально шкрябает по ледяным наростам. Неоднократно машины застревали. Примите, пожалуйста, меры. Спасибо.",appeal_000026,"Добрый день! Очень давно не убирали наледь и снег на дороге, во дворе пр.Непокоренных 74, со стороны пр. Непокорённых. Образовался лед и колея, становится практически невозможно проехать и припарковаться. Днище машины буквально шкрябает по ледяным наростам. Неоднократно машины застревали. Примите, пожалуйста, меры. Спасибо.","Добрый день! Очень давно не убирали наледь и снег на дороге, во дворе пр.Непокоренных 74, со стороны пр. Непокоренных. Образовался лед и колея, становится практически невозможно проехать и припарковаться. Днище машины буквально шкрябает по ледяным наростам. Неоднократно машины застревали. Примите, пожалуйста, меры. Спасибо.","['добрый', 'день', 'очень', 'давно', 'убирали', 'наледь', 'снег', 'дороге', 'дворе', 'непокоренных', '74', 'стороны', 'непокоренных', 'образовался', 'лед', 'колея', 'становится', 'практически', 'невозможно', 'проехать', 'припарковаться', 'днище', 'машины', 'буквально', 'шкрябает', 'ледяным', 'наростам', 'неоднократно', 'машины', 'застревали', 'примите', 'пожалуйста', 'меры', 'спасибо']","['очень', 'давно', 'убирать', 'наледь', 'снег', 'дорога', 'двор', 'непокорённый', 'сторона', 'непокорённый', 'образоваться', 'лёд', 'колея', 'становиться', 'практически', 'невозможно', 'проехать', 'припарковаться', 'днище', 'машина', 'буквально', 'шкрябаять', 'ледяной', 'нарост', 'неоднократно', 'машина', 'застревать', 'принять', 'пожалуйста', 'спасибо']",очень давно убирать наледь снег дорога двор непокорённый сторона непокорённый образоваться лёд колея становиться практически невозможно проехать припарковаться днище машина буквально шкрябаять ледяной нарост неоднократно машина застревать принять пожалуйста спасибо,325,0.3,False,2022-02-23,Непокоренных 74,Дворы и территории общего пользования,Текст,Дата создания,,Направление
27,Дворы и территории общего пользования,2022-02-23,"НЕ УБИРАЮТ СНЕГ ВО ДВОРАХ ,УЛИЦА ИВАНОВСКАЯ 36,пройти не возможно .весь снег свалили в одни кучи и теперь эти кучи тают и во дворах все плавает.Почему так сложно сделать все нормально .Приходит жэк и для вида делает фотоотчет какой то маленькой террритории,а то что весь двор не убран -это он на фото не покажет .за что мы платим деньги ?за такую уборку?",appeal_000027,"НЕ УБИРАЮТ СНЕГ ВО ДВОРАХ ,УЛИЦА ИВАНОВСКАЯ 36,пройти не возможно .весь снег свалили в одни кучи и теперь эти кучи тают и во дворах все плавает.Почему так сложно сделать все нормально .Приходит жэк и для вида делает фотоотчет какой то маленькой террритории,а то что весь двор не убран -это он на фото не покажет .за что мы платим деньги ?за такую уборку?","НЕ УБИРАЮТ СНЕГ ВО ДВОРАХ ,УЛИЦА ИВАНОВСКАЯ 36,пройти не возможно .весь снег свалили в одни кучи и теперь эти кучи тают и во дворах все плавает.Почему так сложно сделать все нормально .Приходит жэк и для вида делает фотоотчет какой то маленькой террритории,а то что весь двор не убран -это он на фото не покажет .за что мы платим деньги ?за такую уборку?","['убирают', 'снег', 'дворах', 'улица', 'ивановская', '36', 'пройти', 'возможно', 'весь', 'снег', 'свалили', 'одни', 'кучи', 'теперь', 'эти', 'кучи', 'тают', 'дворах', 'все', 'плавает', 'почему', 'так', 'сложно', 'сделать', 'все', 'нормально', 'приходит', 'жэк', 'для', 'вида', 'делает', 'фотоотчет', 'какой', 'маленькой', 'террритории', 'что', 'весь', 'двор', 'убран', 'это', 'фото', 'покажет', 'что', 'платим', 'деньги', 'такую', 'уборку']","['убирать', 'снег', 'двор', 'улица', 'ивановский', 'пройти', 'возможно', 'весь', 'снег', 'свалить', 'один', 'куча', 'куча', 'таять', 'двор', 'плавать', 'почему', 'сложно', 'сделать', 'нормально', 'приходить', 'жэк', 'вид', 'делать', 'фотоотчёт', 'какой', 'маленький', 'террритория', 'весь', 'двор', 'убрать', 'фото', 'показать', 'платить', 'деньга', 'такой', 'уборка']",убирать снег двор улица ивановский пройти возможно весь снег свалить один куча куча таять двор плавать почему сложно сделать нормально приходить жэк вид делать фотоотчёт какой маленький террритория весь двор убрать фото показать платить деньга такой уборка,354,0.0,False,2022-02-23,УЛИЦА ИВАНОВСКАЯ 36,Дворы и территории общего пользования,Текст,Дата создания,,Направление
28,Автомобильные дороги,2022-02-23,"Не очищена парковка, образовалось колея в которой заостряют автомобили, вечером сильно шумят, как и днём.",appeal_000028,"Не очищена парковка, образовалось колея в которой заостряют автомобили, вечером сильно шумят, как и днём.","Не очищена парковка, образовалось колея в которой заостряют автомобили, вечером сильно шумят, как и днем.","['очищена', 'парковка', 'образовалось', 'колея', 'которой', 'заостряют', 'автомобили', 'вечером', 'сильно', 'шумят', 'как', 'днем']","['очистить', 'парковка', 'образоваться', 'колея', 'который', 'заострять', 'автомобиль', 'вечером', 'сильно', 'шуметь']",очистить парковка образоваться колея который заострять автомобиль вечером сильно шуметь,105,0.0,False,2022-02-23,,Автомобильные дороги,Текст,Дата создания,,Направление
29,Дворы и территории общего пользования,2022-02-23,Снег не убран у школы 34. Не пройти не проехать,appeal_000029,Снег не убран у школы 34. Не пройти не проехать,Снег не убран у школы 34. Не пройти не проехать,"['снег', 'убран', 'школы', '34', 'пройти', 'проехать']","['снег', 'убрать', 'школа', 'пройти', 'проехать']",снег убрать школа пройти проехать,47,0.0,False,2022-02-23,убран у школы 34,Дворы и территории общего пользования,Текст,Дата создания,,Направление
30,Дворы и территории общего пользования,2022-02-23,Не убирается снег на придомовой территории по адресу Шотмана д4,appeal_000030,Не убирается снег на придомовой территории по адресу Шотмана д4,Не убирается снег на придомовой территории по адресу Шотмана д4,"['убирается', 'снег', 'придомовой', 'территории', 'адресу', 'шотмана', '4']","['убираться', 'снег', 'придомовый', 'территория', 'адрес', 'шотман']",убираться снег придомовый территория адрес шотман,63,0.0,False,2022-02-23,,Дворы и территории общего пользования,Текст,Дата создания,,Направление
31,Дворы и территории общего пользования,2022-02-23,Здравствуйте! Не убирается внутридворовая проезжая территория на улице Гаккелевская д.27/2. Прошу решить эту проблему. Спасибо.,appeal_000031,Здравствуйте! Не убирается внутридворовая проезжая территория на улице Гаккелевская д.27/2. Прошу решить эту проблему. Спасибо.,Здравствуйте! Не убирается внутридворовая проезжая территория на улице Гаккелевская д.27/2. Прошу решить эту проблему. Спасибо.,"['здравствуйте', 'убирается', 'внутридворовая', 'проезжая', 'территория', 'улице', 'гаккелевская', '27', '2', 'прошу', 'решить', 'эту', 'проблему', 'спасибо']","['убираться', 'внутридворовый', 'проезжать', 'территория', 'улица', 'гаккелевский', 'решить', 'проблема', 'спасибо']",убираться внутридворовый проезжать территория улица гаккелевский решить проблема спасибо,127,0.1,False,2022-02-23,,Дворы и территории общего пользования,Текст,Дата создания,,Направление
32,Дворы и территории общего пользования,2022-02-23,Просто не проехать! О разъезде двух автомобилей и речи нет!,appeal_000032,Просто не проехать! О разъезде двух автомобилей и речи нет!,Просто не проехать! О разъезде двух автомобилей и речи нет!,"['просто', 'проехать', 'разъезде', 'двух', 'автомобилей', 'речи', 'нет']","['просто', 'проехать', 'разъезд', 'два', 'автомобиль', 'речь']",просто проехать разъезд два автомобиль речь,59,0.2,False,2022-02-23,,Дворы и территории общего пользования,Текст,Дата создания,,Направление
33,Дворы и территории общего пользования,2022-02-23,Проезд перед домом не убирали за зиму ни разу!!!! Толщина льда на поверхности больше 30 см. Образовалась колея в которой застревают машины. Моя мама подскользнулась там и сломала руку. Ужасная ситуация. Срочно примите меры!,appeal_000033,Проезд перед домом не убирали за зиму ни разу!!!! Толщина льда на поверхности больше 30 см. Образовалась колея в которой застревают машины. Моя мама подскользнулась там и сломала руку. Ужасная ситуация. Срочно примите меры!,Проезд перед домом не убирали за зиму ни разу!!!! Толщина льда на поверхности больше 30 см. Образовалась колея в которой застревают машины. Моя мама подскользнулась там и сломала руку. Ужасная ситуация. Срочно примите меры!,"['проезд', 'перед', 'домом', 'убирали', 'зиму', 'разу', 'толщина', 'льда', 'поверхности', 'больше', '30', 'образовалась', 'колея', 'которой', 'застревают', 'машины', 'моя', 'мама', 'подскользнулась', 'там', 'сломала', 'руку', 'ужасная', 'ситуация', 'срочно', 'примите', 'меры']","['проезд', 'перед', 'дом', 'убирать', 'зима', 'раз', 'толщина', 'лёд', 'поверхность', 'большой', 'образоваться', 'колея', 'который', 'застревать', 'машина', 'мой', 'мама', 'подскользнуться', 'там', 'сломать', 'рука', 'ужасный', 'ситуация', 'срочно', 'принять']",проезд перед дом убирать зима раз толщина лёд поверхность большой образоваться колея который застревать машина мой мама подскользнуться там сломать рука ужасный ситуация срочно принять,223,0.5,True,2022-02-23,на поверхности больше 30,Дворы и территории общего пользования,Текст,Дата создания,,Направление
34,Дворы и территории общего пользования,2022-02-23,"Добрый день. Отчитались о проблеме,и фото приложили, только трактор к нам ни разу не приехал,и колии льда гигантские,машинам не припарковать! Может хоть раз почистят хорошо? Отобьют лед,вычистят дорогу. Можно и без фото,люди и так все видят!",appeal_000034,"Добрый день. Отчитались о проблеме,и фото приложили, только трактор к нам ни разу не приехал,и колии льда гигантские,машинам не припарковать! Может хоть раз почистят хорошо? Отобьют лед,вычистят дорогу. Можно и без фото,люди и так все видят!","Добрый день. Отчитались о проблеме,и фото приложили, только трактор к нам ни разу не приехал,и колии льда гигантские,машинам не припарковать! Может хоть раз почистят хорошо? Отобьют лед,вычистят дорогу. Можно и без фото,люди и так все видят!","['добрый', 'день', 'отчитались', 'проблеме', 'фото', 'приложили', 'только', 'трактор', 'нам', 'разу', 'приехал', 'колии', 'льда', 'гигантские', 'машинам', 'припарковать', 'может', 'хоть', 'раз', 'почистят', 'хорошо', 'отобьют', 'лед', 'вычистят', 'дорогу', 'можно', 'без', 'фото', 'люди', 'так', 'все', 'видят']","['отчитаться', 'проблема', 'фото', 'приложить', 'трактор', 'раз', 'приехать', 'колия', 'лёд', 'гигантский', 'машина', 'припарковать', 'мочь', 'хоть', 'раз', 'почистить', 'хорошо', 'отбить', 'лёд', 'вычистить', 'дорога', 'можно', 'фото', 'человек', 'видеть']",отчитаться проблема фото приложить трактор раз приехать колия лёд гигантский машина припарковать мочь хоть раз почистить хорошо отбить лёд вычистить дорога можно фото человек видеть,241,0.2,False,2022-02-23,,Дворы и территории общего пользования,Текст,Дата создания,,Направление
35,Дворы и территории общего пользования,2022-02-23,"Дворы просто жуть не убраны на машине проехать не возможно, с коляской просто кашмар, всё это ещё обледенело, снаружи дома почищено а двор это просто жесть",appeal_000035,"Дворы просто жуть не убраны на машине проехать не возможно, с коляской просто кашмар, всё это ещё обледенело, снаружи дома почищено а двор это просто жесть","Дворы просто жуть не убраны на машине проехать не возможно, с коляской просто кашмар, все это еще обледенело, снаружи дома почищено а двор это просто жесть","['дворы', 'просто', 'жуть', 'убраны', 'машине', 'проехать', 'возможно', 'коляской', 'просто', 'кашмар', 'все', 'это', 'еще', 'обледенело', 'снаружи', 'дома', 'почищено', 'двор', 'это', 'просто', 'жесть']","['двор', 'просто', 'жуть', 'убрать', 'машина', 'проехать', 'возможно', 'коляска', 'просто', 'кашмара', 'обледенеть', 'снаружи', 'дом', 'почистить', 'двор', 'просто', 'жесть']",двор просто жуть убрать машина проехать возможно коляска просто кашмара обледенеть снаружи дом почистить двор просто жесть,155,0.0,False,2022-02-23,,Дворы и территории общего пользования,Текст,Дата создания,,Направление
36,Автомобильные дороги,2022-02-23,"Слишком высокая колейность на дороге. Если у тебя не полноприводный внедорожник, то припарковать машину без мучений не возможно . Дном машины скребешь лёд, колёса застревают в колее. Прошу с преминением спец техники снять лёд с проезжей части",appeal_000036,"Слишком высокая колейность на дороге. Если у тебя не полноприводный внедорожник, то припарковать машину без мучений не возможно . Дном машины скребешь лёд, колёса застревают в колее. Прошу с преминением спец техники снять лёд с проезжей части","Слишком высокая колейность на дороге. Если у тебя не полноприводный внедорожник, то припарковать машину без мучений не возможно . Дном машины скребешь лед, колеса застревают в колее. Прошу с преминением спец техники снять лед с проезжей части","['слишком', 'высокая', 'колейность', 'дороге', 'если', 'тебя', 'полноприводный', 'внедорожник', 'припарковать', 'машину', 'без', 'мучений', 'возможно', 'дном', 'машины', 'скребешь', 'лед', 'колеса', 'застревают', 'колее', 'прошу', 'преминением', 'спец', 'техники', 'снять', 'лед', 'проезжей', 'части']","['слишком', 'высокий', 'колейность', 'дорога', 'полноприводный', 'внедорожник', 'припарковать', 'машина', 'мучение', 'возможно', 'дно', 'машина', 'скрести', 'лёд', 'колесо', 'застревать', 'колея', 'преминение', 'спец', 'техника', 'снять', 'лёд', 'проезжий', 'часть']",слишком высокий колейность дорога полноприводный внедорожник припарковать машина мучение возможно дно машина скрести лёд колесо застревать колея преминение спец техника снять лёд проезжий часть,242,0.0,False,2022-02-23,,Автомобильные дороги,Текст,Дата создания,,Направление
37,Автомобильные дороги,2022-02-23,Не убирается снег. На проезде образовалась огромная колея. Примерно 15-20 см. Создаёт трудности при парковке и иногда является причиной повреждений автомобиля.,appeal_000037,Не убирается снег. На проезде образовалась огромная колея. Примерно 15-20 см. Создаёт трудности при парковке и иногда является причиной повреждений автомобиля.,Не убирается снег. На проезде образовалась огромная колея. Примерно 15-20 см. Создает трудности при парковке и иногда является причиной повреждений автомобиля.,"['убирается', 'снег', 'проезде', 'образовалась', 'огромная', 'колея', 'примерно', '15', '20', 'создает', 'трудности', 'при', 'парковке', 'иногда', 'является', 'причиной', 'повреждений', 'автомобиля']","['убираться', 'снег', 'проезд', 'образоваться', 'огромный', 'колея', 'примерно', 'создавать', 'трудность', 'парковка', 'иногда', 'являться', 'причина', 'повреждение', 'автомобиль']",убираться снег проезд образоваться огромный колея примерно создавать трудность парковка иногда являться причина повреждение автомобиль,159,0.0,False,2022-02-23,Примерно 15-20,Автомобильные дороги,Текст,Дата создания,,Направление
38,Благоустройство,2022-02-23,Разбитая дорога по адресу: Энергетиков дом 40/4,appeal_000038,Разбитая дорога по адресу: Энергетиков дом 40/4,Разбитая дорога по адресу: Энергетиков дом 40/4,"['разбитая', 'дорога', 'адресу', 'энергетиков', 'дом', '40', '4']","['разбитый', 'дорога', 'адрес', 'энергетик', 'дом']",разбитый дорога адрес энергетик дом,47,0.0,False,2022-02-23,Энергетиков дом 40/4,Благоустройство,Текст,Дата создания,,Направление
39,Автомобильные дороги,2022-02-23,Весь проезд от Будапештской до Турку заполнен ямами. Они тут на любой вкус - от больших до огромных.,appeal_000039,Весь проезд от Будапештской до Турку заполнен ямами. Они тут на любой вкус - от больших до огромных.,Весь проезд от Будапештской до Турку заполнен ямами. Они тут на любой вкус - от больших до огромных.,"['весь', 'проезд', 'будапештской', 'турку', 'заполнен', 'ямами', 'они', 'тут', 'любой', 'вкус', 'больших', 'огромных']","['весь', 'проезд', 'будапештский', 'турок', 'заполнить', 'ям', 'они', 'тут', 'любой', 'вкус', 'больший', 'огромный']",весь проезд будапештский турок заполнить ям они тут любой вкус больший огромный,100,0.0,False,2022-02-23,,Автомобильные дороги,Текст,Дата создания,,Направление
40,Благоустройство,2022-02-23,Дефекты покрытия. Огромные ямы,appeal_000040,Дефекты покрытия. Огромные ямы,Дефекты покрытия. Огромные ямы,"['дефекты', 'покрытия', 'огромные', 'ямы']","['дефект', 'покрытие', 'огромный', 'ям']",дефект покрытие огромный ям,30,0.0,False,2022-02-23,,Благоустройство,Текст,Дата создания,,Направление
41,Благоустройство,2022-02-23,"Добрый день . Не хотела жаловаться , но похоже придётся .<br>Скорым не заехать , машину не припарковать , скользко .<br>Рыбацкий проспект 15 ,к1",appeal_000041,"Добрый день . Не хотела жаловаться , но похоже придётся .<br>Скорым не заехать , машину не припарковать , скользко .<br>Рыбацкий проспект 15 ,к1","Добрый день . Не хотела жаловаться , но похоже придется . Скорым не заехать , машину не припарковать , скользко . Рыбацкий проспект 15 ,к1","['добрый', 'день', 'хотела', 'жаловаться', 'похоже', 'придется', 'скорым', 'заехать', 'машину', 'припарковать', 'скользко', 'рыбацкий', 'проспект', '15', '1']","['хотеть', 'жаловаться', 'похоже', 'прийтись', 'скорый', 'заехать', 'машина', 'припарковать', 'скользко', 'рыбацкий', 'проспект']",хотеть жаловаться похоже прийтись скорый заехать машина припарковать скользко рыбацкий проспект,138,0.0,False,2022-02-23,Рыбацкий проспект 15,Благоустройство,Текст,Дата создания,,Направление
42,Благоустройство,2022-02-23,"Добрый день, меня зовут Наталья, я живу на ул. Седова д. 73.В о дворе нашего дома сплошной лёд. Наледь, колея глубокая. Не одной машине не выехать, каждую толкают. Дворников нет, хоть бы посыпали песком или солью. Когда этот бардак закончился? За что мы платим деньги??",appeal_000042,"Добрый день, меня зовут Наталья, я живу на ул. Седова д. 73.В о дворе нашего дома сплошной лёд. Наледь, колея глубокая. Не одной машине не выехать, каждую толкают. Дворников нет, хоть бы посыпали песком или солью. Когда этот бардак закончился? За что мы платим деньги??","Добрый день, меня зовут Наталья, я живу на ул. Седова д. 73.В о дворе нашего дома сплошной лед. Наледь, колея глубокая. Не одной машине не выехать, каждую толкают. Дворников нет, хоть бы посыпали песком или солью. Когда этот бардак закончился? За что мы платим деньги??","['добрый', 'день', 'меня', 'зовут', 'наталья', 'живу', 'седова', '73', 'дворе', 'нашего', 'дома', 'сплошной', 'лед', 'наледь', 'колея', 'глубокая', 'одной', 'машине', 'выехать', 'каждую', 'толкают', 'дворников', 'нет', 'хоть', 'посыпали', 'песком', 'или', 'солью', 'когда', 'этот', 'бардак', 'закончился', 'что', 'платим', 'деньги']","['звать', 'наталья', 'жить', 'седов', 'двор', 'наш', 'дом', 'сплошной', 'лёд', 'наледь', 'колея', 'глубокий', 'один', 'машина', 'выехать', 'каждый', 'толкать', 'дворник', 'хоть', 'посыпать', 'песок', 'соль', 'бардак', 'закончиться', 'платить', 'деньга']",звать наталья жить седов двор наш дом сплошной лёд наледь колея глубокий один машина выехать каждый толкать дворник хоть посыпать песок соль бардак закончиться платить деньга,269,0.0,False,2022-02-23,ул. Седова д. 73,Благоустройство,Текст,Дата создания,,Направление
43,Дороги,2022-02-23,Почему не посыпано песком?????????в Павловске где поликлиника каток когда нормальная уборка будет????????,appeal_000043,Почему не посыпано песком?????????в Павловске где поликлиника каток когда нормальная уборка будет????????,Почему не посыпано песком?????????в Павловске где поликлиника каток когда нормальная уборка будет????????,"['почему', 'посыпано', 'песком', 'павловске', 'где', 'поликлиника', 'каток', 'когда', 'нормальная', 'уборка', 'будет']","['почему', 'посыпать', 'песок', 'павловск', 'где', 'поликлиника', 'каток', 'нормальный', 'уборка']",почему посыпать песок павловск где поликлиника каток нормальный уборка,105,0.0,False,2022-02-23,,Дороги,Текст,Дата создания,,Направление
44,Благоустройство,2022-02-23,"Уважаемый губернатор! Приглашаем вас на экскурсию в Приморский район по адресу ул. Планерная д.67 (к.2,3,4- один дом)! И вы увидите, как убираются дворовые проезды, точнее не убираются! Кругов либо глыбы льда, либо море! Обращались в 004, комитет по благоустройству, заявки принимаются, но рисультата ноль. На фото не такая эпичная картина конечно...",appeal_000044,"Уважаемый губернатор! Приглашаем вас на экскурсию в Приморский район по адресу ул. Планерная д.67 (к.2,3,4- один дом)! И вы увидите, как убираются дворовые проезды, точнее не убираются! Кругов либо глыбы льда, либо море! Обращались в 004, комитет по благоустройству, заявки принимаются, но рисультата ноль. На фото не такая эпичная картина конечно...","Уважаемый губернатор! Приглашаем вас на экскурсию в Приморский район по адресу ул. Планерная д.67 к.2,3,4- один дом ! И вы увидите, как убираются дворовые проезды, точнее не убираются! Кругов либо глыбы льда, либо море! Обращались в 004, комитет по благоустройству, заявки принимаются, но рисультата ноль. На фото не такая эпичная картина конечно...","['уважаемый', 'губернатор', 'приглашаем', 'вас', 'экскурсию', 'приморский', 'район', 'адресу', 'планерная', '67', '2', '3', '4', 'один', 'дом', 'увидите', 'как', 'убираются', 'дворовые', 'проезды', 'точнее', 'убираются', 'кругов', 'либо', 'глыбы', 'льда', 'либо', 'море', 'обращались', '004', 'комитет', 'благоустройству', 'заявки', 'принимаются', 'рисультата', 'ноль', 'фото', 'такая', 'эпичная', 'картина', 'конечно']","['уважаемый', 'губернатор', 'приглашать', 'экскурсия', 'приморский', 'адрес', 'планерный', 'один', 'дом', 'увидеть', 'убираться', 'дворовый', 'проезд', 'точнее', 'убираться', 'круг', 'либо', 'глыба', 'лёд', 'либо', 'море', 'обращаться', '004', 'комитет', 'благоустройство', 'заявка', 'приниматься', 'рисультат', 'ноль', 'фото', 'такой', 'эпичный', 'картина', 'конечно']",уважаемый губернатор приглашать экскурсия приморский адрес планерный один дом увидеть убираться дворовый проезд точнее убираться круг либо глыба лёд либо море обращаться 004 комитет благоустройство заявка приниматься рисультат ноль фото такой эпичный картина конечно,349,0.3,False,2022-02-23,ул. Планерная д.67,Благоустройство,Текст,Дата создания,,Направление
45,Благоустройство,2022-02-23,"Это уборка на Луначарского 42 корп 2 тоже на Пр Энгельса 130к1, Луначарского 40 и 38 сплошной каток. В этом году не хотят муниципалы чистить город и дворы. Прошлое управление Выборгского района чистила и детские площадки. А теперь все утопает то во льду то в снег засыпано. С детьми негде гулять. Отвратительная работа!!!!!!",appeal_000045,"Это уборка на Луначарского 42 корп 2 тоже на Пр Энгельса 130к1, Луначарского 40 и 38 сплошной каток. В этом году не хотят муниципалы чистить город и дворы. Прошлое управление Выборгского района чистила и детские площадки. А теперь все утопает то во льду то в снег засыпано. С детьми негде гулять. Отвратительная работа!!!!!!","Это уборка на Луначарского 42 корп 2 тоже на Пр Энгельса 130к1, Луначарского 40 и 38 сплошной каток. В этом году не хотят муниципалы чистить город и дворы. Прошлое управление Выборгского района чистила и детские площадки. А теперь все утопает то во льду то в снег засыпано. С детьми негде гулять. Отвратительная работа!!!!!!","['это', 'уборка', 'луначарского', '42', 'корп', '2', 'тоже', 'энгельса', '130к', '1', 'луначарского', '40', '38', 'сплошной', 'каток', 'этом', 'году', 'хотят', 'муниципалы', 'чистить', 'город', 'дворы', 'прошлое', 'управление', 'выборгского', 'района', 'чистила', 'детские', 'площадки', 'теперь', 'все', 'утопает', 'льду', 'снег', 'засыпано', 'детьми', 'негде', 'гулять', 'отвратительная', 'работа']","['уборка', 'луначарский', 'корп', 'тоже', 'энгельс', '130к', 'луначарский', 'сплошной', 'каток', 'год', 'хотеть', 'муниципал', 'чистить', 'двор', 'прошлое', 'управление', 'выборгский', 'чистить', 'детский', 'площадка', 'утопать', 'лёд', 'снег', 'засыпать', 'ребёнок', 'негде', 'гулять', 'отвратительный', 'работа']",уборка луначарский корп тоже энгельс 130к луначарский сплошной каток год хотеть муниципал чистить двор прошлое управление выборгский чистить детский площадка утопать лёд снег засыпать ребёнок негде гулять отвратительный работа,324,0.3,False,2022-02-23,уборка на Луначарского 42,Благоустройство,Текст,Дата создания,,Направление
46,Благоустройство,2022-02-23,"Доброй ночи ! Хотим оставить вам жалобу на полное бездействие коммунальных служб ! Заявки на 004 принимают и на этом все ! За целую зиму был трактор во дворе 3 раза ! Регулярно оставляем жалобы , но воз и ныне там .Итог неубранного снега , далее растаявшего -это голый лед ! Лично я упала за день 2 раза уже ! Это дворовая территория Светлановский проспект 47 и школа китайская гимназия 652! Где не убираются вообще никогда ! Вы лично можете приехать и посмотреть состояние данных улиц ! Очень просим принять меры !",appeal_000046,"Доброй ночи ! Хотим оставить вам жалобу на полное бездействие коммунальных служб ! Заявки на 004 принимают и на этом все ! За целую зиму был трактор во дворе 3 раза ! Регулярно оставляем жалобы , но воз и ныне там .Итог неубранного снега , далее растаявшего -это голый лед ! Лично я упала за день 2 раза уже ! Это дворовая территория Светлановский проспект 47 и школа китайская гимназия 652! Где не убираются вообще никогда ! Вы лично можете приехать и посмотреть состояние данных улиц ! Очень просим принять меры !","Доброй ночи ! Хотим оставить вам жалобу на полное бездействие коммунальных служб ! Заявки на 004 принимают и на этом все ! За целую зиму был трактор во дворе 3 раза ! Регулярно оставляем жалобы , но воз и ныне там .Итог неубранного снега , далее растаявшего -это голый лед ! Лично я упала за день 2 раза уже ! Это дворовая территория Светлановский проспект 47 и школа китайская гимназия 652! Где не убираются вообще никогда ! Вы лично можете приехать и посмотреть состояние данных улиц ! Очень просим принять меры !","['доброй', 'ночи', 'хотим', 'оставить', 'вам', 'жалобу', 'полное', 'бездействие', 'коммунальных', 'служб', 'заявки', '004', 'принимают', 'этом', 'все', 'целую', 'зиму', 'был', 'трактор', 'дворе', '3', 'раза', 'регулярно', 'оставляем', 'жалобы', 'воз', 'ныне', 'там', 'итог', 'неубранного', 'снега', 'далее', 'растаявшего', 'это', 'голый', 'лед', 'лично', 'упала', 'день', '2', 'раза', 'уже', 'это', 'дворовая', 'территория', 'светлановский', 'проспект', '47', 'школа', 'китайская', 'гимназия', '652', 'где', 'убираются', 'вообще', 'никогда', 'лично', 'можете', 'приехать', 'посмотреть', 'состояние', 'данных', 'улиц', 'очень', 'просим', 'принять', 'меры']","['ночь', 'хотеть', 'оставить', 'жалоба', 'полный', 'бездействие', 'коммунальный', 'служба', 'заявка', '004', 'принимать', 'целый', 'зима', 'трактор', 'двор', 'раз', 'регулярно', 'оставлять', 'жалоба', 'воз', 'ныне', 'там', 'итог', 'неубранный', 'снег', 'далее', 'растаять', 'голый', 'лёд', 'лично', 'упасть', 'раз', 'дворовый', 'территория', 'светлановский', 'проспект', 'школа', 'китайский', 'гимназия', '652', 'где', 'убираться', 'вообще', 'никогда', 'лично', 'мочь', 'приехать', 'посмотреть', 'состояние', 'данные', 'улица', 'очень', 'просить', 'принять']",ночь хотеть оставить жалоба полный бездействие коммунальный служба заявка 004 принимать целый зима трактор двор раз регулярно оставлять жалоба воз ныне там итог неубранный снег далее растаять голый лёд лично упасть раз дворовый территория светлановский проспект школа китайский гимназия 652 где убираться вообще никогда лично мочь приехать посмотреть состояние данные улица очень просить принять,515,0.5,False,2022-02-23,Заявки на 004,Благоустройство,Текст,Дата создания,,Направление
47,Дворы и территории общего пользования,2022-02-23,"Здравствуйте. Прошу разобраться почему во дворе с начала зимы не ездит трактор и не убирает снег? Образовалась такая колеия, что машина скребет днишем по льду и нет возможности припарковаться нормально.",appeal_000047,"Здравствуйте. Прошу разобраться почему во дворе с начала зимы не ездит трактор и не убирает снег? Образовалась такая колеия, что машина скребет днишем по льду и нет возможности припарковаться нормально.","Здравствуйте. Прошу разобраться почему во дворе с начала зимы не ездит трактор и не убирает снег? Образовалась такая колеия, что машина скребет днишем по льду и нет возможности припарковаться нормально.","['здравствуйте', 'прошу', 'разобраться', 'почему', 'дворе', 'начала', 'зимы', 'ездит', 'трактор', 'убирает', 'снег', 'образовалась', 'такая', 'колеия', 'что', 'машина', 'скребет', 'днишем', 'льду', 'нет', 'возможности', 'припарковаться', 'нормально']","['разобраться', 'почему', 'двор', 'начало', 'зима', 'ездить', 'трактор', 'убирать', 'снег', 'образоваться', 'такой', 'колеие', 'машина', 'скрести', 'дниш', 'лёд', 'возможность', 'припарковаться', 'нормально']",разобраться почему двор начало зима ездить трактор убирать снег образоваться такой колеие машина скрести дниш лёд возможность припарковаться нормально,202,0.0,False,2022-02-23,,Дворы и территории общего пользования,Текст,Дата создания,,Направление
48,Дворы и территории общего пользования,2022-02-23,Во дворе дома по улице Стахановцев гололед,appeal_000048,Во дворе дома по улице Стахановцев гололед,Во дворе дома по улице Стахановцев гололед,"['дворе', 'дома', 'улице', 'стахановцев', 'гололед']","['двор', 'дом', 'улица', 'стахановец', 'гололёд']",двор дом улица стахановец гололёд,42,0.0,False,2022-02-23,,Дворы и территории общего пользования,Текст,Дата создания,,Направление
49,Дворы и территории общего пользования,2022-02-23,"За зиму ни разу не производилась очистка внутриквартального проезда по адресу ул Народная д2 . На дорожном покрытии образовалась наледь высотой достигающей 10 см и более с колеей и провалами, по сути это чистый лед , каток с ямами по которому не возможно перемещаться как пешеходам , так и автомобилям . Мои родители -пенсионеры, моя бабушка -ветеран Великой Отечественной войны , не могут безопасно выйти из собственного дома и сходить даже в магазин за продуктами! Прошу немедленно произвести очистку данного проезда от наледи и снега !",appeal_000049,"За зиму ни разу не производилась очистка внутриквартального проезда по адресу ул Народная д2 . На дорожном покрытии образовалась наледь высотой достигающей 10 см и более с колеей и провалами, по сути это чистый лед , каток с ямами по которому не возможно перемещаться как пешеходам , так и автомобилям . Мои родители -пенсионеры, моя бабушка -ветеран Великой Отечественной войны , не могут безопасно выйти из собственного дома и сходить даже в магазин за продуктами! Прошу немедленно произвести очистку данного проезда от наледи и снега !","За зиму ни разу не производилась очистка внутриквартального проезда по адресу ул Народная д2 . На дорожном покрытии образовалась наледь высотой достигающей 10 см и более с колеей и провалами, по сути это чистый лед , каток с ямами по которому не возможно перемещаться как пешеходам , так и автомобилям . Мои родители -пенсионеры, моя бабушка -ветеран Великой Отечественной войны , не могут безопасно выйти из собственного дома и сходить даже в магазин за продуктами! Прошу немедленно произвести очистку данного проезда от наледи и снега !","['зиму', 'разу', 'производилась', 'очистка', 'внутриквартального', 'проезда', 'адресу', 'народная', '2', 'дорожном', 'покрытии', 'образовалась', 'наледь', 'высотой', 'достигающей', '10', 'более', 'колеей', 'провалами', 'сути', 'это', 'чистый', 'лед', 'каток', 'ямами', 'которому', 'возможно', 'перемещаться', 'как', 'пешеходам', 'так', 'автомобилям', 'мои', 'родители', 'пенсионеры', 'моя', 'бабушка', 'ветеран', 'великой', 'отечественной', 'войны', 'могут', 'безопасно', 'выйти', 'собственного', 'дома', 'сходить', 'даже', 'магазин', 'продуктами', 'прошу', 'немедленно', 'произвести', 'очистку', 'данного', 'проезда', 'наледи', 'снега']","['зима', 'раз', 'производиться', 'очистка', 'внутриквартальный', 'проезд', 'адрес', 'народный', 'дорожный', 'покрытие', 'образоваться', 'наледь', 'высота', 'достигать', 'более', 'колея', 'провал', 'суть', 'чистый', 'лёд', 'каток', 'ям', 'который', 'возможно', 'перемещаться', 'пешеход', 'автомобиль', 'мой', 'родитель', 'пенсионер', 'мой', 'бабушка', 'ветеран', 'великий', 'отечественный', 'война', 'мочь', 'безопасно', 'выйти', 'собственный', 'дом', 'сходить', 'магазин', 'продукт', 'немедленно', 'произвести', 'очистка', 'данный', 'проезд', 'наледь', 'снег']",зима раз производиться очистка внутриквартальный проезд адрес народный дорожный покрытие образоваться наледь высота достигать более колея провал суть чистый лёд каток ям который возможно перемещаться пешеход автомобиль мой родитель пенсионер мой бабушка ветеран великий отечественный война мочь безопасно выйти собственный дом сходить магазин продукт немедленно произвести очистка данный проезд наледь снег,538,0.4,True,2022-02-23,ул Народная д2,Дворы и территории общего пользования,Текст,Дата создания,,Направление
50,Дворы и территории общего пользования,2022-02-23,"Во дворах Чудновского 2/11 и Кржижановского 13 и 15 не убраны дороги от снега и льда, один сплошной каток. Дороги ни чем не посыпаны. Машины буксуют из-за отсутствия уборки во дворах. Просьба очистить дороги от снега и льда во дворах.",appeal_000050,"Во дворах Чудновского 2/11 и Кржижановского 13 и 15 не убраны дороги от снега и льда, один сплошной каток. Дороги ни чем не посыпаны. Машины буксуют из-за отсутствия уборки во дворах. Просьба очистить дороги от снега и льда во дворах.","Во дворах Чудновского 2/11 и Кржижановского 13 и 15 не убраны дороги от снега и льда, один сплошной каток. Дороги ни чем не посыпаны. Машины буксуют из-за отсутствия уборки во дворах. Просьба очистить дороги от снега и льда во дворах.","['дворах', 'чудновского', '2', '11', 'кржижановского', '13', '15', 'убраны', 'дороги', 'снега', 'льда', 'один', 'сплошной', 'каток', 'дороги', 'чем', 'посыпаны', 'машины', 'буксуют', 'из-за', 'отсутствия', 'уборки', 'дворах', 'просьба', 'очистить', 'дороги', 'снега', 'льда', 'дворах']","['двор', 'чудновский', 'кржижановский', 'убрать', 'дорога', 'снег', 'лёд', 'один', 'сплошной', 'каток', 'дорога', 'чем', 'посыпать', 'машина', 'буксовать', 'из-за', 'отсутствие', 'уборка', 'двор', 'просьба', 'очистить', 'дорога', 'снег', 'лёд', 'двор']",двор чудновский кржижановский убрать дорога снег лёд один сплошной каток дорога чем посыпать машина буксовать из-за отсутствие уборка двор просьба очистить дорога снег лёд двор,234,0.0,False,2022-02-23,Во дворах Чудновского 2/11,Дворы и территории общего пользования,Текст,Дата создания,,Направление
51,Дворы и территории общего пользования,2022-02-23,"Во дворе Чудновского 2/11 и Кржижановского д. 13 и д. 15 не убраны дворовые дороги и ни чем не посыпаны, один сплошной каток, от остановки до дома не возможно пройти. Просьба очистить от наледи дороги во дворах.",appeal_000051,"Во дворе Чудновского 2/11 и Кржижановского д. 13 и д. 15 не убраны дворовые дороги и ни чем не посыпаны, один сплошной каток, от остановки до дома не возможно пройти. Просьба очистить от наледи дороги во дворах.","Во дворе Чудновского 2/11 и Кржижановского д. 13 и д. 15 не убраны дворовые дороги и ни чем не посыпаны, один сплошной каток, от остановки до дома не возможно пройти. Просьба очистить от наледи дороги во дворах.","['дворе', 'чудновского', '2', '11', 'кржижановского', '13', '15', 'убраны', 'дворовые', 'дороги', 'чем', 'посыпаны', 'один', 'сплошной', 'каток', 'остановки', 'дома', 'возможно', 'пройти', 'просьба', 'очистить', 'наледи', 'дороги', 'дворах']","['двор', 'чудновский', 'кржижановский', 'убрать', 'дворовый', 'дорога', 'чем', 'посыпать', 'один', 'сплошной', 'каток', 'остановка', 'дом', 'возможно', 'пройти', 'просьба', 'очистить', 'наледь', 'дорога', 'двор']",двор чудновский кржижановский убрать дворовый дорога чем посыпать один сплошной каток остановка дом возможно пройти просьба очистить наледь дорога двор,211,0.0,False,2022-02-23,Во дворе Чудновского 2/11,Дворы и территории общего пользования,Текст,Дата создания,,Направление
52,Дворы и территории общего пользования,2022-02-23,Управляющая компания бездействует тротуары все во льду гололёд,appeal_000052,Управляющая компания бездействует тротуары все во льду гололёд,Управляющая компания бездействует тротуары все во льду гололед,"['управляющая', 'компания', 'бездействует', 'тротуары', 'все', 'льду', 'гололед']","['управлять', 'компания', 'бездействовать', 'тротуар', 'лёд', 'гололёд']",управлять компания бездействовать тротуар лёд гололёд,62,0.2,False,2022-02-23,,Дворы и территории общего пользования,Текст,Дата создания,,Направление
53,Дворы и территории общего пользования,2022-02-23,Во дворе по адресу Красное Село ул Гвардейская 8 к2 невозможно ходить!Люди ломают руки и ноги!Машинам тоже проехать без повреждений не удаётся!Такой беспредел твориться на протяжении всей зимы!Примите пожалуйста меры!,appeal_000053,Во дворе по адресу Красное Село ул Гвардейская 8 к2 невозможно ходить!Люди ломают руки и ноги!Машинам тоже проехать без повреждений не удаётся!Такой беспредел твориться на протяжении всей зимы!Примите пожалуйста меры!,Во дворе по адресу Красное Село ул Гвардейская 8 к2 невозможно ходить!Люди ломают руки и ноги!Машинам тоже проехать без повреждений не удается!Такой беспредел твориться на протяжении всей зимы!Примите пожалуйста меры!,"['дворе', 'адресу', 'красное', 'село', 'гвардейская', '8', '2', 'невозможно', 'ходить', 'люди', 'ломают', 'руки', 'ноги', 'машинам', 'тоже', 'проехать', 'без', 'повреждений', 'удается', 'такой', 'беспредел', 'твориться', 'протяжении', 'всей', 'зимы', 'примите', 'пожалуйста', 'меры']","['двор', 'адрес', 'красный', 'село', 'гвардейский', 'невозможно', 'ходить', 'человек', 'ломать', 'рука', 'нога', 'машина', 'тоже', 'проехать', 'повреждение', 'удаваться', 'такой', 'беспредел', 'твориться', 'протяжение', 'весь', 'зима', 'принять', 'пожалуйста']",двор адрес красный село гвардейский невозможно ходить человек ломать рука нога машина тоже проехать повреждение удаваться такой беспредел твориться протяжение весь зима принять пожалуйста,217,0.5,False,2022-02-23,ул Гвардейская 8,Дворы и территории общего пользования,Текст,Дата создания,,Направление
54,Дворы и территории общего пользования,2022-02-23,"Ледяные дороги... Подскользнулась, упала и потянула руку!!!",appeal_000054,"Ледяные дороги... Подскользнулась, упала и потянула руку!!!","Ледяные дороги... Подскользнулась, упала и потянула руку!!!","['ледяные', 'дороги', 'подскользнулась', 'упала', 'потянула', 'руку']","['ледяной', 'дорога', 'подскользнуться', 'упасть', 'потянуть', 'рука']",ледяной дорога подскользнуться упасть потянуть рука,59,0.3,False,2022-02-23,,Дворы и территории общего пользования,Текст,Дата создания,,Направление
55,Дворы и территории общего пользования,2022-02-23,"Необходимо с помощью спец техники очистить проезжую часть. Машину не могут нормально проехать, про людей вообще молчу, там просто нет для них безопасной дороги",appeal_000055,"Необходимо с помощью спец техники очистить проезжую часть. Машину не могут нормально проехать, про людей вообще молчу, там просто нет для них безопасной дороги","Необходимо с помощью спец техники очистить проезжую часть. Машину не могут нормально проехать, про людей вообще молчу, там просто нет для них безопасной дороги","['необходимо', 'помощью', 'спец', 'техники', 'очистить', 'проезжую', 'часть', 'машину', 'могут', 'нормально', 'проехать', 'про', 'людей', 'вообще', 'молчу', 'там', 'просто', 'нет', 'для', 'них', 'безопасной', 'дороги']","['необходимо', 'помощь', 'спец', 'техника', 'очистить', 'проезжий', 'часть', 'машина', 'мочь', 'нормально', 'проехать', 'человек', 'вообще', 'молчать', 'там', 'просто', 'они', 'безопасный', 'дорога']",необходимо помощь спец техника очистить проезжий часть машина мочь нормально проехать человек вообще молчать там просто они безопасный дорога,159,0.2,True,2022-02-23,,Дворы и территории общего пользования,Текст,Дата создания,,Направление
56,Дворы и территории общего пользования,2022-02-23,Наледь. Нед посылки ПГМ.,appeal_000056,Наледь. Нед посылки ПГМ.,Наледь. Нед посылки ПГМ.,"['наледь', 'нед', 'посылки', 'пгм']","['наледь', 'нед', 'посылка', 'пгм']",наледь нед посылка пгм,24,0.0,False,2022-02-23,,Дворы и территории общего пользования,Текст,Дата создания,,Направление
57,Дворы и территории общего пользования,2022-02-23,Огромная ледяная колея. Машина цепляет днищем. Идти пешком тоже невозможно из за льда.,appeal_000057,Огромная ледяная колея. Машина цепляет днищем. Идти пешком тоже невозможно из за льда.,Огромная ледяная колея. Машина цепляет днищем. Идти пешком тоже невозможно из за льда.,"['огромная', 'ледяная', 'колея', 'машина', 'цепляет', 'днищем', 'идти', 'пешком', 'тоже', 'невозможно', 'льда']","['огромный', 'ледяной', 'колея', 'машина', 'цеплять', 'днище', 'идти', 'пешком', 'тоже', 'невозможно', 'лёд']",огромный ледяной колея машина цеплять днище идти пешком тоже невозможно лёд,86,0.2,False,2022-02-23,,Дворы и территории общего пользования,Текст,Дата создания,,Направление
58,Дворы и территории общего пользования,2022-02-23,"Гололед у дома по российский пр. Д.14 Не подойти ни к аптеке, ни к магазинам. Вдоль дома можно пройти только держась за стену дома. Пешеходные дорожки сплошной лед.",appeal_000058,"Гололед у дома по российский пр. Д.14 Не подойти ни к аптеке, ни к магазинам. Вдоль дома можно пройти только держась за стену дома. Пешеходные дорожки сплошной лед.","Гололед у дома по российский пр. Д.14 Не подойти ни к аптеке, ни к магазинам. Вдоль дома можно пройти только держась за стену дома. Пешеходные дорожки сплошной лед.","['гололед', 'дома', 'российский', '14', 'подойти', 'аптеке', 'магазинам', 'вдоль', 'дома', 'можно', 'пройти', 'только', 'держась', 'стену', 'дома', 'пешеходные', 'дорожки', 'сплошной', 'лед']","['гололёд', 'дом', 'российский', 'подойти', 'аптека', 'магазин', 'вдоль', 'дом', 'можно', 'пройти', 'держаться', 'стена', 'дом', 'пешеходный', 'дорожка', 'сплошной', 'лёд']",гололёд дом российский подойти аптека магазин вдоль дом можно пройти держаться стена дом пешеходный дорожка сплошной лёд,164,0.0,False,2022-02-23,,Дворы и территории общего пользования,Текст,Дата создания,,Направление
59,Дворы и территории общего пользования,2022-02-23,"Не чистится проезд между домами 9 и 13 по ул.Чудновского, вот уже 8 дней. Не пройти, и не проехать.",appeal_000059,"Не чистится проезд между домами 9 и 13 по ул.Чудновского, вот уже 8 дней. Не пройти, и не проехать.","Не чистится проезд между домами 9 и 13 по ул.Чудновского, вот уже 8 дней. Не пройти, и не проехать.","['чистится', 'проезд', 'между', 'домами', '9', '13', 'чудновского', 'вот', 'уже', '8', 'дней', 'пройти', 'проехать']","['чиститься', 'проезд', 'между', 'дом', 'чудновский', 'пройти', 'проехать']",чиститься проезд между дом чудновский пройти проехать,99,0.0,False,2022-02-23,проезд между домами 9,Дворы и территории общего пользования,Текст,Дата создания,,Направление
60,Дворы и территории общего пользования,2022-02-23,"Не чистят снег, гололед вокруг дома 13 по ул. Чудновского. Пешеходы падают, как кегли.",appeal_000060,"Не чистят снег, гололед вокруг дома 13 по ул. Чудновского. Пешеходы падают, как кегли.","Не чистят снег, гололед вокруг дома 13 по ул. Чудновского. Пешеходы падают, как кегли.","['чистят', 'снег', 'гололед', 'вокруг', 'дома', '13', 'чудновского', 'пешеходы', 'падают', 'как', 'кегли']","['чистить', 'снег', 'гололёд', 'вокруг', 'дом', 'чудновский', 'пешеход', 'падать', 'кегль']",чистить снег гололёд вокруг дом чудновский пешеход падать кегль,86,0.0,False,2022-02-23,гололед вокруг дома 13,Дворы и территории общего пользования,Текст,Дата создания,,Направление
61,Дороги,2022-02-23,И там же гигантская яма - с ней тоже никто ничего не длелает: https://vk.com/wall-157028191_43820?reply=43922&thread=43920,appeal_000061,И там же гигантская яма - с ней тоже никто ничего не длелает: https://vk.com/wall-157028191_43820?reply=43922&thread=43920,И там же гигантская яма - с ней тоже никто ничего не длелает:,"['там', 'гигантская', 'яма', 'ней', 'тоже', 'никто', 'ничего', 'длелает']","['там', 'гигантский', 'яма', 'тоже', 'никто', 'ничего', 'длелаять']",там гигантский яма тоже никто ничего длелаять,61,0.0,False,2022-02-23,,Дороги,Текст,Дата создания,,Направление
62,Благоустройство,2022-02-23,Ситцевая улица,appeal_000062,Ситцевая улица,Ситцевая улица,"['ситцевая', 'улица']","['ситцевый', 'улица']",ситцевый улица,14,0.0,False,2022-02-23,,Благоустройство,Текст,Дата создания,,Направление
63,Дороги,2022-02-23,"Добрый день. На ул. Софийской в Озкрках Выборгского р-на СПб две громадные ямы в асфальте. Машины ломают колеса. Также там не работает сток талой воды, сама улица не чищена. Движение по улице одностороннее, альтернативы проезда нет. Примите срочно меры по приведению улицы в надлежащее состояние!!! Ликвидируйте ямы на проезжей части!!!",appeal_000063,"Добрый день. На ул. Софийской в Озкрках Выборгского р-на СПб две громадные ямы в асфальте. Машины ломают колеса. Также там не работает сток талой воды, сама улица не чищена. Движение по улице одностороннее, альтернативы проезда нет. Примите срочно меры по приведению улицы в надлежащее состояние!!! Ликвидируйте ямы на проезжей части!!!","Добрый день. На ул. Софийской в Озкрках Выборгского р-на СПб две громадные ямы в асфальте. Машины ломают колеса. Также там не работает сток талой воды, сама улица не чищена. Движение по улице одностороннее, альтернативы проезда нет. Примите срочно меры по приведению улицы в надлежащее состояние!!! Ликвидируйте ямы на проезжей части!!!","['добрый', 'день', 'софийской', 'озкрках', 'выборгского', 'р-на', 'спб', 'две', 'громадные', 'ямы', 'асфальте', 'машины', 'ломают', 'колеса', 'также', 'там', 'работает', 'сток', 'талой', 'воды', 'сама', 'улица', 'чищена', 'движение', 'улице', 'одностороннее', 'альтернативы', 'проезда', 'нет', 'примите', 'срочно', 'меры', 'приведению', 'улицы', 'надлежащее', 'состояние', 'ликвидируйте', 'ямы', 'проезжей', 'части']","['софийский', 'озкрк', 'выборгский', 'р-на', 'спб', 'два', 'громадный', 'ям', 'асфальт', 'машина', 'ломать', 'колесо', 'также', 'там', 'работать', 'сток', 'талый', 'вода', 'сам', 'улица', 'чищеный', 'движение', 'улица', 'односторонний', 'альтернатива', 'проезд', 'принять', 'срочно', 'приведение', 'улица', 'надлежащий', 'состояние', 'ликвидировать', 'ям', 'проезжий', 'часть']",софийский озкрк выборгский р-на спб два громадный ям асфальт машина ломать колесо также там работать сток талый вода сам улица чищеный движение улица односторонний альтернатива проезд принять срочно приведение улица надлежащий состояние ликвидировать ям проезжий часть,336,0.3,True,2022-02-23,,Дороги,Текст,Дата создания,,Направление
64,Благоустройство,2022-02-23,"Добрый вечер! По улице архитектора Белова отсутствует возможность проехать к жилым домам по причине огромных ям. Проблема сохраняется уже не первый год. На текущий момент там постоянно застревают машины жильцов (это единственный проезд и у меня, например, отсутствует возможность отвезти ребёнка к врачу тк просто не выехать). Более того даже вызвать скорую помощь является проблемой: вместо оказания помощи долгое время машины пытаются вытолкать из ям). А счёт часто идёт на минуты. Прошу помочь в решении данного вопроса оперативно, потому что ожидать конкретной даты для кого-то может стать критичным. Проезд к дому всего один. За последние несколько дней только я видела, что скорую выталкивали дважды. Одно видео прилагаю. Спасибо за понимание...",appeal_000064,"Добрый вечер! По улице архитектора Белова отсутствует возможность проехать к жилым домам по причине огромных ям. Проблема сохраняется уже не первый год. На текущий момент там постоянно застревают машины жильцов (это единственный проезд и у меня, например, отсутствует возможность отвезти ребёнка к врачу тк просто не выехать). Более того даже вызвать скорую помощь является проблемой: вместо оказания помощи долгое время машины пытаются вытолкать из ям). А счёт часто идёт на минуты. Прошу помочь в решении данного вопроса оперативно, потому что ожидать конкретной даты для кого-то может стать критичным. Проезд к дому всего один. За последние несколько дней только я видела, что скорую выталкивали дважды. Одно видео прилагаю. Спасибо за понимание...","Добрый вечер! По улице архитектора Белова отсутствует возможность проехать к жилым домам по причине огромных ям. Проблема сохраняется уже не первый год. На текущий момент там постоянно застревают машины жильцов это единственный проезд и у меня, например, отсутствует возможность отвезти ребенка к врачу тк просто не выехать . Более того даже вызвать скорую помощь является проблемой: вместо оказания помощи долгое время машины пытаются вытолкать из ям . А счет часто идет на минуты. Прошу помочь в решении данного вопроса оперативно, потому что ожидать конкретной даты для кого-то может стать критичным. Проезд к дому всего один. За последние несколько дней только я видела, что скорую выталкивали дважды. Одно видео прилагаю. Спасибо за понимание...","['добрый', 'вечер', 'улице', 'архитектора', 'белова', 'отсутствует', 'возможность', 'проехать', 'жилым', 'домам', 'причине', 'огромных', 'проблема', 'сохраняется', 'уже', 'первый', 'год', 'текущий', 'момент', 'там', 'постоянно', 'застревают', 'машины', 'жильцов', 'это', 'единственный', 'проезд', 'меня', 'например', 'отсутствует', 'возможность', 'отвезти', 'ребенка', 'врачу', 'просто', 'выехать', 'более', 'того', 'даже', 'вызвать', 'скорую', 'помощь', 'является', 'проблемой', 'вместо', 'оказания', 'помощи', 'долгое', 'время', 'машины', 'пытаются', 'вытолкать', 'счет', 'часто', 'идет', 'минуты', 'прошу', 'помочь', 'решении', 'данного', 'вопроса', 'оперативно', 'потому', 'что', 'ожидать', 'конкретной', 'даты', 'для', 'кого-то', 'может', 'стать', 'критичным', 'проезд', 'дому', 'всего', 'один', 'последние', 'несколько', 'дней', 'только', 'видела', 'что', 'скорую', 'выталкивали', 'дважды', 'одно', 'видео', 'прилагаю', 'спасибо', 'понимание']","['вечер', 'улица', 'архитектор', 'белов', 'отсутствовать', 'возможность', 'проехать', 'жилой', 'дом', 'причина', 'огромный', 'проблема', 'сохраняться', 'первый', 'год', 'текущий', 'момент', 'там', 'постоянно', 'застревать', 'машина', 'жилец', 'единственный', 'проезд', 'например', 'отсутствовать', 'возможность', 'отвезти', 'ребёнок', 'врач', 'просто', 'выехать', 'более', 'тот', 'вызвать', 'скорый', 'помощь', 'являться', 'проблема', 'вместо', 'оказание', 'помощь', 'долгий', 'время', 'машина', 'пытаться', 'вытолкать', 'счёт', 'часто', 'идти', 'минута', 'помочь', 'решение', 'данный', 'оперативно', 'потому', 'ожидать', 'конкретный', 'дата', 'кто-то', 'мочь', 'стать', 'критичный', 'проезд', 'дом', 'весь', 'один', 'последний', 'несколько', 'видеть', 'скорый', 'выталкивать', 'дважды', 'один', 'видео', 'прилагать', 'спасибо', 'понимание']",вечер улица архитектор белов отсутствовать возможность проехать жилой дом причина огромный проблема сохраняться первый год текущий момент там постоянно застревать машина жилец единственный проезд например отсутствовать возможность отвезти ребёнок врач просто выехать более тот вызвать скорый помощь являться проблема вместо оказание помощь долгий время машина пытаться вытолкать счёт часто идти минута помочь решение данный оперативно потому ожидать конкретный дата кто-то мочь стать критичный проезд дом весь один последний несколько видеть скорый выталкивать дважды один видео прилагать спасибо понимание,750,0.1,False,2022-02-23,,Благоустройство,Текст,Дата создания,,Направление
65,Дороги,2022-02-23,Здравствуйте! Автобусная станция Ручьи! Автобусы застривают на вьезде и на выезде со станции!!! Большие глубокие ямы!!! Скоро будет не вьехать и не выехать вовсе.,appeal_000065,Здравствуйте! Автобусная станция Ручьи! Автобусы застривают на вьезде и на выезде со станции!!! Большие глубокие ямы!!! Скоро будет не вьехать и не выехать вовсе.,Здравствуйте! Автобусная станция Ручьи! Автобусы застривают на вьезде и на выезде со станции!!! Большие глубокие ямы!!! Скоро будет не вьехать и не выехать вовсе.,"['здравствуйте', 'автобусная', 'станция', 'ручьи', 'автобусы', 'застривают', 'вьезде', 'выезде', 'станции', 'большие', 'глубокие', 'ямы', 'скоро', 'будет', 'вьехать', 'выехать', 'вовсе']","['автобусный', 'станция', 'ручей', 'автобус', 'застривать', 'вьезда', 'выезд', 'станция', 'больший', 'глубокий', 'ям', 'скоро', 'вьехать', 'выехать', 'вовсе']",автобусный станция ручей автобус застривать вьезда выезд станция больший глубокий ям скоро вьехать выехать вовсе,162,0.3,False,2022-02-23,,Дороги,Текст,Дата создания,,Направление
66,Автомобильные дороги,2022-02-23,Очень глубокая яма. При оттепели она заполняется водой и ее не видно. Можно сильно повредить колесо.,appeal_000066,Очень глубокая яма. При оттепели она заполняется водой и ее не видно. Можно сильно повредить колесо.,Очень глубокая яма. При оттепели она заполняется водой и ее не видно. Можно сильно повредить колесо.,"['очень', 'глубокая', 'яма', 'при', 'оттепели', 'она', 'заполняется', 'водой', 'видно', 'можно', 'сильно', 'повредить', 'колесо']","['очень', 'глубокий', 'яма', 'оттепель', 'заполняться', 'вода', 'видно', 'можно', 'сильно', 'повредить', 'колесо']",очень глубокий яма оттепель заполняться вода видно можно сильно повредить колесо,100,0.0,False,2022-02-23,,Автомобильные дороги,Текст,Дата создания,,Направление
67,Автомобильные дороги,2022-02-23,"Автомобильные выезды из нашего квартала(от дома по адресу Бухарестская 31-5) на улицу Турку или на улицу Будапештская в ужасающем состоянии. Огромные ямы в асфальте,в которых скапливается вода,лужи,грязь. Самое интересно,что 4 года назад эти выезды ремонтировались. Но ремонт был выполнен некачественно крайне. Нужно найти исполнителей ,должна же быть какой-то гарантийный срок.. Безобразие",appeal_000067,"Автомобильные выезды из нашего квартала(от дома по адресу Бухарестская 31-5) на улицу Турку или на улицу Будапештская в ужасающем состоянии. Огромные ямы в асфальте,в которых скапливается вода,лужи,грязь. Самое интересно,что 4 года назад эти выезды ремонтировались. Но ремонт был выполнен некачественно крайне. Нужно найти исполнителей ,должна же быть какой-то гарантийный срок.. Безобразие","Автомобильные выезды из нашего квартала от дома по адресу Бухарестская 31-5 на улицу Турку или на улицу Будапештская в ужасающем состоянии. Огромные ямы в асфальте,в которых скапливается вода,лужи,грязь. Самое интересно,что 4 года назад эти выезды ремонтировались. Но ремонт был выполнен некачественно крайне. Нужно найти исполнителей ,должна же быть какой-то гарантийный срок.. Безобразие","['автомобильные', 'выезды', 'нашего', 'квартала', 'дома', 'адресу', 'бухарестская', '31', '5', 'улицу', 'турку', 'или', 'улицу', 'будапештская', 'ужасающем', 'состоянии', 'огромные', 'ямы', 'асфальте', 'которых', 'скапливается', 'вода', 'лужи', 'грязь', 'самое', 'интересно', 'что', '4', 'года', 'назад', 'эти', 'выезды', 'ремонтировались', 'ремонт', 'был', 'выполнен', 'некачественно', 'крайне', 'нужно', 'найти', 'исполнителей', 'должна', 'быть', 'какой-то', 'гарантийный', 'срок', 'безобразие']","['автомобильный', 'выезд', 'наш', 'квартал', 'дом', 'адрес', 'бухарестский', 'улица', 'турок', 'улица', 'будапештский', 'ужасающий', 'состояние', 'огромный', 'ям', 'асфальт', 'который', 'скапливаться', 'вода', 'лужа', 'грязь', 'самый', 'интересно', 'год', 'назад', 'выезд', 'ремонтироваться', 'ремонт', 'выполнить', 'некачественно', 'крайне', 'нужно', 'найти', 'исполнитель', 'должный', 'какой-то', 'гарантийный', 'срок', 'безобразие']",автомобильный выезд наш квартал дом адрес бухарестский улица турок улица будапештский ужасающий состояние огромный ям асфальт который скапливаться вода лужа грязь самый интересно год назад выезд ремонтироваться ремонт выполнить некачественно крайне нужно найти исполнитель должный какой-то гарантийный срок безобразие,389,0.2,False,2022-02-23,по адресу Бухарестская 31-5,Автомобильные дороги,Текст,Дата создания,,Направление
68,Автомобильные дороги,2022-02-23,"Здравствуйте. Разбита дорога на внутриквартальном проезде между домами Союзный 10 и 8 к.1 на выезде на сам Союзный проспект. На самом проспекте также огромные ямы требующие срочного ремонта. Прошу не писать отписок и оперативно провести ремонт, временную подсыпку до основного ремонта.",appeal_000068,"Здравствуйте. Разбита дорога на внутриквартальном проезде между домами Союзный 10 и 8 к.1 на выезде на сам Союзный проспект. На самом проспекте также огромные ямы требующие срочного ремонта. Прошу не писать отписок и оперативно провести ремонт, временную подсыпку до основного ремонта.","Здравствуйте. Разбита дорога на внутриквартальном проезде между домами Союзный 10 и 8 к.1 на выезде на сам Союзный проспект. На самом проспекте также огромные ямы требующие срочного ремонта. Прошу не писать отписок и оперативно провести ремонт, временную подсыпку до основного ремонта.","['здравствуйте', 'разбита', 'дорога', 'внутриквартальном', 'проезде', 'между', 'домами', 'союзный', '10', '8', '1', 'выезде', 'сам', 'союзный', 'проспект', 'самом', 'проспекте', 'также', 'огромные', 'ямы', 'требующие', 'срочного', 'ремонта', 'прошу', 'писать', 'отписок', 'оперативно', 'провести', 'ремонт', 'временную', 'подсыпку', 'основного', 'ремонта']","['разбитый', 'дорога', 'внутриквартальный', 'проезд', 'между', 'дом', 'союзный', 'выезд', 'сам', 'союзный', 'проспект', 'сам', 'проспект', 'также', 'огромный', 'ям', 'требовать', 'срочный', 'ремонт', 'писать', 'отписка', 'оперативно', 'провести', 'ремонт', 'временной', 'подсыпка', 'основный', 'ремонт']",разбитый дорога внутриквартальный проезд между дом союзный выезд сам союзный проспект сам проспект также огромный ям требовать срочный ремонт писать отписка оперативно провести ремонт временной подсыпка основный ремонт,285,0.0,True,2022-02-23,между домами Союзный 10,Автомобильные дороги,Текст,Дата создания,,Направление
69,Автомобильные дороги,2022-02-23,Ямы на дороге! На протяжении всего Загородного проспекта есть глубокие ямы. На фото участок дороги на Загородном проспекте 16. На фотографиях виден масштаб.,appeal_000069,Ямы на дороге! На протяжении всего Загородного проспекта есть глубокие ямы. На фото участок дороги на Загородном проспекте 16. На фотографиях виден масштаб.,Ямы на дороге! На протяжении всего Загородного проспекта есть глубокие ямы. На фото участок дороги на Загородном проспекте 16. На фотографиях виден масштаб.,"['ямы', 'дороге', 'протяжении', 'всего', 'загородного', 'проспекта', 'есть', 'глубокие', 'ямы', 'фото', 'участок', 'дороги', 'загородном', 'проспекте', '16', 'фотографиях', 'виден', 'масштаб']","['ям', 'дорога', 'протяжение', 'весь', 'загородный', 'проспект', 'есть', 'глубокий', 'ям', 'фото', 'участок', 'дорога', 'загородный', 'проспект', 'фотография', 'видный', 'масштаб']",ям дорога протяжение весь загородный проспект есть глубокий ям фото участок дорога загородный проспект фотография видный масштаб,156,0.1,False,2022-02-23,на Загородном проспекте 16,Автомобильные дороги,Текст,Дата создания,,Направление
70,Автомобильные дороги,2022-02-23,Большая яма на дороге.,appeal_000070,Большая яма на дороге.,Большая яма на дороге.,"['большая', 'яма', 'дороге']","['больший', 'яма', 'дорога']",больший яма дорога,22,0.0,False,2022-02-23,,Автомобильные дороги,Текст,Дата создания,,Направление
71,Автомобильные дороги,2022-02-23,"От лица коллектива Оллфолейблс Рус и себя лично, прошу отремонтировать дорогу по адресу СПб, Красносельский район, Петергофское шоссе 73. На участке от железнодорожных путей до Петергофского шоссе 73 лит А , протяженностью 200 метров сплошные ямы . Глубина ям составляет от 10 до 27 см ( фото прилагается). Количество ям устрашает пешеходов и автолюбителей. Я лично вчера проехал по луже, которая прикрыла яму, после чего мне разорвало покрышку и согнуло колесный диск на автомобиле. После чего я понес существенные финансовые потери. Ежедневно автомашины увозят на эвакуаторах после попадания машин в ямы. Как эти ямы только не ремонтировали, засыпали камнями, закладывали кирпичами, даже заливали БЕТОНОМ!!!!( фото прилагается). Прошу отремонтировать данный участок с соблюдением всех технологий укладки асфальта.",appeal_000071,"От лица коллектива Оллфолейблс Рус и себя лично, прошу отремонтировать дорогу по адресу СПб, Красносельский район, Петергофское шоссе 73. На участке от железнодорожных путей до Петергофского шоссе 73 лит А , протяженностью 200 метров сплошные ямы . Глубина ям составляет от 10 до 27 см ( фото прилагается). Количество ям устрашает пешеходов и автолюбителей. Я лично вчера проехал по луже, которая прикрыла яму, после чего мне разорвало покрышку и согнуло колесный диск на автомобиле. После чего я понес существенные финансовые потери. Ежедневно автомашины увозят на эвакуаторах после попадания машин в ямы. Как эти ямы только не ремонтировали, засыпали камнями, закладывали кирпичами, даже заливали БЕТОНОМ!!!!( фото прилагается). Прошу отремонтировать данный участок с соблюдением всех технологий укладки асфальта.","От лица коллектива Оллфолейблс Рус и себя лично, прошу отремонтировать дорогу по адресу СПб, Красносельский район, Петергофское шоссе 73. На участке от железнодорожных путей до Петергофского шоссе 73 лит А , протяженностью 200 метров сплошные ямы . Глубина ям составляет от 10 до 27 см фото прилагается . Количество ям устрашает пешеходов и автолюбителей. Я лично вчера проехал по луже, которая прикрыла яму, после чего мне разорвало покрышку и согнуло колесный диск на автомобиле. После чего я понес существенные финансовые потери. Ежедневно автомашины увозят на эвакуаторах после попадания машин в ямы. Как эти ямы только не ремонтировали, засыпали камнями, закладывали кирпичами, даже заливали БЕТОНОМ!!!! фото прилагается . Прошу отремонтировать данный участок с соблюдением всех технологий укладки асфальта.","['лица', 'коллектива', 'оллфолейблс', 'рус', 'себя', 'лично', 'прошу', 'отремонтировать', 'дорогу', 'адресу', 'спб', 'красносельский', 'район', 'петергофское', 'шоссе', '73', 'участке', 'железнодорожных', 'путей', 'петергофского', 'шоссе', '73', 'лит', 'протяженностью', '200', 'метров', 'сплошные', 'ямы', 'глубина', 'составляет', '10', '27', 'фото', 'прилагается', 'количество', 'устрашает', 'пешеходов', 'автолюбителей', 'лично', 'вчера', 'проехал', 'луже', 'которая', 'прикрыла', 'яму', 'после', 'чего', 'мне', 'разорвало', 'покрышку', 'согнуло', 'колесный', 'диск', 'автомобиле', 'после', 'чего', 'понес', 'существенные', 'финансовые', 'потери', 'ежедневно', 'автомашины', 'увозят', 'эвакуаторах', 'после', 'попадания', 'машин', 'ямы', 'как', 'эти', 'ямы', 'только', 'ремонтировали', 'засыпали', 'камнями', 'закладывали', 'кирпичами', 'даже', 'заливали', 'бетоном', 'фото', 'прилагается', 'прошу', 'отремонтировать', 'данный', 'участок', 'соблюдением', 'всех', 'технологий', 'укладки', 'асфальта']","['лицо', 'коллектив', 'оллфолейблс', 'русый', 'себя', 'лично', 'отремонтировать', 'дорога', 'адрес', 'спб', 'красносельский', 'петергофский', 'шоссе', 'участок', 'железнодорожный', 'путь', 'петергофский', 'шоссе', 'лита', 'протяжённость', '200', 'метр', 'сплошной', 'ям', 'глубина', 'составлять', 'фото', 'прилагаться', 'количество', 'устрашать', 'пешеход', 'автолюбитель', 'лично', 'вчера', 'проехать', 'лужа', 'который', 'прикрыть', 'яма', 'после', 'разорвать', 'покрышка', 'согнуть', 'колёсный', 'диск', 'автомобиль', 'после', 'понести', 'существенный', 'финансовый', 'потеря', 'ежедневно', 'автомашина', 'увозить', 'эвакуатор', 'после', 'попадание', 'машина', 'ям', 'ям', 'ремонтировать', 'засыпать', 'камень', 'закладывать', 'кирпич', 'заливать', 'бетон', 'фото', 'прилагаться', 'отремонтировать', 'данный', 'участок', 'соблюдение', 'весь', 'технология', 'укладка', 'асфальт']",лицо коллектив оллфолейблс русый себя лично отремонтировать дорога адрес спб красносельский петергофский шоссе участок железнодорожный путь петергофский шоссе лита протяжённость 200 метр сплошной ям глубина составлять фото прилагаться количество устрашать пешеход автолюбитель лично вчера проехать лужа который прикрыть яма после разорвать покрышка согнуть колёсный диск автомобиль после понести существенный финансовый потеря ежедневно автомашина увозить эвакуатор после попадание машина ям ям ремонтировать засыпать камень закладывать кирпич заливать бетон фото прилагаться отремонтировать данный участок соблюдение весь технология укладка асфальт,812,0.3,False,2022-02-23,Петергофское шоссе 73,Автомобильные дороги,Текст,Дата создания,,Направление
72,Автомобильные дороги,2022-02-23,"Дорога вся в глубоких ямах. От талого снега ямы заполнились водой и не видно куда ехать. Та часть, которая не в ямах покрыта огромным количеством льда, машины застревают и не могут проехать.",appeal_000072,"Дорога вся в глубоких ямах. От талого снега ямы заполнились водой и не видно куда ехать. Та часть, которая не в ямах покрыта огромным количеством льда, машины застревают и не могут проехать.","Дорога вся в глубоких ямах. От талого снега ямы заполнились водой и не видно куда ехать. Та часть, которая не в ямах покрыта огромным количеством льда, машины застревают и не могут проехать.","['дорога', 'вся', 'глубоких', 'ямах', 'талого', 'снега', 'ямы', 'заполнились', 'водой', 'видно', 'куда', 'ехать', 'часть', 'которая', 'ямах', 'покрыта', 'огромным', 'количеством', 'льда', 'машины', 'застревают', 'могут', 'проехать']","['дорога', 'весь', 'глубокий', 'ям', 'талый', 'снег', 'ям', 'заполниться', 'вода', 'видно', 'куда', 'ехать', 'часть', 'который', 'ям', 'покрыть', 'огромный', 'количество', 'лёд', 'машина', 'застревать', 'мочь', 'проехать']",дорога весь глубокий ям талый снег ям заполниться вода видно куда ехать часть который ям покрыть огромный количество лёд машина застревать мочь проехать,190,0.0,False,2022-02-23,,Автомобильные дороги,Текст,Дата создания,,Направление
73,Автомобильные дороги,2022-02-23,"Ямы на Огородном переулке, ориентир Трефолева 4к1.",appeal_000073,"Ямы на Огородном переулке, ориентир Трефолева 4к1.","Ямы на Огородном переулке, ориентир Трефолева 4к1.","['ямы', 'огородном', 'переулке', 'ориентир', 'трефолева', '4к', '1']","['ям', 'огородный', 'переулок', 'ориентир', 'трефолев']",ям огородный переулок ориентир трефолев,50,0.0,False,2022-02-23,ориентир Трефолева 4к1,Автомобильные дороги,Текст,Дата создания,,Направление
74,Автомобильные дороги,2022-02-23,"Ямы по всей улице Руднева. Просьба провести ремонт, не ямочный, а капитальный, невозможно ездить!!",appeal_000074,"Ямы по всей улице Руднева. Просьба провести ремонт, не ямочный, а капитальный, невозможно ездить!!","Ямы по всей улице Руднева. Просьба провести ремонт, не ямочный, а капитальный, невозможно ездить!!","['ямы', 'всей', 'улице', 'руднева', 'просьба', 'провести', 'ремонт', 'ямочный', 'капитальный', 'невозможно', 'ездить']","['ям', 'весь', 'улица', 'руднева', 'просьба', 'провести', 'ремонт', 'ямочный', 'капитальный', 'невозможно', 'ездить']",ям весь улица руднева просьба провести ремонт ямочный капитальный невозможно ездить,98,0.4,False,2022-02-23,,Автомобильные дороги,Текст,Дата создания,,Направление
75,Автомобильные дороги,2022-02-23,"Катастрофическое состояние асфальта на всей улице Есенина, приходится маневрировать вокруг ям, выезжая на встречную полосу, просьба провести ремонт дороги, не ямочный, а капитальный, после зимы ямы стали ещё больше. Спасибо!",appeal_000075,"Катастрофическое состояние асфальта на всей улице Есенина, приходится маневрировать вокруг ям, выезжая на встречную полосу, просьба провести ремонт дороги, не ямочный, а капитальный, после зимы ямы стали ещё больше. Спасибо!","Катастрофическое состояние асфальта на всей улице Есенина, приходится маневрировать вокруг ям, выезжая на встречную полосу, просьба провести ремонт дороги, не ямочный, а капитальный, после зимы ямы стали еще больше. Спасибо!","['катастрофическое', 'состояние', 'асфальта', 'всей', 'улице', 'есенина', 'приходится', 'маневрировать', 'вокруг', 'выезжая', 'встречную', 'полосу', 'просьба', 'провести', 'ремонт', 'дороги', 'ямочный', 'капитальный', 'после', 'зимы', 'ямы', 'стали', 'еще', 'больше', 'спасибо']","['катастрофический', 'состояние', 'асфальт', 'весь', 'улица', 'есенин', 'приходиться', 'маневрировать', 'вокруг', 'выезжать', 'встречный', 'полоса', 'просьба', 'провести', 'ремонт', 'дорога', 'ямочный', 'капитальный', 'после', 'зима', 'ям', 'стать', 'большой', 'спасибо']",катастрофический состояние асфальт весь улица есенин приходиться маневрировать вокруг выезжать встречный полоса просьба провести ремонт дорога ямочный капитальный после зима ям стать большой спасибо,224,0.1,False,2022-02-23,,Автомобильные дороги,Текст,Дата создания,,Направление
76,Автомобильные дороги,2022-02-23,"Уберите, пожалуйста, свалку снега прям перед пешеходным переходом. 59.930175, 30.297854",appeal_000076,"Уберите, пожалуйста, свалку снега прям перед пешеходным переходом. 59.930175, 30.297854","Уберите, пожалуйста, свалку снега прям перед пешеходным переходом. 59.930175, 30.297854","['уберите', 'пожалуйста', 'свалку', 'снега', 'прям', 'перед', 'пешеходным', 'переходом', '59', '930175', '30', '297854']","['убрать', 'пожалуйста', 'свалка', 'снег', 'прям', 'перед', 'пешеходный', 'переход', '930175', '297854']",убрать пожалуйста свалка снег прям перед пешеходный переход 930175 297854,87,0.0,False,2022-02-23,,Автомобильные дороги,Текст,Дата создания,,Направление
77,Благоустройство,2022-02-23,,appeal_000077,,,[],[],,0,0.0,False,2022-02-23,,Благоустройство,Текст,Дата создания,,Направление
78,Дороги,2022-02-23,"Город грязный, снег не вывозится, куча чёрных глыб по городу, эта грязь тает, образуя большие лужи, затем опять лёд. По городу невозможно передвигаться!!! У нас такого никогда не было!!! Почему снег не вывозите из города, не полёте лёд?",appeal_000078,"Город грязный, снег не вывозится, куча чёрных глыб по городу, эта грязь тает, образуя большие лужи, затем опять лёд. По городу невозможно передвигаться!!! У нас такого никогда не было!!! Почему снег не вывозите из города, не полёте лёд?","Город грязный, снег не вывозится, куча черных глыб по городу, эта грязь тает, образуя большие лужи, затем опять лед. По городу невозможно передвигаться!!! У нас такого никогда не было!!! Почему снег не вывозите из города, не полете лед?","['город', 'грязный', 'снег', 'вывозится', 'куча', 'черных', 'глыб', 'городу', 'эта', 'грязь', 'тает', 'образуя', 'большие', 'лужи', 'затем', 'опять', 'лед', 'городу', 'невозможно', 'передвигаться', 'нас', 'такого', 'никогда', 'было', 'почему', 'снег', 'вывозите', 'города', 'полете', 'лед']","['грязный', 'снег', 'вывозиться', 'куча', 'чёрный', 'глыба', 'грязь', 'таять', 'образовать', 'больший', 'лужа', 'затем', 'опять', 'лёд', 'невозможно', 'передвигаться', 'такой', 'никогда', 'почему', 'снег', 'вывозить', 'полёт', 'лёд']",грязный снег вывозиться куча чёрный глыба грязь таять образовать больший лужа затем опять лёд невозможно передвигаться такой никогда почему снег вывозить полёт лёд,236,0.5,False,2022-02-23,,Дороги,Текст,Дата создания,,Направление
79,Благоустройство,2022-02-23,"[id437734987|Наталья], на Петроградскую загляните....У нас такого беспредела никогда не было.Глава только зар.плату получает,а что район весь в грязи и чёрных снежных куч утопает не видит!Видно совсем со зрением беда!!!Или дальше своего кабинета не выходит!",appeal_000079,"[id437734987|Наталья], на Петроградскую загляните....У нас такого беспредела никогда не было.Глава только зар.плату получает,а что район весь в грязи и чёрных снежных куч утопает не видит!Видно совсем со зрением беда!!!Или дальше своего кабинета не выходит!","id437734987 Наталья , на Петроградскую загляните....У нас такого беспредела никогда не было.Глава только зар.плату получает,а что район весь в грязи и черных снежных куч утопает не видит!Видно совсем со зрением беда!!!Или дальше своего кабинета не выходит!","['437734987', 'наталья', 'петроградскую', 'загляните', 'нас', 'такого', 'беспредела', 'никогда', 'было', 'глава', 'только', 'зар', 'плату', 'получает', 'что', 'район', 'весь', 'грязи', 'черных', 'снежных', 'куч', 'утопает', 'видит', 'видно', 'совсем', 'зрением', 'беда', 'или', 'дальше', 'своего', 'кабинета', 'выходит']","['437734987', 'наталья', 'петроградский', 'заглянуть', 'такой', 'беспредел', 'никогда', 'глава', 'зара', 'плата', 'получать', 'весь', 'грязь', 'чёрный', 'снежный', 'куча', 'утопать', 'видеть', 'видно', 'совсем', 'зрение', 'беда', 'далёкий', 'свой', 'кабинет', 'выходить']",437734987 наталья петроградский заглянуть такой беспредел никогда глава зара плата получать весь грязь чёрный снежный куча утопать видеть видно совсем зрение беда далёкий свой кабинет выходить,256,0.3,False,2022-02-23,,Благоустройство,Текст,Дата создания,,Направление
80,Дороги,2022-02-23,"Заявка принята 2февраля,а это 21февраля,отличная уборка района",appeal_000080,"Заявка принята 2февраля,а это 21февраля,отличная уборка района","Заявка принята 2февраля,а это 21февраля,отличная уборка района","['заявка', 'принята', '2ф', 'евраля', 'это', '21ф', 'евраля', 'отличная', 'уборка', 'района']","['заявка', 'принять', 'евраль', '21ф', 'евраль', 'отличный', 'уборка']",заявка принять евраль 21ф евраль отличный уборка,62,0.0,False,2022-02-23,Заявка принята 2февраля,Дороги,Текст,Дата создания,,Направление
81,Дороги,2022-02-23,"Прошу разобраться с уборкой наледи в Красносельском районе. У домов колейность в 20 см! Срок рассмотрения заявок 2 недели. Я должна обойти весь район и оставить по каждому адресу заявки? Это разве моя работа или всё-таки администрации района и города? Даже по оформленным заявкам часто уборка производится для фотофиксации, т.е. только выборочно. Зато по утрам под окнами ездит трактор с поднятой щёткой - тоже создаёт видимость.",appeal_000081,"Прошу разобраться с уборкой наледи в Красносельском районе. У домов колейность в 20 см! Срок рассмотрения заявок 2 недели. Я должна обойти весь район и оставить по каждому адресу заявки? Это разве моя работа или всё-таки администрации района и города? Даже по оформленным заявкам часто уборка производится для фотофиксации, т.е. только выборочно. Зато по утрам под окнами ездит трактор с поднятой щёткой - тоже создаёт видимость.","Прошу разобраться с уборкой наледи в Красносельском районе. У домов колейность в 20 см! Срок рассмотрения заявок 2 недели. Я должна обойти весь район и оставить по каждому адресу заявки? Это разве моя работа или все-таки администрации района и города? Даже по оформленным заявкам часто уборка производится для фотофиксации, т.е. только выборочно. Зато по утрам под окнами ездит трактор с поднятой щеткой - тоже создает видимость.","['прошу', 'разобраться', 'уборкой', 'наледи', 'красносельском', 'районе', 'домов', 'колейность', '20', 'срок', 'рассмотрения', 'заявок', '2', 'недели', 'должна', 'обойти', 'весь', 'район', 'оставить', 'каждому', 'адресу', 'заявки', 'это', 'разве', 'моя', 'работа', 'или', 'все-таки', 'администрации', 'района', 'города', 'даже', 'оформленным', 'заявкам', 'часто', 'уборка', 'производится', 'для', 'фотофиксации', 'только', 'выборочно', 'зато', 'утрам', 'под', 'окнами', 'ездит', 'трактор', 'поднятой', 'щеткой', 'тоже', 'создает', 'видимость']","['разобраться', 'уборка', 'наледь', 'красносельский', 'дом', 'колейность', 'срок', 'рассмотрение', 'заявка', 'неделя', 'должный', 'обойти', 'весь', 'оставить', 'каждый', 'адрес', 'заявка', 'разве', 'мой', 'работа', 'всё-таки', 'оформить', 'заявка', 'часто', 'уборка', 'производиться', 'фотофиксация', 'выборочно', 'зато', 'утро', 'окно', 'ездить', 'трактор', 'поднять', 'щётка', 'тоже', 'создавать', 'видимость']",разобраться уборка наледь красносельский дом колейность срок рассмотрение заявка неделя должный обойти весь оставить каждый адрес заявка разве мой работа всё-таки оформить заявка часто уборка производиться фотофиксация выборочно зато утро окно ездить трактор поднять щётка тоже создавать видимость,429,0.1,False,2022-02-23,домов колейность в 20,Дороги,Текст,Дата создания,,Направление
82,Дороги,2022-02-23,"Доброго вечера, прошло более месяца после последней уборки двора, она была после 10.01.2022 . На мои заявки, ответ ждите. Спасибо, сейчас мороз, гололед дойти до остановки, проблема.",appeal_000082,"Доброго вечера, прошло более месяца после последней уборки двора, она была после 10.01.2022 . На мои заявки, ответ ждите. Спасибо, сейчас мороз, гололед дойти до остановки, проблема.","Доброго вечера, прошло более месяца после последней уборки двора, она была после 10.01.2022 . На мои заявки, ответ ждите. Спасибо, сейчас мороз, гололед дойти до остановки, проблема.","['доброго', 'вечера', 'прошло', 'более', 'месяца', 'после', 'последней', 'уборки', 'двора', 'она', 'была', 'после', '10', '01', '2022', 'мои', 'заявки', 'ответ', 'ждите', 'спасибо', 'сейчас', 'мороз', 'гололед', 'дойти', 'остановки', 'проблема']","['вечер', 'пройти', 'более', 'месяц', 'после', 'последний', 'уборка', 'двор', 'после', '2022', 'мой', 'заявка', 'ждать', 'спасибо', 'сейчас', 'мороз', 'гололёд', 'дойти', 'остановка', 'проблема']",вечер пройти более месяц после последний уборка двор после 2022 мой заявка ждать спасибо сейчас мороз гололёд дойти остановка проблема,182,0.0,False,2022-02-23,она была после 10,Дороги,Текст,Дата создания,,Направление
83,Дороги,2022-02-23,"[id614872202|Юлия], ещё бы улицы в порядок привели!Позорище,а не район!А Защитников С ПРАЗДНИКОМ!!!<br>Ещё бы корпуса ""Можайки""отремонтировали.Скоро на голову рухнут!Особенно Дом культуры!!!!",appeal_000083,"[id614872202|Юлия], ещё бы улицы в порядок привели!Позорище,а не район!А Защитников С ПРАЗДНИКОМ!!!<br>Ещё бы корпуса ""Можайки""отремонтировали.Скоро на голову рухнут!Особенно Дом культуры!!!!","id614872202 Юлия , еще бы улицы в порядок привели!Позорище,а не район!А Защитников С ПРАЗДНИКОМ!!! Еще бы корпуса Можайки отремонтировали.Скоро на голову рухнут!Особенно Дом культуры!!!!","['614872202', 'юлия', 'еще', 'улицы', 'порядок', 'привели', 'позорище', 'район', 'защитников', 'праздником', 'еще', 'корпуса', 'можайки', 'отремонтировали', 'скоро', 'голову', 'рухнут', 'особенно', 'дом', 'культуры']","['614872202', 'юлия', 'улица', 'порядок', 'привести', 'позорище', 'защитник', 'праздник', 'корпус', 'можайк', 'отремонтировать', 'скоро', 'голова', 'рухнуть', 'особенно', 'дом', 'культура']",614872202 юлия улица порядок привести позорище защитник праздник корпус можайк отремонтировать скоро голова рухнуть особенно дом культура,186,0.5,False,2022-02-23,,Дороги,Текст,Дата создания,,Направление
84,Дороги,2022-02-23,Стеклянная улица ни разу не убиралась за зиму,appeal_000084,Стеклянная улица ни разу не убиралась за зиму,Стеклянная улица ни разу не убиралась за зиму,"['стеклянная', 'улица', 'разу', 'убиралась', 'зиму']","['стеклянный', 'улица', 'раз', 'убираться', 'зима']",стеклянный улица раз убираться зима,45,0.0,False,2022-02-23,,Дороги,Текст,Дата создания,,Направление
85,Благоустройство,2022-02-23,"Здравствуйте, с праздником вас. Я опять с жалобами: Софийская 42 к2, руками вообще не работают",appeal_000085,"Здравствуйте, с праздником вас. Я опять с жалобами: Софийская 42 к2, руками вообще не работают","Здравствуйте, с праздником вас. Я опять с жалобами: Софийская 42 к2, руками вообще не работают","['здравствуйте', 'праздником', 'вас', 'опять', 'жалобами', 'софийская', '42', '2', 'руками', 'вообще', 'работают']","['праздник', 'опять', 'жалоба', 'софийский', 'рука', 'вообще', 'работать']",праздник опять жалоба софийский рука вообще работать,94,0.0,False,2022-02-23,Софийская 42,Благоустройство,Текст,Дата создания,,Направление
86,Дороги,2022-02-23,В Парголово вообще не убирается ул Тихоокеанская! Одни отписки...,appeal_000086,В Парголово вообще не убирается ул Тихоокеанская! Одни отписки...,В Парголово вообще не убирается ул Тихоокеанская! Одни отписки...,"['парголово', 'вообще', 'убирается', 'тихоокеанская', 'одни', 'отписки']","['парголово', 'вообще', 'убираться', 'тихоокеанский', 'один', 'отписка']",парголово вообще убираться тихоокеанский один отписка,65,0.1,False,2022-02-23,,Дороги,Текст,Дата создания,,Направление
87,Дороги,2022-02-23,Мошенничество в сфере туризма? А в сфере уборки города всё уже в порядке? Все дела пределаны ? Везде чистота и порядок?,appeal_000087,Мошенничество в сфере туризма? А в сфере уборки города всё уже в порядке? Все дела пределаны ? Везде чистота и порядок?,Мошенничество в сфере туризма? А в сфере уборки города все уже в порядке? Все дела пределаны ? Везде чистота и порядок?,"['мошенничество', 'сфере', 'туризма', 'сфере', 'уборки', 'города', 'все', 'уже', 'порядке', 'все', 'дела', 'пределаны', 'везде', 'чистота', 'порядок']","['мошенничество', 'сфера', 'туризм', 'сфера', 'уборка', 'порядок', 'дело', 'пределана', 'везде', 'чистота', 'порядок']",мошенничество сфера туризм сфера уборка порядок дело пределана везде чистота порядок,119,0.0,False,2022-02-23,,Дороги,Текст,Дата создания,,Направление
88,Дороги,2022-02-23,Еще одна машина скорой помощи не смогла доехать до пациента застряв на этой улице.,appeal_000088,Еще одна машина скорой помощи не смогла доехать до пациента застряв на этой улице.,Еще одна машина скорой помощи не смогла доехать до пациента застряв на этой улице.,"['еще', 'одна', 'машина', 'скорой', 'помощи', 'смогла', 'доехать', 'пациента', 'застряв', 'этой', 'улице']","['один', 'машина', 'скорый', 'помощь', 'смочь', 'доехать', 'пациент', 'застрять', 'улица']",один машина скорый помощь смочь доехать пациент застрять улица,82,0.0,False,2022-02-23,,Дороги,Текст,Дата создания,,Направление
89,Благоустройство,2022-02-23,"[club189271005|Государственная жилищная инспекция СПб] , прошу обратить внимание на неисполнение обязательств Администрацией Невского района по уборке земель общего пользования",appeal_000089,"[club189271005|Государственная жилищная инспекция СПб] , прошу обратить внимание на неисполнение обязательств Администрацией Невского района по уборке земель общего пользования","club189271005 Государственная жилищная инспекция СПб , прошу обратить внимание на неисполнение обязательств Администрацией Невского района по уборке земель общего пользования","['club', '189271005', 'государственная', 'жилищная', 'инспекция', 'спб', 'прошу', 'обратить', 'внимание', 'неисполнение', 'обязательств', 'администрацией', 'невского', 'района', 'уборке', 'земель', 'общего', 'пользования']","['club', '189271005', 'государственный', 'жилищный', 'инспекция', 'спб', 'обратить', 'внимание', 'неисполнение', 'обязательство', 'невский', 'уборка', 'земля', 'общий', 'пользование']",club 189271005 государственный жилищный инспекция спб обратить внимание неисполнение обязательство невский уборка земля общий пользование,174,0.0,False,2022-02-23,,Благоустройство,Текст,Дата создания,,Направление
90,Благоустройство,2022-02-23,"У нашего дома по адресу  Пограничника Гарькавого 28 корп.4 . Красносельский район, снег за зиму не убирался ни разу, сейчас не возможно дойти до транспорта на пр. Ветеранов или на Пограничника Гарькавого, ВСЕ ЗАЛЕДЕНЕЛО!!!!!!! МАШИНЫ НЕ МОГУТ ВЫЕХАТЬ ИЗ ДВОРА!!!!!!!!!!!!!!!!!!!!!!!",appeal_000090,"У нашего дома по адресу  Пограничника Гарькавого 28 корп.4 . Красносельский район, снег за зиму не убирался ни разу, сейчас не возможно дойти до транспорта на пр. Ветеранов или на Пограничника Гарькавого, ВСЕ ЗАЛЕДЕНЕЛО!!!!!!! МАШИНЫ НЕ МОГУТ ВЫЕХАТЬ ИЗ ДВОРА!!!!!!!!!!!!!!!!!!!!!!!","У нашего дома по адресу Пограничника Гарькавого 28 корп.4 . Красносельский район, снег за зиму не убирался ни разу, сейчас не возможно дойти до транспорта на пр. Ветеранов или на Пограничника Гарькавого, ВСЕ ЗАЛЕДЕНЕЛО!!!!!!! МАШИНЫ НЕ МОГУТ ВЫЕХАТЬ ИЗ ДВОРА!!!!!!!!!!!!!!!!!!!!!!!","['нашего', 'дома', 'адресу', 'пограничника', 'гарькавого', '28', 'корп', '4', 'красносельский', 'район', 'снег', 'зиму', 'убирался', 'разу', 'сейчас', 'возможно', 'дойти', 'транспорта', 'ветеранов', 'или', 'пограничника', 'гарькавого', 'все', 'заледенело', 'машины', 'могут', 'выехать', 'двора']","['наш', 'дом', 'адрес', 'пограничник', 'гарькавый', 'корп', 'красносельский', 'снег', 'зима', 'убираться', 'раз', 'сейчас', 'возможно', 'дойти', 'транспорт', 'ветеран', 'пограничник', 'гарькавый', 'заледенеть', 'машина', 'мочь', 'выехать', 'двор']",наш дом адрес пограничник гарькавый корп красносельский снег зима убираться раз сейчас возможно дойти транспорт ветеран пограничник гарькавый заледенеть машина мочь выехать двор,281,0.3,False,2022-02-23,адресу Пограничника Гарькавого 28,Благоустройство,Текст,Дата создания,,Направление
91,Мусор,2022-02-23,"Мешки с мусором лежат постоянно прямо на тротуаре, рядом с домом на Наличной, 22.около входа в аптеку Озерки.",appeal_000091,"Мешки с мусором лежат постоянно прямо на тротуаре, рядом с домом на Наличной, 22.около входа в аптеку Озерки.","Мешки с мусором лежат постоянно прямо на тротуаре, рядом с домом на Наличной, 22.около входа в аптеку Озерки.","['мешки', 'мусором', 'лежат', 'постоянно', 'прямо', 'тротуаре', 'рядом', 'домом', 'наличной', '22', 'около', 'входа', 'аптеку', 'озерки']","['мешок', 'мусор', 'лежать', 'постоянно', 'прямо', 'тротуар', 'рядом', 'дом', 'наличный', 'около', 'вход', 'аптека', 'озерко']",мешок мусор лежать постоянно прямо тротуар рядом дом наличный около вход аптека озерко,109,0.0,False,2022-02-23,,Мусор,Текст,Дата создания,,Направление
92,Дороги,2022-02-23,"Спасибо за интересную историю! Про берлинскую копию даже не слышал раньше.<br>Кстати, если будет возможность, могли бы обратить внимание руководства нашего района на лужи по обеим сторонам моста. Обращения в «наш Петербург» писал - ответы-отписки о «произведённой уборке» (в переводе на язык живых людей: само высохло).<br>Да и во Львином переулке просто чудовищная лужа на пешеходном переходе близ ул Декабристов.",appeal_000092,"Спасибо за интересную историю! Про берлинскую копию даже не слышал раньше.<br>Кстати, если будет возможность, могли бы обратить внимание руководства нашего района на лужи по обеим сторонам моста. Обращения в «наш Петербург» писал - ответы-отписки о «произведённой уборке» (в переводе на язык живых людей: само высохло).<br>Да и во Львином переулке просто чудовищная лужа на пешеходном переходе близ ул Декабристов.","Спасибо за интересную историю! Про берлинскую копию даже не слышал раньше. Кстати, если будет возможность, могли бы обратить внимание руководства нашего района на лужи по обеим сторонам моста. Обращения в наш Петербург писал - ответы-отписки о произведенной уборке в переводе на язык живых людей: само высохло . Да и во Львином переулке просто чудовищная лужа на пешеходном переходе близ ул Декабристов.","['спасибо', 'интересную', 'историю', 'про', 'берлинскую', 'копию', 'даже', 'слышал', 'раньше', 'кстати', 'если', 'будет', 'возможность', 'могли', 'обратить', 'внимание', 'руководства', 'нашего', 'района', 'лужи', 'обеим', 'сторонам', 'моста', 'обращения', 'наш', 'петербург', 'писал', 'ответы-отписки', 'произведенной', 'уборке', 'переводе', 'язык', 'живых', 'людей', 'само', 'высохло', 'львином', 'переулке', 'просто', 'чудовищная', 'лужа', 'пешеходном', 'переходе', 'близ', 'декабристов']","['спасибо', 'интересный', 'история', 'берлинский', 'копия', 'слышать', 'ранний', 'кстати', 'возможность', 'мочь', 'обратить', 'внимание', 'руководство', 'наш', 'лужа', 'оба', 'сторона', 'мост', 'наш', 'петербург', 'писать', 'ответ-отписка', 'произвести', 'уборка', 'перевод', 'язык', 'живой', 'человек', 'сам', 'высохнуть', 'львиный', 'переулок', 'просто', 'чудовищный', 'лужа', 'пешеходный', 'переход', 'близ', 'декабрист']",спасибо интересный история берлинский копия слышать ранний кстати возможность мочь обратить внимание руководство наш лужа оба сторона мост наш петербург писать ответ-отписка произвести уборка перевод язык живой человек сам высохнуть львиный переулок просто чудовищный лужа пешеходный переход близ декабрист,403,0.1,False,2022-02-23,,Дороги,Текст,Дата создания,,Направление
93,Благоустройство,2022-02-23,"[id437734987|Наталья], эту песню я слышу уже два месяца))",appeal_000093,"[id437734987|Наталья], эту песню я слышу уже два месяца))","id437734987 Наталья , эту песню я слышу уже два месяца","['437734987', 'наталья', 'эту', 'песню', 'слышу', 'уже', 'два', 'месяца']","['437734987', 'наталья', 'песня', 'слышать', 'два', 'месяц']",437734987 наталья песня слышать два месяц,54,0.0,False,2022-02-23,,Благоустройство,Текст,Дата создания,,Направление
94,Благоустройство,2022-02-23,"Кировский район, дом по Стачек 212 корпус 2. Лужа длинной более 10 метров, на всю ширину свободной проезжей части со стороны парадных. Образовалась из-за полной блокировки и закупорки ледяным валом ливневых стоков. За всю зиму двор ни разу! не был убран от снега и наледи службой, нанятой УК. Единственная пешеходная дорога от дома также ни разу не чистилась от снега. Вчера она представляла собой ледяной каток. Жалобы о не уборке снега и наледи на портал Санкт-Петербург жители дома направляют с начала зимы. Наледь не убиралась ни разу. Немного снега было убрано 8.02 2022. - тогда мы впервые увидели во дворе технику, сгребающую снег и работников. Больше ни техника ни работники в нашем дворе не повлялись.",appeal_000094,"Кировский район, дом по Стачек 212 корпус 2. Лужа длинной более 10 метров, на всю ширину свободной проезжей части со стороны парадных. Образовалась из-за полной блокировки и закупорки ледяным валом ливневых стоков. За всю зиму двор ни разу! не был убран от снега и наледи службой, нанятой УК. Единственная пешеходная дорога от дома также ни разу не чистилась от снега. Вчера она представляла собой ледяной каток. Жалобы о не уборке снега и наледи на портал Санкт-Петербург жители дома направляют с начала зимы. Наледь не убиралась ни разу. Немного снега было убрано 8.02 2022. - тогда мы впервые увидели во дворе технику, сгребающую снег и работников. Больше ни техника ни работники в нашем дворе не повлялись.","Кировский район, дом по Стачек 212 корпус 2. Лужа длинной более 10 метров, на всю ширину свободной проезжей части со стороны парадных. Образовалась из-за полной блокировки и закупорки ледяным валом ливневых стоков. За всю зиму двор ни разу! не был убран от снега и наледи службой, нанятой УК. Единственная пешеходная дорога от дома также ни разу не чистилась от снега. Вчера она представляла собой ледяной каток. Жалобы о не уборке снега и наледи на портал Санкт-Петербург жители дома направляют с начала зимы. Наледь не убиралась ни разу. Немного снега было убрано 8.02 2022. - тогда мы впервые увидели во дворе технику, сгребающую снег и работников. Больше ни техника ни работники в нашем дворе не повлялись.","['кировский', 'район', 'дом', 'стачек', '212', 'корпус', '2', 'лужа', 'длинной', 'более', '10', 'метров', 'всю', 'ширину', 'свободной', 'проезжей', 'части', 'стороны', 'парадных', 'образовалась', 'из-за', 'полной', 'блокировки', 'закупорки', 'ледяным', 'валом', 'ливневых', 'стоков', 'всю', 'зиму', 'двор', 'разу', 'был', 'убран', 'снега', 'наледи', 'службой', 'нанятой', 'единственная', 'пешеходная', 'дорога', 'дома', 'также', 'разу', 'чистилась', 'снега', 'вчера', 'она', 'представляла', 'собой', 'ледяной', 'каток', 'жалобы', 'уборке', 'снега', 'наледи', 'портал', 'санкт-петербург', 'жители', 'дома', 'направляют', 'начала', 'зимы', 'наледь', 'убиралась', 'разу', 'немного', 'снега', 'было', 'убрано', '8', '02', '2022', 'тогда', 'впервые', 'увидели', 'дворе', 'технику', 'сгребающую', 'снег', 'работников', 'больше', 'техника', 'работники', 'нашем', 'дворе', 'повлялись']","['кировский', 'дом', 'стачка', '212', 'корпус', 'лужа', 'длинный', 'более', 'метр', 'весь', 'ширина', 'свободный', 'проезжий', 'часть', 'сторона', 'парадное', 'образоваться', 'из-за', 'полный', 'блокировка', 'закупорка', 'ледяной', 'вал', 'ливневый', 'стоковый', 'весь', 'зима', 'двор', 'раз', 'убрать', 'снег', 'наледь', 'служба', 'нанять', 'единственный', 'пешеходный', 'дорога', 'дом', 'также', 'раз', 'чиститься', 'снег', 'вчера', 'представлять', 'себя', 'ледяной', 'каток', 'жалоба', 'уборка', 'снег', 'наледь', 'портал', 'санкт-петербург', 'житель', 'дом', 'направлять', 'начало', 'зима', 'наледь', 'убираться', 'раз', 'немного', 'снег', 'убрать', '2022', 'тогда', 'впервые', 'увидеть', 'двор', 'техника', 'сгребать', 'снег', 'работник', 'большой', 'техника', 'работник', 'наш', 'двор', 'повляться']",кировский дом стачка 212 корпус лужа длинный более метр весь ширина свободный проезжий часть сторона парадное образоваться из-за полный блокировка закупорка ледяной вал ливневый стоковый весь зима двор раз убрать снег наледь служба нанять единственный пешеходный дорога дом также раз чиститься снег вчера представлять себя ледяной каток жалоба уборка снег наледь портал санкт-петербург житель дом направлять начало зима наледь убираться раз немного снег убрать 2022 тогда впервые увидеть двор техника сгребать снег работник большой техника работник наш двор повляться,710,0.1,False,2022-02-23,дом по Стачек 212 корпус 2,Благоустройство,Текст,Дата создания,,Направление
95,Дороги,2022-02-23,"Невозможно пройти ни на почту, ни в магазин, Большая Пороховская 56.",appeal_000095,"Невозможно пройти ни на почту, ни в магазин, Большая Пороховская 56.","Невозможно пройти ни на почту, ни в магазин, Большая Пороховская 56.","['невозможно', 'пройти', 'почту', 'магазин', 'большая', 'пороховская', '56']","['невозможно', 'пройти', 'почта', 'магазин', 'больший', 'пороховский']",невозможно пройти почта магазин больший пороховский,68,0.2,False,2022-02-23,Большая Пороховская 56,Дороги,Текст,Дата создания,,Направление
96,Дороги,2022-02-23,"Добрый день, Александр Дмитриевич! Сегодня в Калининском районе просто не пройти, улицы никто не убирает, мост по Гражданскому проспекту через Муринский ручей весь покрыт наледью и водой, жители на полусогнутых ногах, держась за перила ,передвигаются, с детьми и колясками вообще нереально пройти . Прошу обратить внимание на отсутствие уборки снега.",appeal_000096,"Добрый день, Александр Дмитриевич! Сегодня в Калининском районе просто не пройти, улицы никто не убирает, мост по Гражданскому проспекту через Муринский ручей весь покрыт наледью и водой, жители на полусогнутых ногах, держась за перила ,передвигаются, с детьми и колясками вообще нереально пройти . Прошу обратить внимание на отсутствие уборки снега.","Добрый день, Александр Дмитриевич! Сегодня в Калининском районе просто не пройти, улицы никто не убирает, мост по Гражданскому проспекту через Муринский ручей весь покрыт наледью и водой, жители на полусогнутых ногах, держась за перила ,передвигаются, с детьми и колясками вообще нереально пройти . Прошу обратить внимание на отсутствие уборки снега.","['добрый', 'день', 'александр', 'дмитриевич', 'сегодня', 'калининском', 'районе', 'просто', 'пройти', 'улицы', 'никто', 'убирает', 'мост', 'гражданскому', 'проспекту', 'через', 'муринский', 'ручей', 'весь', 'покрыт', 'наледью', 'водой', 'жители', 'полусогнутых', 'ногах', 'держась', 'перила', 'передвигаются', 'детьми', 'колясками', 'вообще', 'нереально', 'пройти', 'прошу', 'обратить', 'внимание', 'отсутствие', 'уборки', 'снега']","['александр', 'дмитриевич', 'сегодня', 'калининский', 'просто', 'пройти', 'улица', 'никто', 'убирать', 'мост', 'гражданский', 'проспект', 'через', 'муринский', 'ручей', 'весь', 'покрыть', 'наледь', 'вода', 'житель', 'полусогнутый', 'нога', 'держаться', 'перила', 'передвигаться', 'ребёнок', 'коляска', 'вообще', 'нереально', 'пройти', 'обратить', 'внимание', 'отсутствие', 'уборка', 'снег']",александр дмитриевич сегодня калининский просто пройти улица никто убирать мост гражданский проспект через муринский ручей весь покрыть наледь вода житель полусогнутый нога держаться перила передвигаться ребёнок коляска вообще нереально пройти обратить внимание отсутствие уборка снег,350,0.1,False,2022-02-23,,Дороги,Текст,Дата создания,,Направление
97,Автомобильные дороги,2022-02-23,"Добрый день. На улице Руставели 59 при въезде в карман на дороге не обирают наледь с дороги уже больше 3 недель , из-за этого участок дороги становится очень опасный и машинам не разъехаться, просьба большая направить это обращение к контролирующим этот участок службу, прикладываю фото наледи .",appeal_000097,"Добрый день. На улице Руставели 59 при въезде в карман на дороге не обирают наледь с дороги уже больше 3 недель , из-за этого участок дороги становится очень опасный и машинам не разъехаться, просьба большая направить это обращение к контролирующим этот участок службу, прикладываю фото наледи .","Добрый день. На улице Руставели 59 при въезде в карман на дороге не обирают наледь с дороги уже больше 3 недель , из-за этого участок дороги становится очень опасный и машинам не разъехаться, просьба большая направить это обращение к контролирующим этот участок службу, прикладываю фото наледи .","['добрый', 'день', 'улице', 'руставели', '59', 'при', 'въезде', 'карман', 'дороге', 'обирают', 'наледь', 'дороги', 'уже', 'больше', '3', 'недель', 'из-за', 'этого', 'участок', 'дороги', 'становится', 'очень', 'опасный', 'машинам', 'разъехаться', 'просьба', 'большая', 'направить', 'это', 'обращение', 'контролирующим', 'этот', 'участок', 'службу', 'прикладываю', 'фото', 'наледи']","['улица', 'руставели', 'въезд', 'карман', 'дорога', 'обирать', 'наледь', 'дорога', 'большой', 'неделя', 'из-за', 'участок', 'дорога', 'становиться', 'очень', 'опасный', 'машина', 'разъехаться', 'просьба', 'больший', 'направить', 'контролировать', 'участок', 'служба', 'прикладывать', 'фото', 'наледь']",улица руставели въезд карман дорога обирать наледь дорога большой неделя из-за участок дорога становиться очень опасный машина разъехаться просьба больший направить контролировать участок служба прикладывать фото наледь,295,0.2,False,2022-02-23,На улице Руставели 59,Автомобильные дороги,Текст,Дата создания,,Направление
98,Автомобильные дороги,2022-02-23,Улицу не чистят от снега. На дороге наледи. Антигололедными средствами улица не обрабатывается.,appeal_000098,Улицу не чистят от снега. На дороге наледи. Антигололедными средствами улица не обрабатывается.,Улицу не чистят от снега. На дороге наледи. Антигололедными средствами улица не обрабатывается.,"['улицу', 'чистят', 'снега', 'дороге', 'наледи', 'антигололедными', 'средствами', 'улица', 'обрабатывается']","['улица', 'чистить', 'снег', 'дорога', 'наледь', 'антигололёдный', 'средство', 'улица', 'обрабатываться']",улица чистить снег дорога наледь антигололёдный средство улица обрабатываться,95,0.0,False,2022-02-23,,Автомобильные дороги,Текст,Дата создания,,Направление
99,Дороги,2022-02-23,"[club157028191|Комитет по благоустройству Санкт-Петербурга], уберите лёд и снег от пр.Науки 15. Всю зиму ни одной уборки. Это же полное позорище",appeal_000099,"[club157028191|Комитет по благоустройству Санкт-Петербурга], уберите лёд и снег от пр.Науки 15. Всю зиму ни одной уборки. Это же полное позорище","club157028191 Комитет по благоустройству Санкт-Петербурга , уберите лед и снег от пр.Науки 15. Всю зиму ни одной уборки. Это же полное позорище","['club', '157028191', 'комитет', 'благоустройству', 'санкт-петербурга', 'уберите', 'лед', 'снег', 'науки', '15', 'всю', 'зиму', 'одной', 'уборки', 'это', 'полное', 'позорище']","['club', '157028191', 'комитет', 'благоустройство', 'санкт-петербург', 'убрать', 'лёд', 'снег', 'наука', 'весь', 'зима', 'один', 'уборка', 'полный', 'позорище']",club 157028191 комитет благоустройство санкт-петербург убрать лёд снег наука весь зима один уборка полный позорище,143,0.2,False,2022-02-23,Науки 15,Дороги,Текст,Дата создания,,Направление
100,Дороги,2022-02-23,"[club145945152|Адмиралтейский район Санкт-Петербурга], здравствуйте, сегодня 23.02 наледь как была , так и осталась , я уже не говорю про снег , с 14.02 по 23.02 даже дворник с лопатой не пробежал , песком ничего не посыпали и не убрали , фото прилагаю , позорище !!!!!( альбуминная улица ) надевать нужно коньки и катиться !<br>Отдельное спасибо администрации Московского района , что на улице заозерной всю зиму работала техника каждый день , сейчас все вычищено и посыпано снегом , техника работает !!! Другим районам на заметку !",appeal_000100,"[club145945152|Адмиралтейский район Санкт-Петербурга], здравствуйте, сегодня 23.02 наледь как была , так и осталась , я уже не говорю про снег , с 14.02 по 23.02 даже дворник с лопатой не пробежал , песком ничего не посыпали и не убрали , фото прилагаю , позорище !!!!!( альбуминная улица ) надевать нужно коньки и катиться !<br>Отдельное спасибо администрации Московского района , что на улице заозерной всю зиму работала техника каждый день , сейчас все вычищено и посыпано снегом , техника работает !!! Другим районам на заметку !","club145945152 Адмиралтейский район Санкт-Петербурга , здравствуйте, сегодня 23.02 наледь как была , так и осталась , я уже не говорю про снег , с 14.02 по 23.02 даже дворник с лопатой не пробежал , песком ничего не посыпали и не убрали , фото прилагаю , позорище !!!!! альбуминная улица надевать нужно коньки и катиться ! Отдельное спасибо администрации Московского района , что на улице заозерной всю зиму работала техника каждый день , сейчас все вычищено и посыпано снегом , техника работает !!! Другим районам на заметку !","['club', '145945152', 'адмиралтейский', 'район', 'санкт-петербурга', 'здравствуйте', 'сегодня', '23', '02', 'наледь', 'как', 'была', 'так', 'осталась', 'уже', 'говорю', 'про', 'снег', '14', '02', '23', '02', 'даже', 'дворник', 'лопатой', 'пробежал', 'песком', 'ничего', 'посыпали', 'убрали', 'фото', 'прилагаю', 'позорище', 'альбуминная', 'улица', 'надевать', 'нужно', 'коньки', 'катиться', 'отдельное', 'спасибо', 'администрации', 'московского', 'района', 'что', 'улице', 'заозерной', 'всю', 'зиму', 'работала', 'техника', 'каждый', 'день', 'сейчас', 'все', 'вычищено', 'посыпано', 'снегом', 'техника', 'работает', 'другим', 'районам', 'заметку']","['club', '145945152', 'адмиралтейский', 'санкт-петербург', 'сегодня', 'наледь', 'остаться', 'говорить', 'снег', 'дворник', 'лопата', 'пробежать', 'песок', 'ничего', 'посыпать', 'убрать', 'фото', 'прилагать', 'позорище', 'альбуминный', 'улица', 'надевать', 'нужно', 'конёк', 'катиться', 'отдельный', 'спасибо', 'московский', 'улица', 'заозёрный', 'весь', 'зима', 'работать', 'техника', 'каждый', 'сейчас', 'вычистить', 'посыпать', 'снег', 'техника', 'работать', 'другой', 'заметка']",club 145945152 адмиралтейский санкт-петербург сегодня наледь остаться говорить снег дворник лопата пробежать песок ничего посыпать убрать фото прилагать позорище альбуминный улица надевать нужно конёк катиться отдельный спасибо московский улица заозёрный весь зима работать техника каждый сейчас вычистить посыпать снег техника работать другой заметка,526,0.5,False,2022-02-23,сегодня 23,Дороги,Текст,Дата создания,,Направление
101,Дороги,2022-02-23,займитесь лучше уборкой льда и снега. Позорище даже на фоне соседнего Красногвардейского.,appeal_000101,займитесь лучше уборкой льда и снега. Позорище даже на фоне соседнего Красногвардейского.,займитесь лучше уборкой льда и снега. Позорище даже на фоне соседнего Красногвардейского.,"['займитесь', 'лучше', 'уборкой', 'льда', 'снега', 'позорище', 'даже', 'фоне', 'соседнего', 'красногвардейского']","['заняться', 'хороший', 'уборка', 'лёд', 'снег', 'позорище', 'фон', 'соседний', 'красногвардейский']",заняться хороший уборка лёд снег позорище фон соседний красногвардейский,89,0.2,False,2022-02-23,,Дороги,Текст,Дата создания,,Направление
102,Благоустройство,2022-02-23,"На вчерашний день,а сегодня каток !с 31 января )))",appeal_000102,"На вчерашний день,а сегодня каток !с 31 января )))","На вчерашний день,а сегодня каток !с 31 января","['вчерашний', 'день', 'сегодня', 'каток', '31', 'января']","['вчерашний', 'сегодня', 'каток', 'январь']",вчерашний сегодня каток январь,46,0.1,False,2022-02-23,,Благоустройство,Текст,Дата создания,,Направление
103,Благоустройство,2022-02-23,"Невозможно пройти ни на почту, ни в магазин, Большая Пороховская 56.",appeal_000103,"Невозможно пройти ни на почту, ни в магазин, Большая Пороховская 56.","Невозможно пройти ни на почту, ни в магазин, Большая Пороховская 56.","['невозможно', 'пройти', 'почту', 'магазин', 'большая', 'пороховская', '56']","['невозможно', 'пройти', 'почта', 'магазин', 'больший', 'пороховский']",невозможно пройти почта магазин больший пороховский,68,0.2,False,2022-02-23,Большая Пороховская 56,Благоустройство,Текст,Дата создания,,Направление
104,Дороги,2022-02-23,"Добрый день! Обращаюсь к Вам от лица жителей ЖК ""Цветной город"", дома 12 на ул. Чарушинская. В очередной раз приходится по пешеходным дорожкам не идти, а катиться. Всё во льду. В этом году я упала в своём же ЖК уже 4 раза. Прошу принять меры! Заранее спасибо.<br>При необходимости могу приложить фото.<br>С уважением, Александра!",appeal_000104,"Добрый день! Обращаюсь к Вам от лица жителей ЖК ""Цветной город"", дома 12 на ул. Чарушинская. В очередной раз приходится по пешеходным дорожкам не идти, а катиться. Всё во льду. В этом году я упала в своём же ЖК уже 4 раза. Прошу принять меры! Заранее спасибо.<br>При необходимости могу приложить фото.<br>С уважением, Александра!","Добрый день! Обращаюсь к Вам от лица жителей ЖК Цветной город , дома 12 на ул. Чарушинская. В очередной раз приходится по пешеходным дорожкам не идти, а катиться. Все во льду. В этом году я упала в своем же ЖК уже 4 раза. Прошу принять меры! Заранее спасибо. При необходимости могу приложить фото. С уважением, Александра!","['добрый', 'день', 'обращаюсь', 'вам', 'лица', 'жителей', 'цветной', 'город', 'дома', '12', 'чарушинская', 'очередной', 'раз', 'приходится', 'пешеходным', 'дорожкам', 'идти', 'катиться', 'все', 'льду', 'этом', 'году', 'упала', 'своем', 'уже', '4', 'раза', 'прошу', 'принять', 'меры', 'заранее', 'спасибо', 'при', 'необходимости', 'могу', 'приложить', 'фото', 'уважением', 'александра']","['обращаться', 'лицо', 'житель', 'цветной', 'дом', 'чарушинский', 'очередной', 'раз', 'приходиться', 'пешеходный', 'дорожка', 'идти', 'катиться', 'лёд', 'год', 'упасть', 'свой', 'раз', 'принять', 'заранее', 'спасибо', 'необходимость', 'мочь', 'приложить', 'фото', 'уважение', 'александр']",обращаться лицо житель цветной дом чарушинский очередной раз приходиться пешеходный дорожка идти катиться лёд год упасть свой раз принять заранее спасибо необходимость мочь приложить фото уважение александр,322,0.3,False,2022-02-23,дома 12,Дороги,Текст,Дата создания,,Направление
105,Благоустройство,2022-02-23,"Здравствуйте. По адресу пр. Большевиков 33 корп 1, на внутри домовой территории очень большие наляди. Затрудняет Проход и проез Пожалуйста примите меры",appeal_000105,"Здравствуйте. По адресу пр. Большевиков 33 корп 1, на внутри домовой территории очень большие наляди. Затрудняет Проход и проез Пожалуйста примите меры","Здравствуйте. По адресу пр. Большевиков 33 корп 1, на внутри домовой территории очень большие наляди. Затрудняет Проход и проез Пожалуйста примите меры","['здравствуйте', 'адресу', 'большевиков', '33', 'корп', '1', 'внутри', 'домовой', 'территории', 'очень', 'большие', 'наляди', 'затрудняет', 'проход', 'проез', 'пожалуйста', 'примите', 'меры']","['адрес', 'большевик', 'корп', 'внутри', 'домовой', 'территория', 'очень', 'больший', 'налядеть', 'затруднять', 'проход', 'проез', 'пожалуйста', 'принять']",адрес большевик корп внутри домовой территория очень больший налядеть затруднять проход проез пожалуйста принять,151,0.0,False,2022-02-23,Большевиков 33,Благоустройство,Текст,Дата создания,,Направление
106,Дороги,2022-02-23,"Учительская, Учительская и Учительская, сплошной лёд 🤧🤧🤧",appeal_000106,"Учительская, Учительская и Учительская, сплошной лёд 🤧🤧🤧","Учительская, Учительская и Учительская, сплошной лед","['учительская', 'учительская', 'учительская', 'сплошной', 'лед']","['учительский', 'учительский', 'учительский', 'сплошной', 'лёд']",учительский учительский учительский сплошной лёд,52,0.0,False,2022-02-23,,Дороги,Текст,Дата создания,,Направление
107,Дороги,2022-02-23,"Учительская, Учительская и Учительская, сплошной лёд 🤧🤧🤧",appeal_000107,"Учительская, Учительская и Учительская, сплошной лёд 🤧🤧🤧","Учительская, Учительская и Учительская, сплошной лед","['учительская', 'учительская', 'учительская', 'сплошной', 'лед']","['учительский', 'учительский', 'учительский', 'сплошной', 'лёд']",учительский учительский учительский сплошной лёд,52,0.0,False,2022-02-23,,Дороги,Текст,Дата создания,,Направление
108,Дороги,2022-02-23,"Во вторых - Учительская, Учительская и Учительская, сплошной лёд 🤧🤧😬",appeal_000108,"Во вторых - Учительская, Учительская и Учительская, сплошной лёд 🤧🤧😬","Во вторых - Учительская, Учительская и Учительская, сплошной лед","['вторых', 'учительская', 'учительская', 'учительская', 'сплошной', 'лед']","['второй', 'учительский', 'учительский', 'учительский', 'сплошной', 'лёд']",второй учительский учительский учительский сплошной лёд,64,0.0,False,2022-02-23,,Дороги,Текст,Дата создания,,Направление
109,Дороги,2022-02-23,"[club149329533|Красносельский район Санкт-Петербурга], вечер добрый! В срок до 23.02. 2022 как и ожидалось ничего не произошло. У меня сегодня ребёнок сейчас гуляла с собакой и переходя этот проезд подскользнулась и упала. Разодрала пальцы и ударилась головой. Утром будем смотреть на самочувствие и пойдём в травму если будет плохо. Спасибо за ужасную уборку и ПУСТЫЕ ОБЕЩАНИЯ!!!!",appeal_000109,"[club149329533|Красносельский район Санкт-Петербурга], вечер добрый! В срок до 23.02. 2022 как и ожидалось ничего не произошло. У меня сегодня ребёнок сейчас гуляла с собакой и переходя этот проезд подскользнулась и упала. Разодрала пальцы и ударилась головой. Утром будем смотреть на самочувствие и пойдём в травму если будет плохо. Спасибо за ужасную уборку и ПУСТЫЕ ОБЕЩАНИЯ!!!!","club149329533 Красносельский район Санкт-Петербурга , вечер добрый! В срок до 23.02. 2022 как и ожидалось ничего не произошло. У меня сегодня ребенок сейчас гуляла с собакой и переходя этот проезд подскользнулась и упала. Разодрала пальцы и ударилась головой. Утром будем смотреть на самочувствие и пойдем в травму если будет плохо. Спасибо за ужасную уборку и ПУСТЫЕ ОБЕЩАНИЯ!!!!","['club', '149329533', 'красносельский', 'район', 'санкт-петербурга', 'вечер', 'добрый', 'срок', '23', '02', '2022', 'как', 'ожидалось', 'ничего', 'произошло', 'меня', 'сегодня', 'ребенок', 'сейчас', 'гуляла', 'собакой', 'переходя', 'этот', 'проезд', 'подскользнулась', 'упала', 'разодрала', 'пальцы', 'ударилась', 'головой', 'утром', 'будем', 'смотреть', 'самочувствие', 'пойдем', 'травму', 'если', 'будет', 'плохо', 'спасибо', 'ужасную', 'уборку', 'пустые', 'обещания']","['club', '149329533', 'красносельский', 'санкт-петербург', 'вечер', 'срок', '2022', 'ожидаться', 'ничего', 'произойти', 'сегодня', 'ребёнок', 'сейчас', 'гулять', 'собака', 'переходить', 'проезд', 'подскользнуться', 'упасть', 'разодрать', 'палец', 'удариться', 'голова', 'утром', 'смотреть', 'самочувствие', 'пойти', 'травма', 'плохо', 'спасибо', 'ужасный', 'уборка', 'пустой', 'обещание']",club 149329533 красносельский санкт-петербург вечер срок 2022 ожидаться ничего произойти сегодня ребёнок сейчас гулять собака переходить проезд подскользнуться упасть разодрать палец удариться голова утром смотреть самочувствие пойти травма плохо спасибо ужасный уборка пустой обещание,380,0.5,False,2022-02-23,срок до 23,Дороги,Текст,Дата создания,,Направление
110,Автомобильные дороги,2022-02-23,Очень скользко на тротуаре.,appeal_000110,Очень скользко на тротуаре.,Очень скользко на тротуаре.,"['очень', 'скользко', 'тротуаре']","['очень', 'скользко', 'тротуар']",очень скользко тротуар,27,0.0,False,2022-02-23,,Автомобильные дороги,Текст,Дата создания,,Направление
111,Автомобильные дороги,2022-02-23,Гололёд. Опасно.,appeal_000111,Гололёд. Опасно.,Гололед. Опасно.,"['гололед', 'опасно']","['гололёд', 'опасно']",гололёд опасно,16,0.2,True,2022-02-23,,Автомобильные дороги,Текст,Дата создания,,Направление
112,Автомобильные дороги,2022-02-23,"Наледь сплошная! Ближе к проспекту ветеранов вообще не убирали. Если по всей улице каток среди белого дня, то у по.ветеранов недель вообще не убирали. При плюсе бредем по щиколотку в воде, сегодня минус - все превратилась в ледышку. Люди идут по наледи повыше, чтобы ноги не переломать. И уже светлая часть дня, люди на работу идут.",appeal_000112,"Наледь сплошная! Ближе к проспекту ветеранов вообще не убирали. Если по всей улице каток среди белого дня, то у по.ветеранов недель вообще не убирали. При плюсе бредем по щиколотку в воде, сегодня минус - все превратилась в ледышку. Люди идут по наледи повыше, чтобы ноги не переломать. И уже светлая часть дня, люди на работу идут.","Наледь сплошная! Ближе к проспекту ветеранов вообще не убирали. Если по всей улице каток среди белого дня, то у по.ветеранов недель вообще не убирали. При плюсе бредем по щиколотку в воде, сегодня минус - все превратилась в ледышку. Люди идут по наледи повыше, чтобы ноги не переломать. И уже светлая часть дня, люди на работу идут.","['наледь', 'сплошная', 'ближе', 'проспекту', 'ветеранов', 'вообще', 'убирали', 'если', 'всей', 'улице', 'каток', 'среди', 'белого', 'дня', 'ветеранов', 'недель', 'вообще', 'убирали', 'при', 'плюсе', 'бредем', 'щиколотку', 'воде', 'сегодня', 'минус', 'все', 'превратилась', 'ледышку', 'люди', 'идут', 'наледи', 'повыше', 'чтобы', 'ноги', 'переломать', 'уже', 'светлая', 'часть', 'дня', 'люди', 'работу', 'идут']","['наледь', 'сплошной', 'близкий', 'проспект', 'ветеран', 'вообще', 'убирать', 'весь', 'улица', 'каток', 'среди', 'белый', 'ветеран', 'неделя', 'вообще', 'убирать', 'плюс', 'брести', 'щиколотка', 'вода', 'сегодня', 'минус', 'превратиться', 'ледышка', 'человек', 'идти', 'наледь', 'высоко', 'чтобы', 'нога', 'переломать', 'светлый', 'часть', 'человек', 'работа', 'идти']",наледь сплошной близкий проспект ветеран вообще убирать весь улица каток среди белый ветеран неделя вообще убирать плюс брести щиколотка вода сегодня минус превратиться ледышка человек идти наледь высоко чтобы нога переломать светлый часть человек работа идти,332,0.1,False,2022-02-23,,Автомобильные дороги,Текст,Дата создания,,Направление
113,Дворы и территории общего пользования,2022-02-23,"Стачек 75 очень скользко, опять никто не убирает лёд и не посыпает ничем",appeal_000113,"Стачек 75 очень скользко, опять никто не убирает лёд и не посыпает ничем","Стачек 75 очень скользко, опять никто не убирает лед и не посыпает ничем","['стачек', '75', 'очень', 'скользко', 'опять', 'никто', 'убирает', 'лед', 'посыпает', 'ничем']","['стачка', 'очень', 'скользко', 'опять', 'никто', 'убирать', 'лёд', 'посыпать', 'ничто']",стачка очень скользко опять никто убирать лёд посыпать ничто,72,0.0,False,2022-02-23,Стачек 75,Дворы и территории общего пользования,Текст,Дата создания,,Направление
114,Автомобильные дороги,2022-02-23,Совершенно не очищен от наледи тротуар у дома 9 по Комендантскому проспекту,appeal_000114,Совершенно не очищен от наледи тротуар у дома 9 по Комендантскому проспекту,Совершенно не очищен от наледи тротуар у дома 9 по Комендантскому проспекту,"['совершенно', 'очищен', 'наледи', 'тротуар', 'дома', '9', 'комендантскому', 'проспекту']","['совершенно', 'очистить', 'наледь', 'тротуар', 'дом', 'комендантский', 'проспект']",совершенно очистить наледь тротуар дом комендантский проспект,75,0.0,False,2022-02-23,тротуар у дома 9,Автомобильные дороги,Текст,Дата создания,,Направление
115,Дороги,2022-02-23,"В цдс Московский не заехать, дороги нет!!!",appeal_000115,"В цдс Московский не заехать, дороги нет!!!","В цдс Московский не заехать, дороги нет!!!","['цдс', 'московский', 'заехать', 'дороги', 'нет']","['цдс', 'московский', 'заехать', 'дорога']",цдс московский заехать дорога,42,0.3,False,2022-02-23,,Дороги,Текст,Дата создания,,Направление
116,Дороги,2022-02-23,"Александр Дмитриевич, добрый вечер! Когда заасфальтируют Индустриальный от Революции к Шафировскому и непосредственно сам Шафировский путепровод? Я там каждую субботу проезжаю по пути в СК Алексеева (на Раевского) - это же мрак! Без слез и проехать невозможно, яма на яме, особенно сейчас, когда снег растаял :(",appeal_000116,"Александр Дмитриевич, добрый вечер! Когда заасфальтируют Индустриальный от Революции к Шафировскому и непосредственно сам Шафировский путепровод? Я там каждую субботу проезжаю по пути в СК Алексеева (на Раевского) - это же мрак! Без слез и проехать невозможно, яма на яме, особенно сейчас, когда снег растаял :(","Александр Дмитриевич, добрый вечер! Когда заасфальтируют Индустриальный от Революции к Шафировскому и непосредственно сам Шафировский путепровод? Я там каждую субботу проезжаю по пути в СК Алексеева на Раевского - это же мрак! Без слез и проехать невозможно, яма на яме, особенно сейчас, когда снег растаял :","['александр', 'дмитриевич', 'добрый', 'вечер', 'когда', 'заасфальтируют', 'индустриальный', 'революции', 'шафировскому', 'непосредственно', 'сам', 'шафировский', 'путепровод', 'там', 'каждую', 'субботу', 'проезжаю', 'пути', 'алексеева', 'раевского', 'это', 'мрак', 'без', 'слез', 'проехать', 'невозможно', 'яма', 'яме', 'особенно', 'сейчас', 'когда', 'снег', 'растаял']","['александр', 'дмитриевич', 'вечер', 'заасфальтировать', 'индустриальный', 'революция', 'шафировский', 'непосредственно', 'сам', 'шафировский', 'путепровод', 'там', 'каждый', 'суббота', 'проезжать', 'путь', 'алексеев', 'раевский', 'мрак', 'слеза', 'проехать', 'невозможно', 'яма', 'яма', 'особенно', 'сейчас', 'снег', 'растаять']",александр дмитриевич вечер заасфальтировать индустриальный революция шафировский непосредственно сам шафировский путепровод там каждый суббота проезжать путь алексеев раевский мрак слеза проехать невозможно яма яма особенно сейчас снег растаять,308,0.4,False,2022-02-23,,Дороги,Текст,Дата создания,,Направление
117,ЖКХ,2022-02-23,"Тоже поздравляю всех мужчин нашего района 😊 Отдельно хочу пожелать сотрудникам ООО ЖКС 2 Невского района всего наихудшего и несчастий для их семейств - большое им ""спасибо"" за хамский ответ, который моя семья получила сегодня 23.2. в ответ на обращение поразбитому балконному окну в нашей квартире при очистке кровли от снега и наледи.",appeal_000117,"Тоже поздравляю всех мужчин нашего района 😊 Отдельно хочу пожелать сотрудникам ООО ЖКС 2 Невского района всего наихудшего и несчастий для их семейств - большое им ""спасибо"" за хамский ответ, который моя семья получила сегодня 23.2. в ответ на обращение поразбитому балконному окну в нашей квартире при очистке кровли от снега и наледи.","Тоже поздравляю всех мужчин нашего района Отдельно хочу пожелать сотрудникам ООО ЖКС 2 Невского района всего наихудшего и несчастий для их семейств - большое им спасибо за хамский ответ, который моя семья получила сегодня 23.2. в ответ на обращение поразбитому балконному окну в нашей квартире при очистке кровли от снега и наледи.","['тоже', 'поздравляю', 'всех', 'мужчин', 'нашего', 'района', 'отдельно', 'хочу', 'пожелать', 'сотрудникам', 'ооо', 'жкс', '2', 'невского', 'района', 'всего', 'наихудшего', 'несчастий', 'для', 'семейств', 'большое', 'спасибо', 'хамский', 'ответ', 'который', 'моя', 'семья', 'получила', 'сегодня', '23', '2', 'ответ', 'обращение', 'поразбитому', 'балконному', 'окну', 'нашей', 'квартире', 'при', 'очистке', 'кровли', 'снега', 'наледи']","['тоже', 'поздравлять', 'весь', 'мужчина', 'наш', 'отдельно', 'хотеть', 'пожелать', 'сотрудник', 'ооо', 'жкс', 'невский', 'весь', 'плохой', 'несчастие', 'семейство', 'большой', 'спасибо', 'хамский', 'который', 'мой', 'семья', 'получить', 'сегодня', 'поразбить', 'балконный', 'окно', 'наш', 'квартира', 'очистка', 'кровля', 'снег', 'наледь']",тоже поздравлять весь мужчина наш отдельно хотеть пожелать сотрудник ооо жкс невский весь плохой несчастие семейство большой спасибо хамский который мой семья получить сегодня поразбить балконный окно наш квартира очистка кровля снег наледь,331,0.0,False,2022-02-23,сотрудникам ООО ЖКС 2,ЖКХ,Текст,Дата создания,,Направление
118,Дороги,2022-02-23,"Спасибо!<br>Улицы почистите,пожалуйста!!!!Сквер у м.Чкаловская!",appeal_000118,"Спасибо!<br>Улицы почистите,пожалуйста!!!!Сквер у м.Чкаловская!","Спасибо! Улицы почистите,пожалуйста!!!!Сквер у м.Чкаловская!","['спасибо', 'улицы', 'почистите', 'пожалуйста', 'сквер', 'чкаловская']","['спасибо', 'улица', 'почистить', 'пожалуйста', 'сквер', 'чкаловский']",спасибо улица почистить пожалуйста сквер чкаловский,60,0.3,False,2022-02-23,,Дороги,Текст,Дата создания,,Направление
119,Благоустройство,2022-02-23,"Добрый день.<br>Натянутая ленточка после предыдущего моего сообщения была порвана и по газону продолжают ездить транспортные средства уничтожая газон и высаженные зелёные деревья.<br>Подскажите когда будет установлено ограждение не допускающее порчу газона, к примеру низкий железный забор?",appeal_000119,"Добрый день.<br>Натянутая ленточка после предыдущего моего сообщения была порвана и по газону продолжают ездить транспортные средства уничтожая газон и высаженные зелёные деревья.<br>Подскажите когда будет установлено ограждение не допускающее порчу газона, к примеру низкий железный забор?","Добрый день. Натянутая ленточка после предыдущего моего сообщения была порвана и по газону продолжают ездить транспортные средства уничтожая газон и высаженные зеленые деревья. Подскажите когда будет установлено ограждение не допускающее порчу газона, к примеру низкий железный забор?","['добрый', 'день', 'натянутая', 'ленточка', 'после', 'предыдущего', 'моего', 'сообщения', 'была', 'порвана', 'газону', 'продолжают', 'ездить', 'транспортные', 'средства', 'уничтожая', 'газон', 'высаженные', 'зеленые', 'деревья', 'подскажите', 'когда', 'будет', 'установлено', 'ограждение', 'допускающее', 'порчу', 'газона', 'примеру', 'низкий', 'железный', 'забор']","['натянутый', 'ленточка', 'после', 'предыдущий', 'мой', 'сообщение', 'порвать', 'газон', 'продолжать', 'ездить', 'транспортный', 'средство', 'уничтожать', 'газон', 'высадить', 'зелёный', 'дерево', 'подсказать', 'установить', 'ограждение', 'допускать', 'порча', 'газон', 'пример', 'низкий', 'железный', 'забор']",натянутый ленточка после предыдущий мой сообщение порвать газон продолжать ездить транспортный средство уничтожать газон высадить зелёный дерево подсказать установить ограждение допускать порча газон пример низкий железный забор,284,0.0,False,2022-02-23,,Благоустройство,Текст,Дата создания,,Направление
120,Благоустройство,2022-02-23,"И сколько будут стоить кабинки, лежаки и т.д.???",appeal_000120,"И сколько будут стоить кабинки, лежаки и т.д.???","И сколько будут стоить кабинки, лежаки и т.д.???","['сколько', 'будут', 'стоить', 'кабинки', 'лежаки']","['сколько', 'стоить', 'кабинка', 'лежак']",сколько стоить кабинка лежак,48,0.0,False,2022-02-23,,Благоустройство,Текст,Дата создания,,Направление
121,Социальное обслуживание и защита,2022-02-23,"Здравствуйте. Подскажите, пожалуйста, Куда можно обратиться с жалобой на нарушение сроков предоставления регионального маткапитала (на 3 ребёнка для погашения ипотеки). Заявление поданное мной через МФЦ до сих пор на рассмотрении и статус его не меняется, подано оно ещё 19 января. Заранее благодарю за ответ.",appeal_000121,"Здравствуйте. Подскажите, пожалуйста, Куда можно обратиться с жалобой на нарушение сроков предоставления регионального маткапитала (на 3 ребёнка для погашения ипотеки). Заявление поданное мной через МФЦ до сих пор на рассмотрении и статус его не меняется, подано оно ещё 19 января. Заранее благодарю за ответ.","Здравствуйте. Подскажите, пожалуйста, Куда можно обратиться с жалобой на нарушение сроков предоставления регионального маткапитала на 3 ребенка для погашения ипотеки . Заявление поданное мной через МФЦ до сих пор на рассмотрении и статус его не меняется, подано оно еще 19 января. Заранее благодарю за ответ.","['здравствуйте', 'подскажите', 'пожалуйста', 'куда', 'можно', 'обратиться', 'жалобой', 'нарушение', 'сроков', 'предоставления', 'регионального', 'маткапитала', '3', 'ребенка', 'для', 'погашения', 'ипотеки', 'заявление', 'поданное', 'мной', 'через', 'мфц', 'сих', 'пор', 'рассмотрении', 'статус', 'его', 'меняется', 'подано', 'оно', 'еще', '19', 'января', 'заранее', 'благодарю', 'ответ']","['подсказать', 'пожалуйста', 'куда', 'можно', 'обратиться', 'жалоба', 'нарушение', 'срок', 'предоставление', 'региональный', 'маткапитал', 'ребёнок', 'погашение', 'ипотека', 'заявление', 'подать', 'через', 'мфц', 'сей', 'пора', 'рассмотрение', 'статус', 'меняться', 'подать', 'оно', 'январь', 'заранее', 'благодарить']",подсказать пожалуйста куда можно обратиться жалоба нарушение срок предоставление региональный маткапитал ребёнок погашение ипотека заявление подать через мфц сей пора рассмотрение статус меняться подать оно январь заранее благодарить,308,0.0,False,2022-02-23,регионального маткапитала на 3,Социальное обслуживание и защита,Текст,Дата создания,,Направление
122,Социальное обслуживание и защита,2022-02-23,"Добрый день, уважаемый Александр Беглов. Прошу о помощи в решении данной проблемы. Подавала на ежемесячное пособие на детей от 3 до 7 лет. Мне пришел отказ в связи с нулевым доходом, когда я ухаживаю за ребёнком инвалидом и это является уважительной причиной, но однако мне отказывают по данному факту. Прошу разобраться с этим вопросом, в случае необходимости могу приложить документы, подтверждающие данный факт. Сергеева Виктория, Красносельский район. До Ольги Антоновны Романовской не дозвониться уже месяц.",appeal_000122,"Добрый день, уважаемый Александр Беглов. Прошу о помощи в решении данной проблемы. Подавала на ежемесячное пособие на детей от 3 до 7 лет. Мне пришел отказ в связи с нулевым доходом, когда я ухаживаю за ребёнком инвалидом и это является уважительной причиной, но однако мне отказывают по данному факту. Прошу разобраться с этим вопросом, в случае необходимости могу приложить документы, подтверждающие данный факт. Сергеева Виктория, Красносельский район. До Ольги Антоновны Романовской не дозвониться уже месяц.","Добрый день, уважаемый Александр Беглов. Прошу о помощи в решении данной проблемы. Подавала на ежемесячное пособие на детей от 3 до 7 лет. Мне пришел отказ в связи с нулевым доходом, когда я ухаживаю за ребенком инвалидом и это является уважительной причиной, но однако мне отказывают по данному факту. Прошу разобраться с этим вопросом, в случае необходимости могу приложить документы, подтверждающие данный факт. Сергеева Виктория, Красносельский район. До Ольги Антоновны Романовской не дозвониться уже месяц.","['добрый', 'день', 'уважаемый', 'александр', 'беглов', 'прошу', 'помощи', 'решении', 'данной', 'проблемы', 'подавала', 'ежемесячное', 'пособие', 'детей', '3', '7', 'лет', 'мне', 'пришел', 'отказ', 'связи', 'нулевым', 'доходом', 'когда', 'ухаживаю', 'ребенком', 'инвалидом', 'это', 'является', 'уважительной', 'причиной', 'однако', 'мне', 'отказывают', 'данному', 'факту', 'прошу', 'разобраться', 'этим', 'вопросом', 'случае', 'необходимости', 'могу', 'приложить', 'документы', 'подтверждающие', 'данный', 'факт', 'сергеева', 'виктория', 'красносельский', 'район', 'ольги', 'антоновны', 'романовской', 'дозвониться', 'уже', 'месяц']","['уважаемый', 'александр', 'беглов', 'помощь', 'решение', 'дать', 'проблема', 'подавать', 'ежемесячный', 'пособие', 'ребёнок', 'год', 'прийти', 'отказ', 'связь', 'нулевой', 'доход', 'ухаживать', 'ребёнок', 'инвалид', 'являться', 'уважительный', 'причина', 'однако', 'отказывать', 'дать', 'факт', 'разобраться', 'случай', 'необходимость', 'мочь', 'приложить', 'документ', 'подтверждать', 'данный', 'факт', 'сергеев', 'виктория', 'красносельский', 'ольга', 'антонович', 'романовский', 'дозвониться', 'месяц']",уважаемый александр беглов помощь решение дать проблема подавать ежемесячный пособие ребёнок год прийти отказ связь нулевой доход ухаживать ребёнок инвалид являться уважительный причина однако отказывать дать факт разобраться случай необходимость мочь приложить документ подтверждать данный факт сергеев виктория красносельский ольга антонович романовский дозвониться месяц,512,0.0,False,2022-02-23,на детей от 3,Социальное обслуживание и защита,Текст,Дата создания,,Направление
123,Мусор/Свалки/ТКО,2022-02-23,Это сейчас помойка по адресу проспект Героев дом 24 корпус 2,appeal_000123,Это сейчас помойка по адресу проспект Героев дом 24 корпус 2,Это сейчас помойка по адресу проспект Героев дом 24 корпус 2,"['это', 'сейчас', 'помойка', 'адресу', 'проспект', 'героев', 'дом', '24', 'корпус', '2']","['сейчас', 'помойка', 'адрес', 'проспект', 'герой', 'дом', 'корпус']",сейчас помойка адрес проспект герой дом корпус,60,0.0,False,2022-02-23,проспект Героев дом 24 корпус 2,Мусор/Свалки/ТКО,Текст,Дата создания,,Направление
124,ЖКХ,2022-02-23,У нас вообще заклеили скотчем спи...дил Батарею главный инженер и говорит всё хорошо.... ленинский проспект 77,appeal_000124,У нас вообще заклеили скотчем спи...дил Батарею главный инженер и говорит всё хорошо.... ленинский проспект 77,У нас вообще заклеили скотчем спи...дил Батарею главный инженер и говорит все хорошо.... ленинский проспект 77,"['нас', 'вообще', 'заклеили', 'скотчем', 'спи', 'дил', 'батарею', 'главный', 'инженер', 'говорит', 'все', 'хорошо', 'ленинский', 'проспект', '77']","['вообще', 'заклеить', 'скотч', 'спать', 'дил', 'батарея', 'главный', 'инженер', 'говорить', 'хорошо', 'ленинский', 'проспект']",вообще заклеить скотч спать дил батарея главный инженер говорить хорошо ленинский проспект,110,0.0,False,2022-02-23,ленинский проспект 77,ЖКХ,Текст,Дата создания,,Направление
125,ЦУР,2022-02-23,"Не так давно писал Вам по поводу беспридела в жкс 2 красносеьского р-на. Так вот вывод по поводу ответа из Вашей администрации таков, что всем до лампочки, абсолютно все. Мне предложили обратиться в гор. прокуратуру, хотя такими обращениями должны заниматься работники Вашего аппарата, а не рабы тракторист. Данный ответ больше похож не столько на безразличие, сколько на пособничество во всей этой сфере. Больше писать не буду, пусть катится, так, как есть. Но народ в шоке от всей Вашей движухи. Желаю удачи.",appeal_000125,"Не так давно писал Вам по поводу беспридела в жкс 2 красносеьского р-на. Так вот вывод по поводу ответа из Вашей администрации таков, что всем до лампочки, абсолютно все. Мне предложили обратиться в гор. прокуратуру, хотя такими обращениями должны заниматься работники Вашего аппарата, а не рабы тракторист. Данный ответ больше похож не столько на безразличие, сколько на пособничество во всей этой сфере. Больше писать не буду, пусть катится, так, как есть. Но народ в шоке от всей Вашей движухи. Желаю удачи.","Не так давно писал Вам по поводу беспридела в жкс 2 красносеьского р-на. Так вот вывод по поводу ответа из Вашей администрации таков, что всем до лампочки, абсолютно все. Мне предложили обратиться в гор. прокуратуру, хотя такими обращениями должны заниматься работники Вашего аппарата, а не рабы тракторист. Данный ответ больше похож не столько на безразличие, сколько на пособничество во всей этой сфере. Больше писать не буду, пусть катится, так, как есть. Но народ в шоке от всей Вашей движухи. Желаю удачи.","['так', 'давно', 'писал', 'вам', 'поводу', 'беспридела', 'жкс', '2', 'красносеьского', 'р-на', 'так', 'вот', 'вывод', 'поводу', 'ответа', 'вашей', 'администрации', 'таков', 'что', 'всем', 'лампочки', 'абсолютно', 'все', 'мне', 'предложили', 'обратиться', 'гор', 'прокуратуру', 'хотя', 'такими', 'обращениями', 'должны', 'заниматься', 'работники', 'вашего', 'аппарата', 'рабы', 'тракторист', 'данный', 'ответ', 'больше', 'похож', 'столько', 'безразличие', 'сколько', 'пособничество', 'всей', 'этой', 'сфере', 'больше', 'писать', 'буду', 'пусть', 'катится', 'так', 'как', 'есть', 'народ', 'шоке', 'всей', 'вашей', 'движухи', 'желаю', 'удачи']","['давно', 'писать', 'повод', 'беспридел', 'жкс', 'красносеьский', 'р-на', 'вывод', 'повод', 'ваш', 'таковой', 'весь', 'лампочка', 'абсолютно', 'предложить', 'обратиться', 'гора', 'прокуратура', 'хотя', 'такой', 'должный', 'заниматься', 'работник', 'ваш', 'аппарат', 'раб', 'тракторист', 'данный', 'большой', 'похожий', 'столько', 'безразличие', 'сколько', 'пособничество', 'весь', 'сфера', 'большой', 'писать', 'пусть', 'катиться', 'есть', 'народ', 'шок', 'весь', 'ваш', 'движуха', 'желать', 'удача']",давно писать повод беспридел жкс красносеьский р-на вывод повод ваш таковой весь лампочка абсолютно предложить обратиться гора прокуратура хотя такой должный заниматься работник ваш аппарат раб тракторист данный большой похожий столько безразличие сколько пособничество весь сфера большой писать пусть катиться есть народ шок весь ваш движуха желать удача,510,0.0,False,2022-02-23,беспридела в жкс 2,ЦУР,Текст,Дата создания,,Направление
126,Благоустройство,2022-02-23,"Оставьте парк в покое!!! Природа и без вас знает, что ей нужно!! Только озеленение и уход за зелеными насаждениями!",appeal_000126,"Оставьте парк в покое!!! Природа и без вас знает, что ей нужно!! Только озеленение и уход за зелеными насаждениями!","Оставьте парк в покое!!! Природа и без вас знает, что ей нужно!! Только озеленение и уход за зелеными насаждениями!","['оставьте', 'парк', 'покое', 'природа', 'без', 'вас', 'знает', 'что', 'нужно', 'только', 'озеленение', 'уход', 'зелеными', 'насаждениями']","['оставить', 'парк', 'покой', 'природа', 'знать', 'нужно', 'озеленение', 'уход', 'зелёный', 'насаждение']",оставить парк покой природа знать нужно озеленение уход зелёный насаждение,115,0.3,False,2022-02-23,,Благоустройство,Текст,Дата создания,,Направление
127,Благоустройство,2022-02-23,"Хотелось бы видеть больше деревьев, кустов, цветов. Скамейки не будут лишними. Сокращение территории парка недопустимо. Не надо там никакого ЗАГСа. Для велосипедистов, роллеров, бегунов нужно поддерживать асфальтовую дорожку в хорошем состоянии. В парке люди занимаются скандинавской ходьбой. Разработайте несколько маршрутов разной протяжённости. Это не требует больших вложений. Инфокарта на старте-финише, дальше по парку только указатели. И гулять можно с пользой для здоровья.",appeal_000127,"Хотелось бы видеть больше деревьев, кустов, цветов. Скамейки не будут лишними. Сокращение территории парка недопустимо. Не надо там никакого ЗАГСа. Для велосипедистов, роллеров, бегунов нужно поддерживать асфальтовую дорожку в хорошем состоянии. В парке люди занимаются скандинавской ходьбой. Разработайте несколько маршрутов разной протяжённости. Это не требует больших вложений. Инфокарта на старте-финише, дальше по парку только указатели. И гулять можно с пользой для здоровья.","Хотелось бы видеть больше деревьев, кустов, цветов. Скамейки не будут лишними. Сокращение территории парка недопустимо. Не надо там никакого ЗАГСа. Для велосипедистов, роллеров, бегунов нужно поддерживать асфальтовую дорожку в хорошем состоянии. В парке люди занимаются скандинавской ходьбой. Разработайте несколько маршрутов разной протяженности. Это не требует больших вложений. Инфокарта на старте-финише, дальше по парку только указатели. И гулять можно с пользой для здоровья.","['хотелось', 'видеть', 'больше', 'деревьев', 'кустов', 'цветов', 'скамейки', 'будут', 'лишними', 'сокращение', 'территории', 'парка', 'недопустимо', 'надо', 'там', 'никакого', 'загса', 'для', 'велосипедистов', 'роллеров', 'бегунов', 'нужно', 'поддерживать', 'асфальтовую', 'дорожку', 'хорошем', 'состоянии', 'парке', 'люди', 'занимаются', 'скандинавской', 'ходьбой', 'разработайте', 'несколько', 'маршрутов', 'разной', 'протяженности', 'это', 'требует', 'больших', 'вложений', 'инфокарта', 'старте-финише', 'дальше', 'парку', 'только', 'указатели', 'гулять', 'можно', 'пользой', 'для', 'здоровья']","['хотеться', 'видеть', 'большой', 'дерево', 'куст', 'цвет', 'скамейка', 'лишний', 'сокращение', 'территория', 'парк', 'недопустимо', 'надо', 'там', 'никакой', 'загс', 'велосипедист', 'роллер', 'бегун', 'нужно', 'поддерживать', 'асфальтовый', 'дорожка', 'хороший', 'состояние', 'парка', 'человек', 'заниматься', 'скандинавский', 'ходьба', 'разработать', 'несколько', 'маршрут', 'разный', 'протяжённость', 'требовать', 'больший', 'вложение', 'инфокарта', 'старт-финиш', 'далёкий', 'парка', 'указатель', 'гулять', 'можно', 'польза', 'здоровье']",хотеться видеть большой дерево куст цвет скамейка лишний сокращение территория парк недопустимо надо там никакой загс велосипедист роллер бегун нужно поддерживать асфальтовый дорожка хороший состояние парка человек заниматься скандинавский ходьба разработать несколько маршрут разный протяжённость требовать больший вложение инфокарта старт-финиш далёкий парка указатель гулять можно польза здоровье,481,0.0,False,2022-02-23,,Благоустройство,Текст,Дата создания,,Направление
128,ЖКХ,2022-02-23,"Добрый день, вроде бы праздник сегодня, но почему надо издеваться над людьми, в квартире холодрыга , батареи холодные совсем, ПОЧЕМУ ..лето наступило не надо Топить, если Вы экономите на нас, кварплату за отопление платить не будем !!!??? Ломаная улица дом 3 Б, Московский р-н.",appeal_000128,"Добрый день, вроде бы праздник сегодня, но почему надо издеваться над людьми, в квартире холодрыга , батареи холодные совсем, ПОЧЕМУ ..лето наступило не надо Топить, если Вы экономите на нас, кварплату за отопление платить не будем !!!??? Ломаная улица дом 3 Б, Московский р-н.","Добрый день, вроде бы праздник сегодня, но почему надо издеваться над людьми, в квартире холодрыга , батареи холодные совсем, ПОЧЕМУ ..лето наступило не надо Топить, если Вы экономите на нас, кварплату за отопление платить не будем !!!??? Ломаная улица дом 3 Б, Московский р-н.","['добрый', 'день', 'вроде', 'праздник', 'сегодня', 'почему', 'надо', 'издеваться', 'над', 'людьми', 'квартире', 'холодрыга', 'батареи', 'холодные', 'совсем', 'почему', 'лето', 'наступило', 'надо', 'топить', 'если', 'экономите', 'нас', 'кварплату', 'отопление', 'платить', 'будем', 'ломаная', 'улица', 'дом', '3', 'московский', 'р-н']","['вроде', 'праздник', 'сегодня', 'почему', 'надо', 'издеваться', 'человек', 'квартира', 'холодрыг', 'батарея', 'холодное', 'совсем', 'почему', 'лето', 'наступить', 'надо', 'топить', 'экономить', 'кварплат', 'отопление', 'платить', 'ломаный', 'улица', 'дом', 'московский', 'р-н']",вроде праздник сегодня почему надо издеваться человек квартира холодрыг батарея холодное совсем почему лето наступить надо топить экономить кварплат отопление платить ломаный улица дом московский р-н,277,0.3,False,2022-02-23,улица дом 3,ЖКХ,Текст,Дата создания,,Направление
129,Здравоохранение/Медицина,2022-02-23,"Поликлиника 48 Московского района на Бассейной не возможно записаться к участковым врачам терапевтам, семейным врачам , участковым врачам. Было объявлено, что запись будет с 21 февраля.",appeal_000129,"Поликлиника 48 Московского района на Бассейной не возможно записаться к участковым врачам терапевтам, семейным врачам , участковым врачам. Было объявлено, что запись будет с 21 февраля.","Поликлиника 48 Московского района на Бассейной не возможно записаться к участковым врачам терапевтам, семейным врачам , участковым врачам. Было объявлено, что запись будет с 21 февраля.","['поликлиника', '48', 'московского', 'района', 'бассейной', 'возможно', 'записаться', 'участковым', 'врачам', 'терапевтам', 'семейным', 'врачам', 'участковым', 'врачам', 'было', 'объявлено', 'что', 'запись', 'будет', '21', 'февраля']","['поликлиника', 'московский', 'бассейный', 'возможно', 'записаться', 'участковый', 'врач', 'терапевт', 'семейный', 'врач', 'участковый', 'врач', 'объявить', 'запись', 'февраль']",поликлиника московский бассейный возможно записаться участковый врач терапевт семейный врач участковый врач объявить запись февраль,185,0.0,False,2022-02-23,Поликлиника 48,Здравоохранение/Медицина,Текст,Дата создания,,Направление
130,Благоустройство,2022-02-23,Доброе утро! Сегодня 23 февраля. Жкс2 снова всех обманул и снег забыл вывезти.,appeal_000130,Доброе утро! Сегодня 23 февраля. Жкс2 снова всех обманул и снег забыл вывезти.,Доброе утро! Сегодня 23 февраля. Жкс2 снова всех обманул и снег забыл вывезти.,"['доброе', 'утро', 'сегодня', '23', 'февраля', 'жкс', '2', 'снова', 'всех', 'обманул', 'снег', 'забыл', 'вывезти']","['утро', 'сегодня', 'февраль', 'жкс', 'снова', 'весь', 'обмануть', 'снег', 'забыть', 'вывезти']",утро сегодня февраль жкс снова весь обмануть снег забыть вывезти,78,0.1,False,2022-02-23,Сегодня 23,Благоустройство,Текст,Дата создания,,Направление
131,Здравоохранение/Медицина,2022-02-23,"[id437734987|Наталья], я тоже писала и жаловалась ...мужу вызвала врача четыре недели назад,идёт до сих пор.И представьте себе звоню а мне говорят ждите но скорее всего не придет т.к. очень много вызовов 56пликлиника,а вы говорите.",appeal_000131,"[id437734987|Наталья], я тоже писала и жаловалась ...мужу вызвала врача четыре недели назад,идёт до сих пор.И представьте себе звоню а мне говорят ждите но скорее всего не придет т.к. очень много вызовов 56пликлиника,а вы говорите.","id437734987 Наталья , я тоже писала и жаловалась ...мужу вызвала врача четыре недели назад,идет до сих пор.И представьте себе звоню а мне говорят ждите но скорее всего не придет т.к. очень много вызовов 56пликлиника,а вы говорите.","['437734987', 'наталья', 'тоже', 'писала', 'жаловалась', 'мужу', 'вызвала', 'врача', 'четыре', 'недели', 'назад', 'идет', 'сих', 'пор', 'представьте', 'себе', 'звоню', 'мне', 'говорят', 'ждите', 'скорее', 'всего', 'придет', 'очень', 'много', 'вызовов', '56п', 'ликлиника', 'говорите']","['437734987', 'наталья', 'тоже', 'писать', 'жаловаться', 'муж', 'вызвать', 'врач', 'четыре', 'неделя', 'назад', 'идти', 'сей', 'пора', 'представить', 'себя', 'звонить', 'говорить', 'ждать', 'скорее', 'весь', 'прийти', 'очень', 'много', 'вызов', '56п', 'ликлиника', 'говорить']",437734987 наталья тоже писать жаловаться муж вызвать врач четыре неделя назад идти сей пора представить себя звонить говорить ждать скорее весь прийти очень много вызов 56п ликлиника говорить,230,0.0,False,2022-02-23,очень много вызовов 56пликлиника,Здравоохранение/Медицина,Текст,Дата создания,,Направление
132,Здравоохранение/Медицина,2022-02-23,"Здравствуйте! Что за бардак происходит в поликлинике 56 Фрунзенского района. Вчера позвонили на 122 , чтобы дистанционно закрыть больничный (болела орви) , ни звонка, ни смс нет до сих пор, сегодня уже 23 февраля. Больничный не закрыли до сих пор. В поликлинике сидит один дежурный врач, к ней идут и больные и здоровые. Народу тьма. Как раз после последней такой выписки, опять заболела. Решите в конце концов уже что нибудь. В этой поликлинике всегда бардак.",appeal_000132,"Здравствуйте! Что за бардак происходит в поликлинике 56 Фрунзенского района. Вчера позвонили на 122 , чтобы дистанционно закрыть больничный (болела орви) , ни звонка, ни смс нет до сих пор, сегодня уже 23 февраля. Больничный не закрыли до сих пор. В поликлинике сидит один дежурный врач, к ней идут и больные и здоровые. Народу тьма. Как раз после последней такой выписки, опять заболела. Решите в конце концов уже что нибудь. В этой поликлинике всегда бардак.","Здравствуйте! Что за бардак происходит в поликлинике 56 Фрунзенского района. Вчера позвонили на 122 , чтобы дистанционно закрыть больничный болела орви , ни звонка, ни смс нет до сих пор, сегодня уже 23 февраля. Больничный не закрыли до сих пор. В поликлинике сидит один дежурный врач, к ней идут и больные и здоровые. Народу тьма. Как раз после последней такой выписки, опять заболела. Решите в конце концов уже что нибудь. В этой поликлинике всегда бардак.","['здравствуйте', 'что', 'бардак', 'происходит', 'поликлинике', '56', 'фрунзенского', 'района', 'вчера', 'позвонили', '122', 'чтобы', 'дистанционно', 'закрыть', 'больничный', 'болела', 'орви', 'звонка', 'смс', 'нет', 'сих', 'пор', 'сегодня', 'уже', '23', 'февраля', 'больничный', 'закрыли', 'сих', 'пор', 'поликлинике', 'сидит', 'один', 'дежурный', 'врач', 'ней', 'идут', 'больные', 'здоровые', 'народу', 'тьма', 'как', 'раз', 'после', 'последней', 'такой', 'выписки', 'опять', 'заболела', 'решите', 'конце', 'концов', 'уже', 'что', 'нибудь', 'этой', 'поликлинике', 'всегда', 'бардак']","['бардак', 'происходить', 'поликлиника', 'фрунзенский', 'вчера', 'позвонить', '122', 'чтобы', 'дистанционно', 'закрыть', 'больничный', 'болеть', 'орви', 'звонок', 'смс', 'сей', 'пора', 'сегодня', 'февраль', 'больничный', 'закрыть', 'сей', 'пора', 'поликлиника', 'сидеть', 'один', 'дежурный', 'врач', 'идти', 'больной', 'здоровый', 'народ', 'тьма', 'раз', 'после', 'последний', 'такой', 'выписка', 'опять', 'заболеть', 'решить', 'конец', 'конец', 'нибыть', 'поликлиника', 'всегда', 'бардак']",бардак происходить поликлиника фрунзенский вчера позвонить 122 чтобы дистанционно закрыть больничный болеть орви звонок смс сей пора сегодня февраль больничный закрыть сей пора поликлиника сидеть один дежурный врач идти больной здоровый народ тьма раз после последний такой выписка опять заболеть решить конец конец нибыть поликлиника всегда бардак,458,0.1,False,2022-02-23,происходит в поликлинике 56,Здравоохранение/Медицина,Текст,Дата создания,,Направление
133,ЖКХ,2022-02-23,"[id4346392:bp-145945152_963|Тамара], нужно у Стилес руководство сменить.У нас так же для жителей ничего не делается.Трубы не менялись с основания дома наверное , а написали, что в 2007 году была замена холодного и горячего водоснабжения.В парадной пол на 1 этаже как в подвальном помещении.Это нам косметический ремонт сделали несколько лет назад.Писать в Стилес бесполезно! Только Выше.1 и 2 этаж и лифт ежедневно не моют дай Бог , если раз в неделю и то когда технику позвонишь.С домоуправом согласна, что они не могут контролировать своих работников они их не слушают либо так руководят. Анна Федоровна у нас тоже замещала мне она понравилась.",appeal_000133,"[id4346392:bp-145945152_963|Тамара], нужно у Стилес руководство сменить.У нас так же для жителей ничего не делается.Трубы не менялись с основания дома наверное , а написали, что в 2007 году была замена холодного и горячего водоснабжения.В парадной пол на 1 этаже как в подвальном помещении.Это нам косметический ремонт сделали несколько лет назад.Писать в Стилес бесполезно! Только Выше.1 и 2 этаж и лифт ежедневно не моют дай Бог , если раз в неделю и то когда технику позвонишь.С домоуправом согласна, что они не могут контролировать своих работников они их не слушают либо так руководят. Анна Федоровна у нас тоже замещала мне она понравилась.","id4346392:bp-145945152 963 Тамара , нужно у Стилес руководство сменить.У нас так же для жителей ничего не делается.Трубы не менялись с основания дома наверное , а написали, что в 2007 году была замена холодного и горячего водоснабжения.В парадной пол на 1 этаже как в подвальном помещении.Это нам косметический ремонт сделали несколько лет назад.Писать в Стилес бесполезно! Только Выше.1 и 2 этаж и лифт ежедневно не моют дай Бог , если раз в неделю и то когда технику позвонишь.С домоуправом согласна, что они не могут контролировать своих работников они их не слушают либо так руководят. Анна Федоровна у нас тоже замещала мне она понравилась.","['4346392', 'bp-', '145945152', '963', 'тамара', 'нужно', 'стилес', 'руководство', 'сменить', 'нас', 'так', 'для', 'жителей', 'ничего', 'делается', 'трубы', 'менялись', 'основания', 'дома', 'наверное', 'написали', 'что', '2007', 'году', 'была', 'замена', 'холодного', 'горячего', 'водоснабжения', 'парадной', 'пол', '1', 'этаже', 'как', 'подвальном', 'помещении', 'это', 'нам', 'косметический', 'ремонт', 'сделали', 'несколько', 'лет', 'назад', 'писать', 'стилес', 'бесполезно', 'только', 'выше', '1', '2', 'этаж', 'лифт', 'ежедневно', 'моют', 'дай', 'бог', 'если', 'раз', 'неделю', 'когда', 'технику', 'позвонишь', 'домоуправом', 'согласна', 'что', 'они', 'могут', 'контролировать', 'своих', 'работников', 'они', 'слушают', 'либо', 'так', 'руководят', 'анна', 'федоровна', 'нас', 'тоже', 'замещала', 'мне', 'она', 'понравилась']","['4346392', 'bp-', '145945152', '963', 'тамара', 'нужно', 'стилеса', 'руководство', 'сменить', 'житель', 'ничего', 'делаться', 'труба', 'меняться', 'основание', 'дом', 'наверное', 'написать', '2007', 'год', 'замена', 'холодное', 'горячее', 'водоснабжение', 'парадный', 'пол', 'этаж', 'подвальный', 'помещение', 'косметический', 'ремонт', 'сделать', 'несколько', 'год', 'назад', 'писать', 'стилеса', 'бесполезно', 'выше', 'этаж', 'лифт', 'ежедневно', 'мыть', 'дать', 'бог', 'раз', 'неделя', 'техника', 'позвонить', 'домоуправо', 'согласный', 'они', 'мочь', 'контролировать', 'свой', 'работник', 'они', 'слушать', 'либо', 'руководить', 'анна', 'фёдорович', 'тоже', 'замещать', 'понравиться']",4346392 bp- 145945152 963 тамара нужно стилеса руководство сменить житель ничего делаться труба меняться основание дом наверное написать 2007 год замена холодное горячее водоснабжение парадный пол этаж подвальный помещение косметический ремонт сделать несколько год назад писать стилеса бесполезно выше этаж лифт ежедневно мыть дать бог раз неделя техника позвонить домоуправо согласный они мочь контролировать свой работник они слушать либо руководить анна фёдорович тоже замещать понравиться,645,0.1,False,2022-02-23,что в 2007,ЖКХ,Текст,Дата создания,,Направление
134,Образование,2022-02-23,"[club54549564|Выборгский район Санкт-Петербурга], есть участок на Фомина дальше, за фомина 14. Сейчас его огородили забором самозахватом. Стройте там школу",appeal_000134,"[club54549564|Выборгский район Санкт-Петербурга], есть участок на Фомина дальше, за фомина 14. Сейчас его огородили забором самозахватом. Стройте там школу","club54549564 Выборгский район Санкт-Петербурга , есть участок на Фомина дальше, за фомина 14. Сейчас его огородили забором самозахватом. Стройте там школу","['club', '54549564', 'выборгский', 'район', 'санкт-петербурга', 'есть', 'участок', 'фомина', 'дальше', 'фомина', '14', 'сейчас', 'его', 'огородили', 'забором', 'самозахватом', 'стройте', 'там', 'школу']","['club', '54549564', 'выборгский', 'санкт-петербург', 'есть', 'участок', 'фомин', 'далёкий', 'фомин', 'сейчас', 'огородить', 'забор', 'самозахват', 'строить', 'там', 'школа']",club 54549564 выборгский санкт-петербург есть участок фомин далёкий фомин сейчас огородить забор самозахват строить там школа,154,0.0,False,2022-02-23,за фомина 14,Образование,Текст,Дата создания,,Направление
135,ЦУР,2022-02-23,"И при этом хочу отметить все эти товарищи с ПсиОПГ постоянно мне твердят, что у них имеются везде свои люди, и у меня нет шансов что либо доказать.",appeal_000135,"И при этом хочу отметить все эти товарищи с ПсиОПГ постоянно мне твердят, что у них имеются везде свои люди, и у меня нет шансов что либо доказать.","И при этом хочу отметить все эти товарищи с ПсиОПГ постоянно мне твердят, что у них имеются везде свои люди, и у меня нет шансов что либо доказать.","['при', 'этом', 'хочу', 'отметить', 'все', 'эти', 'товарищи', 'псиопг', 'постоянно', 'мне', 'твердят', 'что', 'них', 'имеются', 'везде', 'свои', 'люди', 'меня', 'нет', 'шансов', 'что', 'либо', 'доказать']","['хотеть', 'отметить', 'товарищ', 'псиопг', 'постоянно', 'твердить', 'они', 'иметься', 'везде', 'свой', 'человек', 'шанс', 'либо', 'доказать']",хотеть отметить товарищ псиопг постоянно твердить они иметься везде свой человек шанс либо доказать,147,0.0,False,2022-02-23,,ЦУР,Текст,Дата создания,,Направление
136,Роспотребнадзор,2022-02-23,"Здравствуйте. Спешу сообщить, что в школе 475 в п. Парголово массово присутствуют тараканы, которых дети могут принести домой. А также дети неоднократно получали отравления от еды. Прошу вас провести проверку по данному вопросу и обязать школу, чтоб провели профилактику по уничтожению тараканов.",appeal_000136,"Здравствуйте. Спешу сообщить, что в школе 475 в п. Парголово массово присутствуют тараканы, которых дети могут принести домой. А также дети неоднократно получали отравления от еды. Прошу вас провести проверку по данному вопросу и обязать школу, чтоб провели профилактику по уничтожению тараканов.","Здравствуйте. Спешу сообщить, что в школе 475 в п. Парголово массово присутствуют тараканы, которых дети могут принести домой. А также дети неоднократно получали отравления от еды. Прошу вас провести проверку по данному вопросу и обязать школу, чтоб провели профилактику по уничтожению тараканов.","['здравствуйте', 'спешу', 'сообщить', 'что', 'школе', '475', 'парголово', 'массово', 'присутствуют', 'тараканы', 'которых', 'дети', 'могут', 'принести', 'домой', 'также', 'дети', 'неоднократно', 'получали', 'отравления', 'еды', 'прошу', 'вас', 'провести', 'проверку', 'данному', 'вопросу', 'обязать', 'школу', 'чтоб', 'провели', 'профилактику', 'уничтожению', 'тараканов']","['спешить', 'сообщить', 'школа', '475', 'парголово', 'массово', 'присутствовать', 'таракан', 'который', 'ребёнок', 'мочь', 'принести', 'домой', 'также', 'ребёнок', 'неоднократно', 'получать', 'отравление', 'еда', 'провести', 'проверка', 'дать', 'обязать', 'школа', 'чтоб', 'провести', 'профилактика', 'уничтожение', 'таракан']",спешить сообщить школа 475 парголово массово присутствовать таракан который ребёнок мочь принести домой также ребёнок неоднократно получать отравление еда провести проверка дать обязать школа чтоб провести профилактика уничтожение таракан,296,0.0,False,2022-02-23,что в школе 475,Роспотребнадзор,Текст,Дата создания,,Направление
137,Благоустройство,2022-02-23,Сообщение без текста,appeal_000137,Сообщение без текста,Сообщение без текста,"['сообщение', 'без', 'текста']","['сообщение', 'текст']",сообщение текст,20,0.0,False,2022-02-23,,Благоустройство,Текст,Дата создания,,Направление
138,Социальное обслуживание и защита,2022-02-23,"Здравствуйте!<br>На официальном сайте так и не смогла найти информацию, осуществляет ли теперь личный прием граждан губернатор Санкт-Петербурга?",appeal_000138,"Здравствуйте!<br>На официальном сайте так и не смогла найти информацию, осуществляет ли теперь личный прием граждан губернатор Санкт-Петербурга?","Здравствуйте! На официальном сайте так и не смогла найти информацию, осуществляет ли теперь личный прием граждан губернатор Санкт-Петербурга?","['здравствуйте', 'официальном', 'сайте', 'так', 'смогла', 'найти', 'информацию', 'осуществляет', 'теперь', 'личный', 'прием', 'граждан', 'губернатор', 'санкт-петербурга']","['официальный', 'сайт', 'смочь', 'найти', 'информация', 'осуществлять', 'личный', 'приём', 'гражданин', 'губернатор', 'санкт-петербург']",официальный сайт смочь найти информация осуществлять личный приём гражданин губернатор санкт-петербург,141,0.1,False,2022-02-23,,Социальное обслуживание и защита,Текст,Дата создания,,Направление
139,Благоустройство,2022-02-23,"Правительство Санкт-Петербурга, а нельзя ли выделить немножко денег и привести в порядок площадку для выгула на улице Верности? Когда дверь приходится класть на землю, а потом ставить обратно, это несколько неудобно. Когда нет части бума, тоже мало приятного.<br>А дорожку перед входом, похоже, не чистят в принципе. Видимо, поэтому и дверь сломана - невозможно её открыть и закрыть, если вокруг все в снегу поколено.",appeal_000139,"Правительство Санкт-Петербурга, а нельзя ли выделить немножко денег и привести в порядок площадку для выгула на улице Верности? Когда дверь приходится класть на землю, а потом ставить обратно, это несколько неудобно. Когда нет части бума, тоже мало приятного.<br>А дорожку перед входом, похоже, не чистят в принципе. Видимо, поэтому и дверь сломана - невозможно её открыть и закрыть, если вокруг все в снегу поколено.","Правительство Санкт-Петербурга, а нельзя ли выделить немножко денег и привести в порядок площадку для выгула на улице Верности? Когда дверь приходится класть на землю, а потом ставить обратно, это несколько неудобно. Когда нет части бума, тоже мало приятного. А дорожку перед входом, похоже, не чистят в принципе. Видимо, поэтому и дверь сломана - невозможно ее открыть и закрыть, если вокруг все в снегу поколено.","['правительство', 'санкт-петербурга', 'нельзя', 'выделить', 'немножко', 'денег', 'привести', 'порядок', 'площадку', 'для', 'выгула', 'улице', 'верности', 'когда', 'дверь', 'приходится', 'класть', 'землю', 'потом', 'ставить', 'обратно', 'это', 'несколько', 'неудобно', 'когда', 'нет', 'части', 'бума', 'тоже', 'мало', 'приятного', 'дорожку', 'перед', 'входом', 'похоже', 'чистят', 'принципе', 'видимо', 'поэтому', 'дверь', 'сломана', 'невозможно', 'открыть', 'закрыть', 'если', 'вокруг', 'все', 'снегу', 'поколено']","['правительство', 'санкт-петербург', 'нельзя', 'выделить', 'немножко', 'деньга', 'привести', 'порядок', 'площадка', 'выгул', 'улица', 'верность', 'дверь', 'приходиться', 'класть', 'земля', 'потом', 'ставить', 'обратно', 'несколько', 'неудобно', 'часть', 'бум', 'тоже', 'мало', 'приятный', 'дорожка', 'перед', 'вход', 'похоже', 'чистить', 'принцип', 'видимо', 'поэтому', 'дверь', 'сломать', 'невозможно', 'открыть', 'закрыть', 'вокруг', 'снег', 'поколено']",правительство санкт-петербург нельзя выделить немножко деньга привести порядок площадка выгул улица верность дверь приходиться класть земля потом ставить обратно несколько неудобно часть бум тоже мало приятный дорожка перед вход похоже чистить принцип видимо поэтому дверь сломать невозможно открыть закрыть вокруг снег поколено,414,0.2,False,2022-02-23,,Благоустройство,Текст,Дата создания,,Направление
140,Торговля,2022-02-23,"А шаверма возле метро Академическая, точнее возле остановки наземного транспорта. Типо далеко от метро?",appeal_000140,"А шаверма возле метро Академическая, точнее возле остановки наземного транспорта. Типо далеко от метро?","А шаверма возле метро Академическая, точнее возле остановки наземного транспорта. Типо далеко от метро?","['шаверма', 'возле', 'метро', 'академическая', 'точнее', 'возле', 'остановки', 'наземного', 'транспорта', 'типо', 'далеко', 'метро']","['шаверма', 'возле', 'метро', 'академический', 'точнее', 'возле', 'остановка', 'наземный', 'транспорт', 'типо', 'далеко', 'метро']",шаверма возле метро академический точнее возле остановка наземный транспорт типо далеко метро,103,0.0,False,2022-02-23,,Торговля,Текст,Дата создания,,Направление
141,Торговля,2022-02-23,А воз и ныне там ....<br>А вот цевилизованная торговля у метро Гражданский проспект..,appeal_000141,А воз и ныне там ....<br>А вот цевилизованная торговля у метро Гражданский проспект..,А воз и ныне там .... А вот цевилизованная торговля у метро Гражданский проспект..,"['воз', 'ныне', 'там', 'вот', 'цевилизованная', 'торговля', 'метро', 'гражданский', 'проспект']","['воз', 'ныне', 'там', 'цевилизовать', 'торговля', 'метро', 'гражданский', 'проспект']",воз ныне там цевилизовать торговля метро гражданский проспект,82,0.0,False,2022-02-23,,Торговля,Текст,Дата создания,,Направление
142,Торговля,2022-02-23,Только вчера был на Академической. Торгаши стоят.,appeal_000142,Только вчера был на Академической. Торгаши стоят.,Только вчера был на Академической. Торгаши стоят.,"['только', 'вчера', 'был', 'академической', 'торгаши', 'стоят']","['вчера', 'академический', 'торгаш', 'стоять']",вчера академический торгаш стоять,49,0.0,False,2022-02-23,,Торговля,Текст,Дата создания,,Направление
143,ЦУР,2022-02-23,"[club23904|Калининский район Санкт-Петербурга], больше шаблонных ответов с несуществующей информацией присылать не планируете? Где ответ на мой вопрос - каким образом уменьшилась нагрузка, если даже к участковому терапевту чисто физически не попасть, как видно по моему фото из поликлиники?",appeal_000143,"[club23904|Калининский район Санкт-Петербурга], больше шаблонных ответов с несуществующей информацией присылать не планируете? Где ответ на мой вопрос - каким образом уменьшилась нагрузка, если даже к участковому терапевту чисто физически не попасть, как видно по моему фото из поликлиники?","club23904 Калининский район Санкт-Петербурга , больше шаблонных ответов с несуществующей информацией присылать не планируете? Где ответ на мой вопрос - каким образом уменьшилась нагрузка, если даже к участковому терапевту чисто физически не попасть, как видно по моему фото из поликлиники?","['club', '23904', 'калининский', 'район', 'санкт-петербурга', 'больше', 'шаблонных', 'ответов', 'несуществующей', 'информацией', 'присылать', 'планируете', 'где', 'ответ', 'мой', 'вопрос', 'каким', 'образом', 'уменьшилась', 'нагрузка', 'если', 'даже', 'участковому', 'терапевту', 'чисто', 'физически', 'попасть', 'как', 'видно', 'моему', 'фото', 'поликлиники']","['club', '23904', 'калининский', 'санкт-петербург', 'большой', 'шаблонный', 'несуществующий', 'информация', 'присылать', 'планировать', 'где', 'мой', 'какой', 'образ', 'уменьшиться', 'нагрузка', 'участковый', 'терапевт', 'чисто', 'физически', 'попасть', 'видно', 'мой', 'фото', 'поликлиника']",club 23904 калининский санкт-петербург большой шаблонный несуществующий информация присылать планировать где мой какой образ уменьшиться нагрузка участковый терапевт чисто физически попасть видно мой фото поликлиника,289,0.0,False,2022-02-23,,ЦУР,Текст,Дата создания,,Направление
144,Учреждения культуры,2022-02-23,"Уважаемая Администрация района, объясните пожалуйста в связи с чем вдруг Вы с осени 2021 года (а именно с дня рождения нашего города Колпино) перенесли вдруг место проведения фейерверков и салютов?<br>Салют прекрасно запускали с пляжа или с воды в разливе реки.<br>Зачем Вы перенесли место запуска салютов в парк на Чухонке?<br>Это загубит обитателей парка. Вы же сами проводите акции с молодежью и фотографии размещаете с них в своей группе, как дети кормят птиц, белок, делают кормушки. Экорайон, Белкин район у нас, а по факту всё ложь!<br>Парк на Чухонке не место для салютов!!!",appeal_000144,"Уважаемая Администрация района, объясните пожалуйста в связи с чем вдруг Вы с осени 2021 года (а именно с дня рождения нашего города Колпино) перенесли вдруг место проведения фейерверков и салютов?<br>Салют прекрасно запускали с пляжа или с воды в разливе реки.<br>Зачем Вы перенесли место запуска салютов в парк на Чухонке?<br>Это загубит обитателей парка. Вы же сами проводите акции с молодежью и фотографии размещаете с них в своей группе, как дети кормят птиц, белок, делают кормушки. Экорайон, Белкин район у нас, а по факту всё ложь!<br>Парк на Чухонке не место для салютов!!!","Уважаемая Администрация района, объясните пожалуйста в связи с чем вдруг Вы с осени 2021 года а именно с дня рождения нашего города Колпино перенесли вдруг место проведения фейерверков и салютов? Салют прекрасно запускали с пляжа или с воды в разливе реки. Зачем Вы перенесли место запуска салютов в парк на Чухонке? Это загубит обитателей парка. Вы же сами проводите акции с молодежью и фотографии размещаете с них в своей группе, как дети кормят птиц, белок, делают кормушки. Экорайон, Белкин район у нас, а по факту все ложь! Парк на Чухонке не место для салютов!!!","['уважаемая', 'администрация', 'района', 'объясните', 'пожалуйста', 'связи', 'чем', 'вдруг', 'осени', '2021', 'года', 'именно', 'дня', 'рождения', 'нашего', 'города', 'колпино', 'перенесли', 'вдруг', 'место', 'проведения', 'фейерверков', 'салютов', 'салют', 'прекрасно', 'запускали', 'пляжа', 'или', 'воды', 'разливе', 'реки', 'зачем', 'перенесли', 'место', 'запуска', 'салютов', 'парк', 'чухонке', 'это', 'загубит', 'обитателей', 'парка', 'сами', 'проводите', 'акции', 'молодежью', 'фотографии', 'размещаете', 'них', 'своей', 'группе', 'как', 'дети', 'кормят', 'птиц', 'белок', 'делают', 'кормушки', 'экорайон', 'белкин', 'район', 'нас', 'факту', 'все', 'ложь', 'парк', 'чухонке', 'место', 'для', 'салютов']","['уважаемый', 'объяснить', 'пожалуйста', 'связь', 'чем', 'вдруг', 'осень', '2021', 'год', 'именно', 'рождение', 'наш', 'колпино', 'перенести', 'вдруг', 'место', 'проведение', 'фейерверк', 'салют', 'салют', 'прекрасно', 'запускать', 'пляж', 'вода', 'разлив', 'река', 'зачем', 'перенести', 'место', 'запуск', 'салют', 'парк', 'чухонка', 'загубить', 'обитатель', 'парк', 'сам', 'проводить', 'акция', 'молодёжь', 'фотография', 'размещать', 'они', 'свой', 'группа', 'ребёнок', 'кормить', 'птица', 'белок', 'делать', 'кормушка', 'экорайон', 'белкин', 'факт', 'ложь', 'парк', 'чухонка', 'место', 'салют']",уважаемый объяснить пожалуйста связь чем вдруг осень 2021 год именно рождение наш колпино перенести вдруг место проведение фейерверк салют салют прекрасно запускать пляж вода разлив река зачем перенести место запуск салют парк чухонка загубить обитатель парк сам проводить акция молодёжь фотография размещать они свой группа ребёнок кормить птица белок делать кормушка экорайон белкин факт ложь парк чухонка место салют,568,0.3,False,2022-02-23,Вы с осени 2021,Учреждения культуры,Текст,Дата создания,,Направление
145,Учреждения культуры,2022-02-23,"Уважаемая Администрация района, объясните пожалуйста в связи с чем вдруг Вы с сентября 2021 года (а именно с дня рождения нашего города Колпино) перенесли место проведения фейерверков и салютов?<br>Салют всегда запускали с пляжа и с реки напротив Гребной школы.<br>Зачем Вы перенесли место запуска салютов в парк на Чухонке?<br>Это загубит обитателей парка, могут пострадать деревья!<br>❗Вы же сами проводите акции с молодежью и фотографии размещаете с этих акций в своей группе, как дети кормят птиц, белок, делают кормушки. Пишите, что Экорайон, Белкин район у нас в Колпино, а по факту получается, что всё это зря! Вам не кажется, что это не стыкуется с Вашими другими действиями?<br>Парк на Чухонке не место для салютов!!!<br>Это место для отдыха и любования тишиной и природой!<br>❗Салют на 9 мая тоже там будет среди деревьев, где птицы весной как раз в это время на гнездах сидят???<br>❗ В первом классе на Окружающем мире учат детей, чтобы птиц берегли! Птиц не будет, гусеницы и жуки сожрут деревья!<br>И так кругом в Колпино одни вороны в огромном количестве. Только в парке птицы остались хоть какие-то.<br>Задумайтесь, что Вы делаете! Всё должно быть в гармонии в городе.<br>Ждём ответа от Вас.",appeal_000145,"Уважаемая Администрация района, объясните пожалуйста в связи с чем вдруг Вы с сентября 2021 года (а именно с дня рождения нашего города Колпино) перенесли место проведения фейерверков и салютов?<br>Салют всегда запускали с пляжа и с реки напротив Гребной школы.<br>Зачем Вы перенесли место запуска салютов в парк на Чухонке?<br>Это загубит обитателей парка, могут пострадать деревья!<br>❗Вы же сами проводите акции с молодежью и фотографии размещаете с этих акций в своей группе, как дети кормят птиц, белок, делают кормушки. Пишите, что Экорайон, Белкин район у нас в Колпино, а по факту получается, что всё это зря! Вам не кажется, что это не стыкуется с Вашими другими действиями?<br>Парк на Чухонке не место для салютов!!!<br>Это место для отдыха и любования тишиной и природой!<br>❗Салют на 9 мая тоже там будет среди деревьев, где птицы весной как раз в это время на гнездах сидят???<br>❗ В первом классе на Окружающем мире учат детей, чтобы птиц берегли! Птиц не будет, гусеницы и жуки сожрут деревья!<br>И так кругом в Колпино одни вороны в огромном количестве. Только в парке птицы остались хоть какие-то.<br>Задумайтесь, что Вы делаете! Всё должно быть в гармонии в городе.<br>Ждём ответа от Вас.","Уважаемая Администрация района, объясните пожалуйста в связи с чем вдруг Вы с сентября 2021 года а именно с дня рождения нашего города Колпино перенесли место проведения фейерверков и салютов? Салют всегда запускали с пляжа и с реки напротив Гребной школы. Зачем Вы перенесли место запуска салютов в парк на Чухонке? Это загубит обитателей парка, могут пострадать деревья! Вы же сами проводите акции с молодежью и фотографии размещаете с этих акций в своей группе, как дети кормят птиц, белок, делают кормушки. Пишите, что Экорайон, Белкин район у нас в Колпино, а по факту получается, что все это зря! Вам не кажется, что это не стыкуется с Вашими другими действиями? Парк на Чухонке не место для салютов!!! Это место для отдыха и любования тишиной и природой! Салют на 9 мая тоже там будет среди деревьев, где птицы весной как раз в это время на гнездах сидят??? В первом классе на Окружающем мире учат детей, чтобы птиц берегли! Птиц не будет, гусеницы и жуки сожрут деревья! И так кругом в Колпино одни вороны в огромном количестве. Только в парке птицы остались хоть какие-то. Задумайтесь, что Вы делаете! Все должно быть в гармонии в городе. Ждем ответа от Вас.","['уважаемая', 'администрация', 'района', 'объясните', 'пожалуйста', 'связи', 'чем', 'вдруг', 'сентября', '2021', 'года', 'именно', 'дня', 'рождения', 'нашего', 'города', 'колпино', 'перенесли', 'место', 'проведения', 'фейерверков', 'салютов', 'салют', 'всегда', 'запускали', 'пляжа', 'реки', 'напротив', 'гребной', 'школы', 'зачем', 'перенесли', 'место', 'запуска', 'салютов', 'парк', 'чухонке', 'это', 'загубит', 'обитателей', 'парка', 'могут', 'пострадать', 'деревья', 'сами', 'проводите', 'акции', 'молодежью', 'фотографии', 'размещаете', 'этих', 'акций', 'своей', 'группе', 'как', 'дети', 'кормят', 'птиц', 'белок', 'делают', 'кормушки', 'пишите', 'что', 'экорайон', 'белкин', 'район', 'нас', 'колпино', 'факту', 'получается', 'что', 'все', 'это', 'зря', 'вам', 'кажется', 'что', 'это', 'стыкуется', 'вашими', 'другими', 'действиями', 'парк', 'чухонке', 'место', 'для', 'салютов', 'это', 'место', 'для', 'отдыха', 'любования', 'тишиной', 'природой', 'салют', '9', 'мая', 'тоже', 'там', 'будет', 'среди', 'деревьев', 'где', 'птицы', 'весной', 'как', 'раз', 'это', 'время', 'гнездах', 'сидят', 'первом', 'классе', 'окружающем', 'мире', 'учат', 'детей', 'чтобы', 'птиц', 'берегли', 'птиц', 'будет', 'гусеницы', 'жуки', 'сожрут', 'деревья', 'так', 'кругом', 'колпино', 'одни', 'вороны', 'огромном', 'количестве', 'только', 'парке', 'птицы', 'остались', 'хоть', 'какие-то', 'задумайтесь', 'что', 'делаете', 'все', 'должно', 'быть', 'гармонии', 'городе', 'ждем', 'ответа', 'вас']","['уважаемый', 'объяснить', 'пожалуйста', 'связь', 'чем', 'вдруг', 'сентябрь', '2021', 'год', 'именно', 'рождение', 'наш', 'колпино', 'перенести', 'место', 'проведение', 'фейерверк', 'салют', 'салют', 'всегда', 'запускать', 'пляж', 'река', 'напротив', 'гребной', 'школа', 'зачем', 'перенести', 'место', 'запуск', 'салют', 'парк', 'чухонка', 'загубить', 'обитатель', 'парк', 'мочь', 'пострадать', 'дерево', 'сам', 'проводить', 'акция', 'молодёжь', 'фотография', 'размещать', 'акция', 'свой', 'группа', 'ребёнок', 'кормить', 'птица', 'белок', 'делать', 'кормушка', 'писать', 'экорайон', 'белкин', 'колпино', 'факт', 'получаться', 'зря', 'казаться', 'стыковаться', 'ваш', 'другой', 'действие', 'парк', 'чухонка', 'место', 'салют', 'место', 'отдых', 'любование', 'тишина', 'природа', 'салют', 'май', 'тоже', 'там', 'среди', 'дерево', 'где', 'птица', 'весна', 'раз', 'время', 'гнездо', 'сидеть', 'первый', 'класс', 'окружающий', 'мир', 'учить', 'ребёнок', 'чтобы', 'птица', 'беречь', 'птица', 'гусеница', 'жук', 'сожрать', 'дерево', 'кругом', 'колпино', 'один', 'ворона', 'огромный', 'количество', 'парка', 'птица', 'остаться', 'хоть', 'какой-то', 'задуматься', 'делать', 'должный', 'гармония', 'ждать']",уважаемый объяснить пожалуйста связь чем вдруг сентябрь 2021 год именно рождение наш колпино перенести место проведение фейерверк салют салют всегда запускать пляж река напротив гребной школа зачем перенести место запуск салют парк чухонка загубить обитатель парк мочь пострадать дерево сам проводить акция молодёжь фотография размещать акция свой группа ребёнок кормить птица белок делать кормушка писать экорайон белкин колпино факт получаться зря казаться стыковаться ваш другой действие парк чухонка место салют место отдых любование тишина природа салют май тоже там среди дерево где птица весна раз время гнездо сидеть первый класс окружающий мир учить ребёнок чтобы птица беречь птица гусеница жук сожрать дерево кругом колпино один ворона огромный количество парка птица остаться хоть какой-то задуматься делать должный гармония ждать,1167,0.3,False,2022-02-23,Вы с сентября 2021,Учреждения культуры,Текст,Дата создания,,Направление
146,Социальное обслуживание и защита,2022-02-23,"Добрый день! Обращаюсь к Вам от имени моей мамы. В 2020 году, после проверки газа газовщики сказали, что плита у мамы не пригодна для использования. Брат( Дмитриев Андрей) встал на очередь( он имеет инвалидность) на получение плиты. Пришло положительное решение и его включили в список на 2021 год. Но плиту так никто и не привёз. В этом году, после проверки газа вообще запретили пользоваться духовкой. Брат позвонил по указанному телефону, но ему сказали, что ни в каких списках он не числится. Как так то? Как нам разобраться в этой ситуации? Куда обращаться? Как могли снять с очереди не предупредив и не объяснив причину? Помогите, пожалуйста в этой ситуации. Или подскажите, куда обращаться. Красногвардейский район",appeal_000146,"Добрый день! Обращаюсь к Вам от имени моей мамы. В 2020 году, после проверки газа газовщики сказали, что плита у мамы не пригодна для использования. Брат( Дмитриев Андрей) встал на очередь( он имеет инвалидность) на получение плиты. Пришло положительное решение и его включили в список на 2021 год. Но плиту так никто и не привёз. В этом году, после проверки газа вообще запретили пользоваться духовкой. Брат позвонил по указанному телефону, но ему сказали, что ни в каких списках он не числится. Как так то? Как нам разобраться в этой ситуации? Куда обращаться? Как могли снять с очереди не предупредив и не объяснив причину? Помогите, пожалуйста в этой ситуации. Или подскажите, куда обращаться. Красногвардейский район","Добрый день! Обращаюсь к Вам от имени моей мамы. В 2020 году, после проверки газа газовщики сказали, что плита у мамы не пригодна для использования. Брат Дмитриев Андрей встал на очередь он имеет инвалидность на получение плиты. Пришло положительное решение и его включили в список на 2021 год. Но плиту так никто и не привез. В этом году, после проверки газа вообще запретили пользоваться духовкой. Брат позвонил по указанному телефону, но ему сказали, что ни в каких списках он не числится. Как так то? Как нам разобраться в этой ситуации? Куда обращаться? Как могли снять с очереди не предупредив и не объяснив причину? Помогите, пожалуйста в этой ситуации. Или подскажите, куда обращаться. Красногвардейский район","['добрый', 'день', 'обращаюсь', 'вам', 'имени', 'моей', 'мамы', '2020', 'году', 'после', 'проверки', 'газа', 'газовщики', 'сказали', 'что', 'плита', 'мамы', 'пригодна', 'для', 'использования', 'брат', 'дмитриев', 'андрей', 'встал', 'очередь', 'имеет', 'инвалидность', 'получение', 'плиты', 'пришло', 'положительное', 'решение', 'его', 'включили', 'список', '2021', 'год', 'плиту', 'так', 'никто', 'привез', 'этом', 'году', 'после', 'проверки', 'газа', 'вообще', 'запретили', 'пользоваться', 'духовкой', 'брат', 'позвонил', 'указанному', 'телефону', 'ему', 'сказали', 'что', 'каких', 'списках', 'числится', 'как', 'так', 'как', 'нам', 'разобраться', 'этой', 'ситуации', 'куда', 'обращаться', 'как', 'могли', 'снять', 'очереди', 'предупредив', 'объяснив', 'причину', 'помогите', 'пожалуйста', 'этой', 'ситуации', 'или', 'подскажите', 'куда', 'обращаться', 'красногвардейский', 'район']","['обращаться', 'имя', 'мой', 'мама', '2020', 'год', 'после', 'проверка', 'газ', 'газовщик', 'сказать', 'плита', 'мама', 'пригодный', 'использование', 'брат', 'дмитриев', 'андрей', 'встать', 'очередь', 'иметь', 'инвалидность', 'получение', 'плита', 'прийти', 'положительный', 'решение', 'включить', 'список', '2021', 'год', 'плита', 'никто', 'привезти', 'год', 'после', 'проверка', 'газ', 'вообще', 'запретить', 'пользоваться', 'духовка', 'брат', 'позвонить', 'указанный', 'телефон', 'сказать', 'какой', 'список', 'числиться', 'разобраться', 'ситуация', 'куда', 'обращаться', 'мочь', 'снять', 'очередь', 'предупредить', 'объяснить', 'причина', 'помочь', 'пожалуйста', 'ситуация', 'подсказать', 'куда', 'обращаться', 'красногвардейский']",обращаться имя мой мама 2020 год после проверка газ газовщик сказать плита мама пригодный использование брат дмитриев андрей встать очередь иметь инвалидность получение плита прийти положительный решение включить список 2021 год плита никто привезти год после проверка газ вообще запретить пользоваться духовка брат позвонить указанный телефон сказать какой список числиться разобраться ситуация куда обращаться мочь снять очередь предупредить объяснить причина помочь пожалуйста ситуация подсказать куда обращаться красногвардейский,717,0.1,False,2022-02-23,список на 2021,Социальное обслуживание и защита,Текст,Дата создания,,Направление
147,Здравоохранение/Медицина,2022-02-23,"Здравствуйте! Прошу ответить мне на вопрос- почему в поликлинике #54 больным сахарным диабетом выписывают по 3 упаковки тест-полосок, а а поликлинике #120 по Две упаковки? Мне необходимо измерять сахар 3 раза в день. Выдаваемые мне 2 упаковки(это 100 тест-полосок) хватает на 33 дня! Мне приходиться докупать на сумму более З- х тысяч рублей! Я инвалид 3 группы и пенсионер! Прошу дать мне ответ! С уважением Владимир Филиппов.",appeal_000147,"Здравствуйте! Прошу ответить мне на вопрос- почему в поликлинике #54 больным сахарным диабетом выписывают по 3 упаковки тест-полосок, а а поликлинике #120 по Две упаковки? Мне необходимо измерять сахар 3 раза в день. Выдаваемые мне 2 упаковки(это 100 тест-полосок) хватает на 33 дня! Мне приходиться докупать на сумму более З- х тысяч рублей! Я инвалид 3 группы и пенсионер! Прошу дать мне ответ! С уважением Владимир Филиппов.","Здравствуйте! Прошу ответить мне на вопрос- почему в поликлинике больным сахарным диабетом выписывают по 3 упаковки тест-полосок, а а поликлинике по Две упаковки? Мне необходимо измерять сахар 3 раза в день. Выдаваемые мне 2 упаковки это 100 тест-полосок хватает на 33 дня! Мне приходиться докупать на сумму более З- х тысяч рублей! Я инвалид 3 группы и пенсионер! Прошу дать мне ответ! С уважением Владимир Филиппов.","['здравствуйте', 'прошу', 'ответить', 'мне', 'вопрос-', 'почему', 'поликлинике', 'больным', 'сахарным', 'диабетом', 'выписывают', '3', 'упаковки', 'тест-полосок', 'поликлинике', 'две', 'упаковки', 'мне', 'необходимо', 'измерять', 'сахар', '3', 'раза', 'день', 'выдаваемые', 'мне', '2', 'упаковки', 'это', '100', 'тест-полосок', 'хватает', '33', 'дня', 'мне', 'приходиться', 'докупать', 'сумму', 'более', 'тысяч', 'рублей', 'инвалид', '3', 'группы', 'пенсионер', 'прошу', 'дать', 'мне', 'ответ', 'уважением', 'владимир', 'филиппов']","['ответить', 'вопрос-', 'почему', 'поликлиника', 'больной', 'сахарный', 'диабет', 'выписывать', 'упаковка', 'тест-полоска', 'поликлиника', 'два', 'упаковка', 'необходимо', 'измерять', 'сахар', 'раз', 'выдавать', 'упаковка', '100', 'тест-полоска', 'хватать', 'приходиться', 'докупать', 'сумма', 'более', 'тысяча', 'рубль', 'инвалид', 'группа', 'пенсионер', 'дать', 'уважение', 'владимир', 'филипп']",ответить вопрос- почему поликлиника больной сахарный диабет выписывать упаковка тест-полоска поликлиника два упаковка необходимо измерять сахар раз выдавать упаковка 100 тест-полоска хватать приходиться докупать сумма более тысяча рубль инвалид группа пенсионер дать уважение владимир филипп,417,0.3,False,2022-02-23,диабетом выписывают по 3,Здравоохранение/Медицина,Текст,Дата создания,,Направление
148,Дороги,2022-02-23,"Вы сначала уберите незаконную стоянку и незаконную дорогу в Новой Охте,и предоставьте наконец проект новоохтинского парка,и после этого ,берете своих коллег из думы и вперёд на Донбасс .",appeal_000148,"Вы сначала уберите незаконную стоянку и незаконную дорогу в Новой Охте,и предоставьте наконец проект новоохтинского парка,и после этого ,берете своих коллег из думы и вперёд на Донбасс .","Вы сначала уберите незаконную стоянку и незаконную дорогу в Новой Охте,и предоставьте наконец проект новоохтинского парка,и после этого ,берете своих коллег из думы и вперед на Донбасс .","['сначала', 'уберите', 'незаконную', 'стоянку', 'незаконную', 'дорогу', 'новой', 'охте', 'предоставьте', 'наконец', 'проект', 'новоохтинского', 'парка', 'после', 'этого', 'берете', 'своих', 'коллег', 'думы', 'вперед', 'донбасс']","['сначала', 'убрать', 'незаконный', 'стоянка', 'незаконный', 'дорога', 'новый', 'охта', 'предоставить', 'наконец', 'проект', 'новоохтинский', 'парк', 'после', 'берет', 'свой', 'коллега', 'дума', 'вперёд', 'донбасс']",сначала убрать незаконный стоянка незаконный дорога новый охта предоставить наконец проект новоохтинский парк после берет свой коллега дума вперёд донбасс,186,0.0,False,2022-02-23,,Дороги,Текст,Дата создания,,Направление
149,Строительство и архитектура,2022-02-23,"На Энтузиастов, когда снесете здание долгострой, ????",appeal_000149,"На Энтузиастов, когда снесете здание долгострой, ????","На Энтузиастов, когда снесете здание долгострой, ????","['энтузиастов', 'когда', 'снесете', 'здание', 'долгострой']","['энтузиаст', 'снести', 'здание', 'долгострой']",энтузиаст снести здание долгострой,53,0.0,False,2022-02-23,,Строительство и архитектура,Текст,Дата создания,,Направление
150,ЖКХ,2022-02-23,"Здравствуйте Александр Дмитриевич! Подскажите пожалуйста когда будут проводиться работы по установке плитки и пандусов для колясок! С момента моего первого обращения не произошло нечего! Прошу потребовать у подрядной организации установку временных пандусов для колясок, раз работы замороженны и не планируются выполняться с 12.10.21. ситуация не меняется совершенно. Повторюсь что из за халатного отношения к выполняемым работам моя супруга находящаяся на 7 месяце беременности вынужденна с 2-х годовалым ребенком каждый день поднимать и спускать коляску вручную по высокой непреспособленной лестнице.",appeal_000150,"Здравствуйте Александр Дмитриевич! Подскажите пожалуйста когда будут проводиться работы по установке плитки и пандусов для колясок! С момента моего первого обращения не произошло нечего! Прошу потребовать у подрядной организации установку временных пандусов для колясок, раз работы замороженны и не планируются выполняться с 12.10.21. ситуация не меняется совершенно. Повторюсь что из за халатного отношения к выполняемым работам моя супруга находящаяся на 7 месяце беременности вынужденна с 2-х годовалым ребенком каждый день поднимать и спускать коляску вручную по высокой непреспособленной лестнице.","Здравствуйте Александр Дмитриевич! Подскажите пожалуйста когда будут проводиться работы по установке плитки и пандусов для колясок! С момента моего первого обращения не произошло нечего! Прошу потребовать у подрядной организации установку временных пандусов для колясок, раз работы замороженны и не планируются выполняться с 12.10.21. ситуация не меняется совершенно. Повторюсь что из за халатного отношения к выполняемым работам моя супруга находящаяся на 7 месяце беременности вынужденна с 2-х годовалым ребенком каждый день поднимать и спускать коляску вручную по высокой непреспособленной лестнице.","['здравствуйте', 'александр', 'дмитриевич', 'подскажите', 'пожалуйста', 'когда', 'будут', 'проводиться', 'работы', 'установке', 'плитки', 'пандусов', 'для', 'колясок', 'момента', 'моего', 'первого', 'обращения', 'произошло', 'нечего', 'прошу', 'потребовать', 'подрядной', 'организации', 'установку', 'временных', 'пандусов', 'для', 'колясок', 'раз', 'работы', 'замороженны', 'планируются', 'выполняться', '12', '10', '21', 'ситуация', 'меняется', 'совершенно', 'повторюсь', 'что', 'халатного', 'отношения', 'выполняемым', 'работам', 'моя', 'супруга', 'находящаяся', '7', 'месяце', 'беременности', 'вынужденна', '2', 'годовалым', 'ребенком', 'каждый', 'день', 'поднимать', 'спускать', 'коляску', 'вручную', 'высокой', 'непреспособленной', 'лестнице']","['александр', 'дмитриевич', 'подсказать', 'пожалуйста', 'проводиться', 'работа', 'установка', 'плитка', 'пандус', 'коляска', 'момент', 'мой', 'первый', 'произойти', 'нечего', 'потребовать', 'подрядный', 'организация', 'установка', 'временной', 'пандус', 'коляска', 'раз', 'работа', 'замороженный', 'планироваться', 'выполняться', 'ситуация', 'меняться', 'совершенно', 'повториться', 'халатный', 'отношение', 'выполнять', 'работа', 'мой', 'супруг', 'находиться', 'месяц', 'беременность', 'вынужденный', 'годовалый', 'ребёнок', 'каждый', 'поднимать', 'спускать', 'коляска', 'вручную', 'высокий', 'непреспособленный', 'лестница']",александр дмитриевич подсказать пожалуйста проводиться работа установка плитка пандус коляска момент мой первый произойти нечего потребовать подрядный организация установка временной пандус коляска раз работа замороженный планироваться выполняться ситуация меняться совершенно повториться халатный отношение выполнять работа мой супруг находиться месяц беременность вынужденный годовалый ребёнок каждый поднимать спускать коляска вручную высокий непреспособленный лестница,602,0.3,False,2022-02-23,планируются выполняться с 12,ЖКХ,Текст,Дата создания,,Направление
151,ЖКХ,2022-02-23,"я за то, чтобы помогать, но, может, стоит сначала у себя навести порядок?! в центре города люди живут в квартирах без душа и горячей воды. не надо тут патриотическими картинками разбрасываться.",appeal_000151,"я за то, чтобы помогать, но, может, стоит сначала у себя навести порядок?! в центре города люди живут в квартирах без душа и горячей воды. не надо тут патриотическими картинками разбрасываться.","я за то, чтобы помогать, но, может, стоит сначала у себя навести порядок?! в центре города люди живут в квартирах без душа и горячей воды. не надо тут патриотическими картинками разбрасываться.","['чтобы', 'помогать', 'может', 'стоит', 'сначала', 'себя', 'навести', 'порядок', 'центре', 'города', 'люди', 'живут', 'квартирах', 'без', 'душа', 'горячей', 'воды', 'надо', 'тут', 'патриотическими', 'картинками', 'разбрасываться']","['чтобы', 'помогать', 'мочь', 'стоить', 'сначала', 'себя', 'навести', 'порядок', 'центр', 'человек', 'жить', 'квартира', 'душа', 'горячий', 'вода', 'надо', 'тут', 'патриотический', 'картинка', 'разбрасываться']",чтобы помогать мочь стоить сначала себя навести порядок центр человек жить квартира душа горячий вода надо тут патриотический картинка разбрасываться,193,0.1,False,2022-02-23,,ЖКХ,Текст,Дата создания,,Направление
152,Благоустройство,2022-02-23,"Это газон напротив дома Ильюшина 2, и скоро оттепель и здесь такого намесят, я полагаю газона у нас больше не будет. Писали в ГАТИ, звонили в ГИБДД, а ""воз"" и ныне там ... Помогите пожалуйста.",appeal_000152,"Это газон напротив дома Ильюшина 2, и скоро оттепель и здесь такого намесят, я полагаю газона у нас больше не будет. Писали в ГАТИ, звонили в ГИБДД, а ""воз"" и ныне там ... Помогите пожалуйста.","Это газон напротив дома Ильюшина 2, и скоро оттепель и здесь такого намесят, я полагаю газона у нас больше не будет. Писали в ГАТИ, звонили в ГИБДД, а воз и ныне там ... Помогите пожалуйста.","['это', 'газон', 'напротив', 'дома', 'ильюшина', '2', 'скоро', 'оттепель', 'здесь', 'такого', 'намесят', 'полагаю', 'газона', 'нас', 'больше', 'будет', 'писали', 'гати', 'звонили', 'гибдд', 'воз', 'ныне', 'там', 'помогите', 'пожалуйста']","['газон', 'напротив', 'дом', 'ильюшин', 'скоро', 'оттепель', 'здесь', 'такой', 'намесить', 'полагать', 'газон', 'большой', 'писать', 'гать', 'звонить', 'гибдд', 'воз', 'ныне', 'там', 'помочь', 'пожалуйста']",газон напротив дом ильюшин скоро оттепель здесь такой намесить полагать газон большой писать гать звонить гибдд воз ныне там помочь пожалуйста,190,0.0,False,2022-02-23,напротив дома Ильюшина 2,Благоустройство,Текст,Дата создания,,Направление
153,Дороги,2022-02-23,"Здравствуйте Уважаемый Александр Дмитриевич. Очень жаль что никому ничего не надо. С этим беспределом я начал бороться с начала января, писал в ГАТИ и в Комитет по Благоустройству, и Вам, но увы вот сегодняшнее фото, уже в два ряда ...",appeal_000153,"Здравствуйте Уважаемый Александр Дмитриевич. Очень жаль что никому ничего не надо. С этим беспределом я начал бороться с начала января, писал в ГАТИ и в Комитет по Благоустройству, и Вам, но увы вот сегодняшнее фото, уже в два ряда ...","Здравствуйте Уважаемый Александр Дмитриевич. Очень жаль что никому ничего не надо. С этим беспределом я начал бороться с начала января, писал в ГАТИ и в Комитет по Благоустройству, и Вам, но увы вот сегодняшнее фото, уже в два ряда ...","['здравствуйте', 'уважаемый', 'александр', 'дмитриевич', 'очень', 'жаль', 'что', 'никому', 'ничего', 'надо', 'этим', 'беспределом', 'начал', 'бороться', 'начала', 'января', 'писал', 'гати', 'комитет', 'благоустройству', 'вам', 'увы', 'вот', 'сегодняшнее', 'фото', 'уже', 'два', 'ряда']","['уважаемый', 'александр', 'дмитриевич', 'очень', 'жаль', 'никто', 'ничего', 'надо', 'беспредел', 'начать', 'бороться', 'начало', 'январь', 'писать', 'гать', 'комитет', 'благоустройство', 'увы', 'сегодняшний', 'фото', 'два', 'ряд']",уважаемый александр дмитриевич очень жаль никто ничего надо беспредел начать бороться начало январь писать гать комитет благоустройство увы сегодняшний фото два ряд,235,0.0,False,2022-02-23,,Дороги,Текст,Дата создания,,Направление
154,Благоустройство,2022-02-23,"Добрый день!<br>Пишу вам с просьбой посодействовать в ограждении нашей дорожки к парадной по адресу Бестужевская 61, парадная 4.<br>Куда я только не обращалась везде отказ. Дело в том, что у нас постоянно разворачиваются и паркуются автомобили, прямо на дорожке к парадной. Водителям все равно на жителей данного дома. Вечерами не пройти к парадной, так как сейчас и сугробы кругом. Летом портят газон. Просили писали в ЖКС-3 но всегда отписка, со словами что данная земля является собственностью собственников данного дома. Иными словами нужно собрание жильцов для голосования о постановки ограждений. Сделать это очень сложно, так как у нас нет главного по дому. Так же не найти и собственников, потому что они сдают своё жильё.<br>Я прошу помочь нам. Может можно просто вкопать две трубы, что бы никто не ездил и не парковался на дорожке.<br>Фото прилагаю.",appeal_000154,"Добрый день!<br>Пишу вам с просьбой посодействовать в ограждении нашей дорожки к парадной по адресу Бестужевская 61, парадная 4.<br>Куда я только не обращалась везде отказ. Дело в том, что у нас постоянно разворачиваются и паркуются автомобили, прямо на дорожке к парадной. Водителям все равно на жителей данного дома. Вечерами не пройти к парадной, так как сейчас и сугробы кругом. Летом портят газон. Просили писали в ЖКС-3 но всегда отписка, со словами что данная земля является собственностью собственников данного дома. Иными словами нужно собрание жильцов для голосования о постановки ограждений. Сделать это очень сложно, так как у нас нет главного по дому. Так же не найти и собственников, потому что они сдают своё жильё.<br>Я прошу помочь нам. Может можно просто вкопать две трубы, что бы никто не ездил и не парковался на дорожке.<br>Фото прилагаю.","Добрый день! Пишу вам с просьбой посодействовать в ограждении нашей дорожки к парадной по адресу Бестужевская 61, парадная 4. Куда я только не обращалась везде отказ. Дело в том, что у нас постоянно разворачиваются и паркуются автомобили, прямо на дорожке к парадной. Водителям все равно на жителей данного дома. Вечерами не пройти к парадной, так как сейчас и сугробы кругом. Летом портят газон. Просили писали в ЖКС-3 но всегда отписка, со словами что данная земля является собственностью собственников данного дома. Иными словами нужно собрание жильцов для голосования о постановки ограждений. Сделать это очень сложно, так как у нас нет главного по дому. Так же не найти и собственников, потому что они сдают свое жилье. Я прошу помочь нам. Может можно просто вкопать две трубы, что бы никто не ездил и не парковался на дорожке. Фото прилагаю.","['добрый', 'день', 'пишу', 'вам', 'просьбой', 'посодействовать', 'ограждении', 'нашей', 'дорожки', 'парадной', 'адресу', 'бестужевская', '61', 'парадная', '4', 'куда', 'только', 'обращалась', 'везде', 'отказ', 'дело', 'том', 'что', 'нас', 'постоянно', 'разворачиваются', 'паркуются', 'автомобили', 'прямо', 'дорожке', 'парадной', 'водителям', 'все', 'равно', 'жителей', 'данного', 'дома', 'вечерами', 'пройти', 'парадной', 'так', 'как', 'сейчас', 'сугробы', 'кругом', 'летом', 'портят', 'газон', 'просили', 'писали', 'жкс-', '3', 'всегда', 'отписка', 'словами', 'что', 'данная', 'земля', 'является', 'собственностью', 'собственников', 'данного', 'дома', 'иными', 'словами', 'нужно', 'собрание', 'жильцов', 'для', 'голосования', 'постановки', 'ограждений', 'сделать', 'это', 'очень', 'сложно', 'так', 'как', 'нас', 'нет', 'главного', 'дому', 'так', 'найти', 'собственников', 'потому', 'что', 'они', 'сдают', 'свое', 'жилье', 'прошу', 'помочь', 'нам', 'может', 'можно', 'просто', 'вкопать', 'две', 'трубы', 'что', 'никто', 'ездил', 'парковался', 'дорожке', 'фото', 'прилагаю']","['писать', 'просьба', 'посодействовать', 'ограждение', 'наш', 'дорожка', 'парадный', 'адрес', 'бестужевский', 'парадный', 'куда', 'обращаться', 'везде', 'отказ', 'дело', 'тот', 'постоянно', 'разворачиваться', 'парковаться', 'автомобиль', 'прямо', 'дорожка', 'парадный', 'водитель', 'равно', 'житель', 'данный', 'дом', 'вечер', 'пройти', 'парадный', 'сейчас', 'сугроб', 'кругом', 'лето', 'портить', 'газон', 'просить', 'писать', 'жкс-', 'всегда', 'отписка', 'слово', 'дать', 'земля', 'являться', 'собственность', 'собственник', 'данный', 'дом', 'иной', 'слово', 'нужно', 'собрание', 'жилец', 'голосование', 'постановка', 'ограждение', 'сделать', 'очень', 'сложно', 'главное', 'дом', 'найти', 'собственник', 'потому', 'они', 'сдавать', 'свой', 'жильё', 'помочь', 'мочь', 'можно', 'просто', 'вкопать', 'два', 'труба', 'никто', 'ездить', 'парковаться', 'дорожка', 'фото', 'прилагать']",писать просьба посодействовать ограждение наш дорожка парадный адрес бестужевский парадный куда обращаться везде отказ дело тот постоянно разворачиваться парковаться автомобиль прямо дорожка парадный водитель равно житель данный дом вечер пройти парадный сейчас сугроб кругом лето портить газон просить писать жкс- всегда отписка слово дать земля являться собственность собственник данный дом иной слово нужно собрание жилец голосование постановка ограждение сделать очень сложно главное дом найти собственник потому они сдавать свой жильё помочь мочь можно просто вкопать два труба никто ездить парковаться дорожка фото прилагать,847,0.1,False,2022-02-23,по адресу Бестужевская 61,Благоустройство,Текст,Дата создания,,Направление
155,Общественный транспорт,2022-02-23,"[id211062055|Володя], а пенсию чтобы увеличили к кому обратиться? А проиндексировали пенсию работающим пенсионерам? А метро чтобы наконец-то в Петербурге сделали куда нужно обращаться? Продолжать?",appeal_000155,"[id211062055|Володя], а пенсию чтобы увеличили к кому обратиться? А проиндексировали пенсию работающим пенсионерам? А метро чтобы наконец-то в Петербурге сделали куда нужно обращаться? Продолжать?","id211062055 Володя , а пенсию чтобы увеличили к кому обратиться? А проиндексировали пенсию работающим пенсионерам? А метро чтобы наконец-то в Петербурге сделали куда нужно обращаться? Продолжать?","['211062055', 'володя', 'пенсию', 'чтобы', 'увеличили', 'кому', 'обратиться', 'проиндексировали', 'пенсию', 'работающим', 'пенсионерам', 'метро', 'чтобы', 'наконец-то', 'петербурге', 'сделали', 'куда', 'нужно', 'обращаться', 'продолжать']","['211062055', 'володя', 'пенсия', 'чтобы', 'увеличить', 'кто', 'обратиться', 'проиндексировать', 'пенсия', 'работать', 'пенсионер', 'метро', 'чтобы', 'наконец-то', 'петербург', 'сделать', 'куда', 'нужно', 'обращаться', 'продолжать']",211062055 володя пенсия чтобы увеличить кто обратиться проиндексировать пенсия работать пенсионер метро чтобы наконец-то петербург сделать куда нужно обращаться продолжать,195,0.0,False,2022-02-23,,Общественный транспорт,Текст,Дата создания,,Направление
156,Дороги,2022-02-23,"Обратная связь (Сообщить о проблеме)
Информационное сообщение сайта Национальные проекты России_x000D_
_x000D_
------------------------------------------_x000D_
_x000D_
Вам было отправлено сообщение через форму обратной связи_x000D_
_x000D_
Раздел: Сообщить о проблеме_x000D_
_x000D_
Подробно расскажите о своей ситуации_x000D_
_x000D_
Когда планируется ремонт и что именно планируется сделать на дороге находящейся по адресу Ленинградская область, Кировский муниципальный район, Мгинское городское поселение, а/д "" 13 км автодороги ""Магистральная"" - ж/д станция Апраксин"" ?_x000D_
_x000D_
Как вы думаете, под какой национальный проект подходит ваша инициатива?_x000D_
_x000D_
Безопасные качественные дороги_x000D_
_x000D_
---_x000D_
_x000D_
Контактные данные_x000D_
_x000D_
Имя: Евгений_x000D_
_x000D_
Эл. почта: iev777@mail.ru_x000D_
_x000D_
Местоположение: г Санкт-Петербург_x000D_
_x000D_
---_x000D_
_x000D_
Сообщение сгенерировано автоматически._x000D_
_x000D_
",appeal_000156,"Обратная связь (Сообщить о проблеме)
Информационное сообщение сайта Национальные проекты России_x000D_
_x000D_
------------------------------------------_x000D_
_x000D_
Вам было отправлено сообщение через форму обратной связи_x000D_
_x000D_
Раздел: Сообщить о проблеме_x000D_
_x000D_
Подробно расскажите о своей ситуации_x000D_
_x000D_
Когда планируется ремонт и что именно планируется сделать на дороге находящейся по адресу Ленинградская область, Кировский муниципальный район, Мгинское городское поселение, а/д "" 13 км автодороги ""Магистральная"" - ж/д станция Апраксин"" ?_x000D_
_x000D_
Как вы думаете, под какой национальный проект подходит ваша инициатива?_x000D_
_x000D_
Безопасные качественные дороги_x000D_
_x000D_
---_x000D_
_x000D_
Контактные данные_x000D_
_x000D_
Имя: Евгений_x000D_
_x000D_
Эл. почта: iev777@mail.ru_x000D_
_x000D_
Местоположение: г Санкт-Петербург_x000D_
_x000D_
---_x000D_
_x000D_
Сообщение сгенерировано автоматически._x000D_
_x000D_
","Обратная связь Сообщить о проблеме Информационное сообщение сайта Национальные проекты России x000D x000D ------------------------------------------ x000D x000D Вам было отправлено сообщение через форму обратной связи x000D x000D Раздел: Сообщить о проблеме x000D x000D Подробно расскажите о своей ситуации x000D x000D Когда планируется ремонт и что именно планируется сделать на дороге находящейся по адресу Ленинградская область, Кировский муниципальный район, Мгинское городское поселение, а/д 13 км автодороги Магистральная - ж/д станция Апраксин ? x000D x000D Как вы думаете, под какой национальный проект подходит ваша инициатива? x000D x000D Безопасные качественные дороги x000D x000D --- x000D x000D Контактные данные x000D x000D Имя: Евгений x000D x000D Эл. почта: iev777 .ru x000D x000D Местоположение: г Санкт-Петербург x000D x000D --- x000D x000D Сообщение сгенерировано автоматически. x000D x000D","['обратная', 'связь', 'сообщить', 'проблеме', 'информационное', 'сообщение', 'сайта', 'национальные', 'проекты', 'россии', '000d', '000d', '000d', '000d', 'вам', 'было', 'отправлено', 'сообщение', 'через', 'форму', 'обратной', 'связи', '000d', '000d', 'раздел', 'сообщить', 'проблеме', '000d', '000d', 'подробно', 'расскажите', 'своей', 'ситуации', '000d', '000d', 'когда', 'планируется', 'ремонт', 'что', 'именно', 'планируется', 'сделать', 'дороге', 'находящейся', 'адресу', 'ленинградская', 'область', 'кировский', 'муниципальный', 'район', 'мгинское', 'городское', 'поселение', '13', 'автодороги', 'магистральная', 'станция', 'апраксин', '000d', '000d', 'как', 'думаете', 'под', 'какой', 'национальный', 'проект', 'подходит', 'ваша', 'инициатива', '000d', '000d', 'безопасные', 'качественные', 'дороги', '000d', '000d', '000d', '000d', 'контактные', 'данные', '000d', '000d', 'имя', 'евгений', '000d', '000d', 'почта', 'iev', '777', '000d', '000d', 'местоположение', 'санкт-петербург', '000d', '000d', '000d', '000d', 'сообщение', 'сгенерировано', 'автоматически', '000d', '000d']","['обратный', 'связь', 'сообщить', 'проблема', 'информационный', 'сообщение', 'сайт', 'национальный', 'проект', 'россия', '000d', '000d', '000d', '000d', 'отправить', 'сообщение', 'через', 'форма', 'обратный', 'связь', '000d', '000d', 'раздел', 'сообщить', 'проблема', '000d', '000d', 'подробно', 'рассказать', 'свой', 'ситуация', '000d', '000d', 'планироваться', 'ремонт', 'именно', 'планироваться', 'сделать', 'дорога', 'находиться', 'адрес', 'ленинградский', 'область', 'кировский', 'муниципальный', 'мгинский', 'городской', 'поселение', 'автодорога', 'магистральный', 'станция', 'апраксин', '000d', '000d', 'думать', 'какой', 'национальный', 'проект', 'подходить', 'ваш', 'инициатива', '000d', '000d', 'безопасный', 'качественный', 'дорога', '000d', '000d', '000d', '000d', 'контактный', 'дать', '000d', '000d', 'имя', 'евгений', '000d', '000d', 'почта', 'iev', '777', '000d', '000d', 'местоположение', 'санкт-петербург', '000d', '000d', '000d', '000d', 'сообщение', 'сгенерировать', 'автоматически', '000d', '000d']",обратный связь сообщить проблема информационный сообщение сайт национальный проект россия 000d 000d 000d 000d отправить сообщение через форма обратный связь 000d 000d раздел сообщить проблема 000d 000d подробно рассказать свой ситуация 000d 000d планироваться ремонт именно планироваться сделать дорога находиться адрес ленинградский область кировский муниципальный мгинский городской поселение автодорога магистральный станция апраксин 000d 000d думать какой национальный проект подходить ваш инициатива 000d 000d безопасный качественный дорога 000d 000d 000d 000d контактный дать 000d 000d имя евгений 000d 000d почта iev 777 000d 000d местоположение санкт-петербург 000d 000d 000d 000d сообщение сгенерировать автоматически 000d 000d,909,0.2,False,2022-02-23,,Дороги,Текст,Дата создания,,Направление
157,ЖКХ,2022-02-23,"У меня один вопрос - когда в отношении ООО ЖКС 2 Невского района будет рассмотрен вопрос о лишении данной организации лицензии на оказание жилищно-коммунальных услуг на основании того, что данная организация на постоянной основе игнорирует законодательство РФ или в Санкт-Петербурге нормы права РФ уже не действуют? Почему сотрудники ОЖИ постоянно закрывают глаза (и исходя из чего?) на те безобразия, что творит данная уошка? При очистке снега и наледи с крыши разбили балконное окно - срок восстановления в зимний период 24 часа, но сотрудники УК старательно бегали от меня, пока я естественно не провела ремонт. Зато получила от них ответ - УК заключила договор с ип ""рогаикопыта"" вот с них и спрашивайте. Повторяю вопрос к ГЖИ - когда будут приняты КОНКРЕТНЫЕ меры в отношении этой ук?",appeal_000157,"У меня один вопрос - когда в отношении ООО ЖКС 2 Невского района будет рассмотрен вопрос о лишении данной организации лицензии на оказание жилищно-коммунальных услуг на основании того, что данная организация на постоянной основе игнорирует законодательство РФ или в Санкт-Петербурге нормы права РФ уже не действуют? Почему сотрудники ОЖИ постоянно закрывают глаза (и исходя из чего?) на те безобразия, что творит данная уошка? При очистке снега и наледи с крыши разбили балконное окно - срок восстановления в зимний период 24 часа, но сотрудники УК старательно бегали от меня, пока я естественно не провела ремонт. Зато получила от них ответ - УК заключила договор с ип ""рогаикопыта"" вот с них и спрашивайте. Повторяю вопрос к ГЖИ - когда будут приняты КОНКРЕТНЫЕ меры в отношении этой ук?","У меня один вопрос - когда в отношении ООО ЖКС 2 Невского района будет рассмотрен вопрос о лишении данной организации лицензии на оказание жилищно-коммунальных услуг на основании того, что данная организация на постоянной основе игнорирует законодательство РФ или в Санкт-Петербурге нормы права РФ уже не действуют? Почему сотрудники ОЖИ постоянно закрывают глаза и исходя из чего? на те безобразия, что творит данная уошка? При очистке снега и наледи с крыши разбили балконное окно - срок восстановления в зимний период 24 часа, но сотрудники УК старательно бегали от меня, пока я естественно не провела ремонт. Зато получила от них ответ - УК заключила договор с ип рогаикопыта вот с них и спрашивайте. Повторяю вопрос к ГЖИ - когда будут приняты КОНКРЕТНЫЕ меры в отношении этой ук?","['меня', 'один', 'вопрос', 'когда', 'отношении', 'ооо', 'жкс', '2', 'невского', 'района', 'будет', 'рассмотрен', 'вопрос', 'лишении', 'данной', 'организации', 'лицензии', 'оказание', 'жилищно-коммунальных', 'услуг', 'основании', 'того', 'что', 'данная', 'организация', 'постоянной', 'основе', 'игнорирует', 'законодательство', 'или', 'санкт-петербурге', 'нормы', 'права', 'уже', 'действуют', 'почему', 'сотрудники', 'ожи', 'постоянно', 'закрывают', 'глаза', 'исходя', 'чего', 'безобразия', 'что', 'творит', 'данная', 'уошка', 'при', 'очистке', 'снега', 'наледи', 'крыши', 'разбили', 'балконное', 'окно', 'срок', 'восстановления', 'зимний', 'период', '24', 'часа', 'сотрудники', 'старательно', 'бегали', 'меня', 'пока', 'естественно', 'провела', 'ремонт', 'зато', 'получила', 'них', 'ответ', 'заключила', 'договор', 'рогаикопыта', 'вот', 'них', 'спрашивайте', 'повторяю', 'вопрос', 'гжи', 'когда', 'будут', 'приняты', 'конкретные', 'меры', 'отношении', 'этой']","['один', 'отношение', 'ооо', 'жкс', 'невский', 'рассмотреть', 'лишение', 'дать', 'организация', 'лицензия', 'оказание', 'жилищно-коммунальный', 'услуга', 'основание', 'тот', 'дать', 'организация', 'постоянный', 'основа', 'игнорировать', 'законодательство', 'санкт-петербург', 'норма', 'право', 'действовать', 'почему', 'сотрудник', 'ожи', 'постоянно', 'закрывать', 'глаз', 'исходить', 'безобразие', 'творить', 'дать', 'уошка', 'очистка', 'снег', 'наледь', 'крыша', 'разбить', 'балконный', 'окно', 'срок', 'восстановление', 'зимний', 'период', 'час', 'сотрудник', 'старательно', 'бегать', 'пока', 'естественно', 'провести', 'ремонт', 'зато', 'получить', 'они', 'заключить', 'договор', 'рогаикопыто', 'они', 'спрашивать', 'повторять', 'гжи', 'принять', 'конкретный', 'отношение']",один отношение ооо жкс невский рассмотреть лишение дать организация лицензия оказание жилищно-коммунальный услуга основание тот дать организация постоянный основа игнорировать законодательство санкт-петербург норма право действовать почему сотрудник ожи постоянно закрывать глаз исходить безобразие творить дать уошка очистка снег наледь крыша разбить балконный окно срок восстановление зимний период час сотрудник старательно бегать пока естественно провести ремонт зато получить они заключить договор рогаикопыто они спрашивать повторять гжи принять конкретный отношение,785,0.0,False,2022-02-23,отношении ООО ЖКС 2,ЖКХ,Текст,Дата создания,,Направление
158,Безопасность,2022-02-23,"[id11896797|Елена], а почему наши дети должны оставаться без лагерей и детских садов из-за чужих? Сейчас ещё уплотнят очереди. Ждали до школы в некоторых районах, теперь вообще без вариантов. Почему Питер, если на нашей огромной территории полно других городов, с меньшей плотностью населения. И да, пусть едут в Воркуту. Мы и так задыхаемся от мигрантов и понаехавших за хорошей жизнью.",appeal_000158,"[id11896797|Елена], а почему наши дети должны оставаться без лагерей и детских садов из-за чужих? Сейчас ещё уплотнят очереди. Ждали до школы в некоторых районах, теперь вообще без вариантов. Почему Питер, если на нашей огромной территории полно других городов, с меньшей плотностью населения. И да, пусть едут в Воркуту. Мы и так задыхаемся от мигрантов и понаехавших за хорошей жизнью.","id11896797 Елена , а почему наши дети должны оставаться без лагерей и детских садов из-за чужих? Сейчас еще уплотнят очереди. Ждали до школы в некоторых районах, теперь вообще без вариантов. Почему Питер, если на нашей огромной территории полно других городов, с меньшей плотностью населения. И да, пусть едут в Воркуту. Мы и так задыхаемся от мигрантов и понаехавших за хорошей жизнью.","['11896797', 'елена', 'почему', 'наши', 'дети', 'должны', 'оставаться', 'без', 'лагерей', 'детских', 'садов', 'из-за', 'чужих', 'сейчас', 'еще', 'уплотнят', 'очереди', 'ждали', 'школы', 'некоторых', 'районах', 'теперь', 'вообще', 'без', 'вариантов', 'почему', 'питер', 'если', 'нашей', 'огромной', 'территории', 'полно', 'других', 'городов', 'меньшей', 'плотностью', 'населения', 'пусть', 'едут', 'воркуту', 'так', 'задыхаемся', 'мигрантов', 'понаехавших', 'хорошей', 'жизнью']","['11896797', 'елена', 'почему', 'наш', 'ребёнок', 'должный', 'оставаться', 'лагерь', 'детский', 'сад', 'из-за', 'чужой', 'сейчас', 'уплотнить', 'очередь', 'ждать', 'школа', 'некоторый', 'вообще', 'вариант', 'почему', 'питер', 'наш', 'огромный', 'территория', 'полно', 'другой', 'малый', 'плотность', 'население', 'пусть', 'ехать', 'воркута', 'задыхаться', 'мигрант', 'понаехать', 'хороший', 'жизнь']",11896797 елена почему наш ребёнок должный оставаться лагерь детский сад из-за чужой сейчас уплотнить очередь ждать школа некоторый вообще вариант почему питер наш огромный территория полно другой малый плотность население пусть ехать воркута задыхаться мигрант понаехать хороший жизнь,386,0.0,False,2022-02-23,,Безопасность,Текст,Дата создания,,Направление
159,Безопасность,2022-02-23,"Хотелось бы знать, за чей счёт этот ""банкет""?",appeal_000159,"Хотелось бы знать, за чей счёт этот ""банкет""?","Хотелось бы знать, за чей счет этот банкет ?","['хотелось', 'знать', 'чей', 'счет', 'этот', 'банкет']","['хотеться', 'знать', 'чей', 'счёт', 'банкет']",хотеться знать чей счёт банкет,44,0.0,False,2022-02-23,,Безопасность,Текст,Дата создания,,Направление
160,Благоустройство,2022-02-23,Почему работы в Парке Сахарова проводятся с нарушениями? https://vk.com/parksaharova?w=wall-169433482_6355,appeal_000160,Почему работы в Парке Сахарова проводятся с нарушениями? https://vk.com/parksaharova?w=wall-169433482_6355,Почему работы в Парке Сахарова проводятся с нарушениями?,"['почему', 'работы', 'парке', 'сахарова', 'проводятся', 'нарушениями']","['почему', 'работа', 'парка', 'сахаров', 'проводиться', 'нарушение']",почему работа парка сахаров проводиться нарушение,56,0.0,False,2022-02-23,,Благоустройство,Текст,Дата создания,,Направление
161,Социальное обслуживание и защита,2022-02-23,"Добрый день,скажите пожалуйста,если у меня нет собственного жилья,у меня двое детей,младшей 3 месяца,прописаны и проживаем в квартире родственника,могу ли я расчитывать на субсидию?",appeal_000161,"Добрый день,скажите пожалуйста,если у меня нет собственного жилья,у меня двое детей,младшей 3 месяца,прописаны и проживаем в квартире родственника,могу ли я расчитывать на субсидию?","Добрый день,скажите пожалуйста,если у меня нет собственного жилья,у меня двое детей,младшей 3 месяца,прописаны и проживаем в квартире родственника,могу ли я расчитывать на субсидию?","['добрый', 'день', 'скажите', 'пожалуйста', 'если', 'меня', 'нет', 'собственного', 'жилья', 'меня', 'двое', 'детей', 'младшей', '3', 'месяца', 'прописаны', 'проживаем', 'квартире', 'родственника', 'могу', 'расчитывать', 'субсидию']","['сказать', 'пожалуйста', 'собственный', 'жильё', 'двое', 'ребёнок', 'младший', 'месяц', 'прописать', 'проживать', 'квартира', 'родственник', 'мочь', 'расчитывать', 'субсидия']",сказать пожалуйста собственный жильё двое ребёнок младший месяц прописать проживать квартира родственник мочь расчитывать субсидия,181,0.0,False,2022-02-23,младшей 3,Социальное обслуживание и защита,Текст,Дата создания,,Направление
162,Строительство и архитектура,2022-02-23,"Добрый день, я дольщица 2 корпуса, вы дом объявили, что сдали, но вот его реальное состояние осталяет много вопросов. Которые ПС не собирается по видимому исправлять. А как же людям жить в таком качестве дома. Почему Лидер не может доделать 2 корпус до ума, сколько можно мучить людей с этим ПС.<br>Отвратительно все организовано, наша ИГ вечно идёт на стройку, как в бой. Приведите дом в нормальное состояние, соответствующее для жизни там. А то везде недочёты, недоделки, замечения ...<br>Это кошмар, а не дом!!!",appeal_000162,"Добрый день, я дольщица 2 корпуса, вы дом объявили, что сдали, но вот его реальное состояние осталяет много вопросов. Которые ПС не собирается по видимому исправлять. А как же людям жить в таком качестве дома. Почему Лидер не может доделать 2 корпус до ума, сколько можно мучить людей с этим ПС.<br>Отвратительно все организовано, наша ИГ вечно идёт на стройку, как в бой. Приведите дом в нормальное состояние, соответствующее для жизни там. А то везде недочёты, недоделки, замечения ...<br>Это кошмар, а не дом!!!","Добрый день, я дольщица 2 корпуса, вы дом объявили, что сдали, но вот его реальное состояние осталяет много вопросов. Которые ПС не собирается по видимому исправлять. А как же людям жить в таком качестве дома. Почему Лидер не может доделать 2 корпус до ума, сколько можно мучить людей с этим ПС. Отвратительно все организовано, наша ИГ вечно идет на стройку, как в бой. Приведите дом в нормальное состояние, соответствующее для жизни там. А то везде недочеты, недоделки, замечения ... Это кошмар, а не дом!!!","['добрый', 'день', 'дольщица', '2', 'корпуса', 'дом', 'объявили', 'что', 'сдали', 'вот', 'его', 'реальное', 'состояние', 'осталяет', 'много', 'вопросов', 'которые', 'собирается', 'видимому', 'исправлять', 'как', 'людям', 'жить', 'таком', 'качестве', 'дома', 'почему', 'лидер', 'может', 'доделать', '2', 'корпус', 'ума', 'сколько', 'можно', 'мучить', 'людей', 'этим', 'отвратительно', 'все', 'организовано', 'наша', 'вечно', 'идет', 'стройку', 'как', 'бой', 'приведите', 'дом', 'нормальное', 'состояние', 'соответствующее', 'для', 'жизни', 'там', 'везде', 'недочеты', 'недоделки', 'замечения', 'это', 'кошмар', 'дом']","['дольщица', 'корпус', 'дом', 'объявить', 'сдать', 'реальный', 'состояние', 'осталять', 'много', 'который', 'собираться', 'видимый', 'исправлять', 'человек', 'жить', 'такой', 'качество', 'дом', 'почему', 'лидер', 'мочь', 'доделать', 'корпус', 'ум', 'сколько', 'можно', 'мучить', 'человек', 'отвратительный', 'организовать', 'наш', 'вечно', 'идти', 'стройка', 'бой', 'привести', 'дом', 'нормальный', 'состояние', 'соответствовать', 'жизнь', 'там', 'везде', 'недочёт', 'недоделка', 'замечение', 'кошмар', 'дом']",дольщица корпус дом объявить сдать реальный состояние осталять много который собираться видимый исправлять человек жить такой качество дом почему лидер мочь доделать корпус ум сколько можно мучить человек отвратительный организовать наш вечно идти стройка бой привести дом нормальный состояние соответствовать жизнь там везде недочёт недоделка замечение кошмар дом,508,0.5,False,2022-02-23,дольщица 2,Строительство и архитектура,Текст,Дата создания,,Направление
163,Законность и правопорядок,2022-02-23,Штрафы за парковку присылают не законно,appeal_000163,Штрафы за парковку присылают не законно,Штрафы за парковку присылают не законно,"['штрафы', 'парковку', 'присылают', 'законно']","['штраф', 'парковка', 'присылать', 'законно']",штраф парковка присылать законно,39,0.0,False,2022-02-23,,Законность и правопорядок,Текст,Дата создания,,Направление
164,Благоустройство,2022-02-23,Добрый день) снова я) опять туристы ( машины уже не знают как порковаться,appeal_000164,Добрый день) снова я) опять туристы ( машины уже не знают как порковаться,Добрый день снова я опять туристы машины уже не знают как порковаться,"['добрый', 'день', 'снова', 'опять', 'туристы', 'машины', 'уже', 'знают', 'как', 'порковаться']","['снова', 'опять', 'турист', 'машина', 'знать', 'порковаться']",снова опять турист машина знать порковаться,69,0.0,False,2022-02-23,,Благоустройство,Текст,Дата создания,,Направление
165,Дороги,2022-02-23,"Скажите, пожалуйста, почему служебные автомобили не могут пользоваться льготами при пользовании платной парковкой? Почему они вынуждены нарушать ПДД? Вот, например, фото сделано 21 февраля (в этот понедельник) в 19:10. Водитель а/м с ГРЗ Н115ВВ178 вынужден был нарушить сразу 2 пункта ПДД (остановка по запрещающим знаком + остановка ближе 15 метров от остановки ОТ, создав препятствие движению ОТ), ожидая своего руководителя. Хотя платные парковочные места за остановкой были свободны. Почему бы вам не предоставить БЕСПЛАТНУЮ парковку служебным автомобилям? Чтобы они не платили по 6000 рублей штрафов в день.",appeal_000165,"Скажите, пожалуйста, почему служебные автомобили не могут пользоваться льготами при пользовании платной парковкой? Почему они вынуждены нарушать ПДД? Вот, например, фото сделано 21 февраля (в этот понедельник) в 19:10. Водитель а/м с ГРЗ Н115ВВ178 вынужден был нарушить сразу 2 пункта ПДД (остановка по запрещающим знаком + остановка ближе 15 метров от остановки ОТ, создав препятствие движению ОТ), ожидая своего руководителя. Хотя платные парковочные места за остановкой были свободны. Почему бы вам не предоставить БЕСПЛАТНУЮ парковку служебным автомобилям? Чтобы они не платили по 6000 рублей штрафов в день.","Скажите, пожалуйста, почему служебные автомобили не могут пользоваться льготами при пользовании платной парковкой? Почему они вынуждены нарушать ПДД? Вот, например, фото сделано 21 февраля в этот понедельник в 19:10. Водитель а/м с ГРЗ Н115ВВ178 вынужден был нарушить сразу 2 пункта ПДД остановка по запрещающим знаком остановка ближе 15 метров от остановки ОТ, создав препятствие движению ОТ , ожидая своего руководителя. Хотя платные парковочные места за остановкой были свободны. Почему бы вам не предоставить БЕСПЛАТНУЮ парковку служебным автомобилям? Чтобы они не платили по 6000 рублей штрафов в день.","['скажите', 'пожалуйста', 'почему', 'служебные', 'автомобили', 'могут', 'пользоваться', 'льготами', 'при', 'пользовании', 'платной', 'парковкой', 'почему', 'они', 'вынуждены', 'нарушать', 'пдд', 'вот', 'например', 'фото', 'сделано', '21', 'февраля', 'этот', 'понедельник', '19', '10', 'водитель', 'грз', '115в', '178', 'вынужден', 'был', 'нарушить', 'сразу', '2', 'пункта', 'пдд', 'остановка', 'запрещающим', 'знаком', 'остановка', 'ближе', '15', 'метров', 'остановки', 'создав', 'препятствие', 'движению', 'ожидая', 'своего', 'руководителя', 'хотя', 'платные', 'парковочные', 'места', 'остановкой', 'были', 'свободны', 'почему', 'вам', 'предоставить', 'бесплатную', 'парковку', 'служебным', 'автомобилям', 'чтобы', 'они', 'платили', '6000', 'рублей', 'штрафов', 'день']","['сказать', 'пожалуйста', 'почему', 'служебный', 'автомобиль', 'мочь', 'пользоваться', 'льгота', 'пользование', 'платный', 'парковка', 'почему', 'они', 'вынудить', 'нарушать', 'пдд', 'например', 'фото', 'сделать', 'февраль', 'понедельник', 'водитель', 'грз', '115ть', '178', 'вынудить', 'нарушить', 'сразу', 'пункт', 'пдд', 'остановка', 'запрещать', 'знак', 'остановка', 'близкий', 'метр', 'остановка', 'создать', 'препятствие', 'движение', 'ожидать', 'свой', 'руководитель', 'хотя', 'платный', 'парковочный', 'место', 'остановка', 'свободный', 'почему', 'предоставить', 'бесплатный', 'парковка', 'служебный', 'автомобиль', 'чтобы', 'они', 'платить', '6000', 'рубль', 'штраф']",сказать пожалуйста почему служебный автомобиль мочь пользоваться льгота пользование платный парковка почему они вынудить нарушать пдд например фото сделать февраль понедельник водитель грз 115ть 178 вынудить нарушить сразу пункт пдд остановка запрещать знак остановка близкий метр остановка создать препятствие движение ожидать свой руководитель хотя платный парковочный место остановка свободный почему предоставить бесплатный парковка служебный автомобиль чтобы они платить 6000 рубль штраф,607,0.0,False,2022-02-23,фото сделано 21,Дороги,Текст,Дата создания,,Направление
166,Дороги,2022-02-23,"Всем вообще плевать как они будут оплачивать парковку, просто никак не будут оплачивать! На моей улице все стоят машины с закрытыми номерами.",appeal_000166,"Всем вообще плевать как они будут оплачивать парковку, просто никак не будут оплачивать! На моей улице все стоят машины с закрытыми номерами.","Всем вообще плевать как они будут оплачивать парковку, просто никак не будут оплачивать! На моей улице все стоят машины с закрытыми номерами.","['всем', 'вообще', 'плевать', 'как', 'они', 'будут', 'оплачивать', 'парковку', 'просто', 'никак', 'будут', 'оплачивать', 'моей', 'улице', 'все', 'стоят', 'машины', 'закрытыми', 'номерами']","['весь', 'вообще', 'плевать', 'они', 'оплачивать', 'парковка', 'просто', 'никак', 'оплачивать', 'мой', 'улица', 'стоять', 'машина', 'закрытый', 'номер']",весь вообще плевать они оплачивать парковка просто никак оплачивать мой улица стоять машина закрытый номер,141,0.1,False,2022-02-23,,Дороги,Текст,Дата создания,,Направление
167,Строительство и архитектура,2022-02-23,"Добрый вечер Александр Дмитриевич! Я встаю на работу в 5-30, а стройка школы работает круглосуточно! Единственную дорогу разбили в пух и прах, 397 автобус единственный больше не ходит, раз! Ночью не высыпаться два! Так как работает стройка 24 часа. Прошу мне выплачивать зп с вашей так как это беспредел! Про остальное просто слов нет)))))) грабёж, убийства и т.д..... Мусор вывозиться раз в 3 дня, дороги не чистят,автобуса нет!!!!! Круто! До беды не далеко осталось.....",appeal_000167,"Добрый вечер Александр Дмитриевич! Я встаю на работу в 5-30, а стройка школы работает круглосуточно! Единственную дорогу разбили в пух и прах, 397 автобус единственный больше не ходит, раз! Ночью не высыпаться два! Так как работает стройка 24 часа. Прошу мне выплачивать зп с вашей так как это беспредел! Про остальное просто слов нет)))))) грабёж, убийства и т.д..... Мусор вывозиться раз в 3 дня, дороги не чистят,автобуса нет!!!!! Круто! До беды не далеко осталось.....","Добрый вечер Александр Дмитриевич! Я встаю на работу в 5-30, а стройка школы работает круглосуточно! Единственную дорогу разбили в пух и прах, 397 автобус единственный больше не ходит, раз! Ночью не высыпаться два! Так как работает стройка 24 часа. Прошу мне выплачивать зп с вашей так как это беспредел! Про остальное просто слов нет грабеж, убийства и т.д..... Мусор вывозиться раз в 3 дня, дороги не чистят,автобуса нет!!!!! Круто! До беды не далеко осталось.....","['добрый', 'вечер', 'александр', 'дмитриевич', 'встаю', 'работу', '5', '30', 'стройка', 'школы', 'работает', 'круглосуточно', 'единственную', 'дорогу', 'разбили', 'пух', 'прах', '397', 'автобус', 'единственный', 'больше', 'ходит', 'раз', 'ночью', 'высыпаться', 'два', 'так', 'как', 'работает', 'стройка', '24', 'часа', 'прошу', 'мне', 'выплачивать', 'вашей', 'так', 'как', 'это', 'беспредел', 'про', 'остальное', 'просто', 'слов', 'нет', 'грабеж', 'убийства', 'мусор', 'вывозиться', 'раз', '3', 'дня', 'дороги', 'чистят', 'автобуса', 'нет', 'круто', 'беды', 'далеко', 'осталось']","['вечер', 'александр', 'дмитриевич', 'вставать', 'работа', 'стройка', 'школа', 'работать', 'круглосуточно', 'единственный', 'дорога', 'разбить', 'пух', 'прах', '397', 'автобус', 'единственный', 'большой', 'ходить', 'раз', 'ночью', 'высыпаться', 'два', 'работать', 'стройка', 'час', 'выплачивать', 'ваш', 'беспредел', 'остальной', 'просто', 'слово', 'грабёж', 'убийство', 'мусор', 'вывозиться', 'раз', 'дорога', 'чистить', 'автобус', 'круто', 'беда', 'далеко', 'остаться']",вечер александр дмитриевич вставать работа стройка школа работать круглосуточно единственный дорога разбить пух прах 397 автобус единственный большой ходить раз ночью высыпаться два работать стройка час выплачивать ваш беспредел остальной просто слово грабёж убийство мусор вывозиться раз дорога чистить автобус круто беда далеко остаться,466,0.3,False,2022-02-23,на работу в 5-30,Строительство и архитектура,Текст,Дата создания,,Направление
168,Общественный транспорт,2022-02-23,"[club187956888|Комитет по транспорту], а не планируется ли в рамках перехода к новой транспортной модели или вообще в перспективе, создание тарифной сетки в пригородно-городском железнодорожном сообщении аналогичной тарифной сетке МЦД, чтобы не приходилось покупать билет на электричку отдельно, а по принципу приложил транспортную карту и поехал?<br>Также хотелось бы задать такой вопрос. Несколько профильных железнодорожных газет писали, о том что начато проектирование нового моторвагонного депо ""Парнас"", можете ли прокомментировать какой проектный институт ведёт проектирование (если в курсе), и где именно на территории промзоны Парнас предполагается его размещение?",appeal_000168,"[club187956888|Комитет по транспорту], а не планируется ли в рамках перехода к новой транспортной модели или вообще в перспективе, создание тарифной сетки в пригородно-городском железнодорожном сообщении аналогичной тарифной сетке МЦД, чтобы не приходилось покупать билет на электричку отдельно, а по принципу приложил транспортную карту и поехал?<br>Также хотелось бы задать такой вопрос. Несколько профильных железнодорожных газет писали, о том что начато проектирование нового моторвагонного депо ""Парнас"", можете ли прокомментировать какой проектный институт ведёт проектирование (если в курсе), и где именно на территории промзоны Парнас предполагается его размещение?","club187956888 Комитет по транспорту , а не планируется ли в рамках перехода к новой транспортной модели или вообще в перспективе, создание тарифной сетки в пригородно-городском железнодорожном сообщении аналогичной тарифной сетке МЦД, чтобы не приходилось покупать билет на электричку отдельно, а по принципу приложил транспортную карту и поехал? Также хотелось бы задать такой вопрос. Несколько профильных железнодорожных газет писали, о том что начато проектирование нового моторвагонного депо Парнас , можете ли прокомментировать какой проектный институт ведет проектирование если в курсе , и где именно на территории промзоны Парнас предполагается его размещение?","['club', '187956888', 'комитет', 'транспорту', 'планируется', 'рамках', 'перехода', 'новой', 'транспортной', 'модели', 'или', 'вообще', 'перспективе', 'создание', 'тарифной', 'сетки', 'пригородно-городском', 'железнодорожном', 'сообщении', 'аналогичной', 'тарифной', 'сетке', 'мцд', 'чтобы', 'приходилось', 'покупать', 'билет', 'электричку', 'отдельно', 'принципу', 'приложил', 'транспортную', 'карту', 'поехал', 'также', 'хотелось', 'задать', 'такой', 'вопрос', 'несколько', 'профильных', 'железнодорожных', 'газет', 'писали', 'том', 'что', 'начато', 'проектирование', 'нового', 'моторвагонного', 'депо', 'парнас', 'можете', 'прокомментировать', 'какой', 'проектный', 'институт', 'ведет', 'проектирование', 'если', 'курсе', 'где', 'именно', 'территории', 'промзоны', 'парнас', 'предполагается', 'его', 'размещение']","['club', '187956888', 'комитет', 'транспорт', 'планироваться', 'рамка', 'переход', 'новый', 'транспортный', 'модель', 'вообще', 'перспектива', 'создание', 'тарифный', 'сетка', 'пригородно-городской', 'железнодорожный', 'сообщение', 'аналогичный', 'тарифный', 'сетка', 'мцд', 'чтобы', 'приходиться', 'покупать', 'билет', 'электричка', 'отдельно', 'принцип', 'приложить', 'транспортный', 'карта', 'поехать', 'также', 'хотеться', 'задать', 'такой', 'несколько', 'профильный', 'железнодорожный', 'газета', 'писать', 'тот', 'начать', 'проектирование', 'новый', 'моторвагонный', 'депо', 'парнас', 'мочь', 'прокомментировать', 'какой', 'проектный', 'институт', 'вести', 'проектирование', 'курс', 'где', 'именно', 'территория', 'промзона', 'парнас', 'предполагаться', 'размещение']",club 187956888 комитет транспорт планироваться рамка переход новый транспортный модель вообще перспектива создание тарифный сетка пригородно-городской железнодорожный сообщение аналогичный тарифный сетка мцд чтобы приходиться покупать билет электричка отдельно принцип приложить транспортный карта поехать также хотеться задать такой несколько профильный железнодорожный газета писать тот начать проектирование новый моторвагонный депо парнас мочь прокомментировать какой проектный институт вести проектирование курс где именно территория промзона парнас предполагаться размещение,667,0.0,False,2022-02-23,,Общественный транспорт,Текст,Дата создания,,Направление
169,Общественный транспорт,2022-02-23,"Товарищ Беглов,вы там в Смольном что курите или таблетки какие принимаете???? Можно потребитель САМ будет решать как оплачивать проезд в транспорте. НАЛИЧНЫМИ ИЛИ КАРТОЙ!!! Прекратите заниматься фигнёй!!! Оставьте народ в покое вы надоели уже своими реформами.",appeal_000169,"Товарищ Беглов,вы там в Смольном что курите или таблетки какие принимаете???? Можно потребитель САМ будет решать как оплачивать проезд в транспорте. НАЛИЧНЫМИ ИЛИ КАРТОЙ!!! Прекратите заниматься фигнёй!!! Оставьте народ в покое вы надоели уже своими реформами.","Товарищ Беглов,вы там в Смольном что курите или таблетки какие принимаете???? Можно потребитель САМ будет решать как оплачивать проезд в транспорте. НАЛИЧНЫМИ ИЛИ КАРТОЙ!!! Прекратите заниматься фигней!!! Оставьте народ в покое вы надоели уже своими реформами.","['товарищ', 'беглов', 'там', 'смольном', 'что', 'курите', 'или', 'таблетки', 'какие', 'принимаете', 'можно', 'потребитель', 'сам', 'будет', 'решать', 'как', 'оплачивать', 'проезд', 'транспорте', 'наличными', 'или', 'картой', 'прекратите', 'заниматься', 'фигней', 'оставьте', 'народ', 'покое', 'надоели', 'уже', 'своими', 'реформами']","['товарищ', 'беглов', 'там', 'смольный', 'курить', 'таблетка', 'какой', 'принимать', 'можно', 'потребитель', 'сам', 'решать', 'оплачивать', 'проезд', 'транспорт', 'наличные', 'карта', 'прекратить', 'заниматься', 'фигня', 'оставить', 'народ', 'покой', 'надоесть', 'свой', 'реформа']",товарищ беглов там смольный курить таблетка какой принимать можно потребитель сам решать оплачивать проезд транспорт наличные карта прекратить заниматься фигня оставить народ покой надоесть свой реформа,260,0.3,False,2022-02-23,,Общественный транспорт,Текст,Дата создания,,Направление
170,Безопасность,2022-02-23,"Здравствуйте! Подскажите, по поводу сбора гумм помощи беженцам, вопрос: адрес сбора один, на конногвардейском? В новостях нашла только этот адрес в СПб и просьбу придерживаться списка, а сам список не могу найти",appeal_000170,"Здравствуйте! Подскажите, по поводу сбора гумм помощи беженцам, вопрос: адрес сбора один, на конногвардейском? В новостях нашла только этот адрес в СПб и просьбу придерживаться списка, а сам список не могу найти","Здравствуйте! Подскажите, по поводу сбора гумм помощи беженцам, вопрос: адрес сбора один, на конногвардейском? В новостях нашла только этот адрес в СПб и просьбу придерживаться списка, а сам список не могу найти","['здравствуйте', 'подскажите', 'поводу', 'сбора', 'гумм', 'помощи', 'беженцам', 'вопрос', 'адрес', 'сбора', 'один', 'конногвардейском', 'новостях', 'нашла', 'только', 'этот', 'адрес', 'спб', 'просьбу', 'придерживаться', 'списка', 'сам', 'список', 'могу', 'найти']","['подсказать', 'повод', 'сбор', 'гумма', 'помощь', 'беженец', 'адрес', 'сбор', 'один', 'конногвардейский', 'новость', 'найти', 'адрес', 'спб', 'просьба', 'придерживаться', 'список', 'сам', 'список', 'мочь', 'найти']",подсказать повод сбор гумма помощь беженец адрес сбор один конногвардейский новость найти адрес спб просьба придерживаться список сам список мочь найти,211,0.1,False,2022-02-23,,Безопасность,Текст,Дата создания,,Направление
171,Коронавирус,2022-02-23,"Здравствуйте! Заболели на работе в больнице ковидом, заразились от пациентов. Полагаются ли выплаты младшему медицинскому персоналу? И куда обращаться, если начальство говорит, что мы ничего не должны получить?",appeal_000171,"Здравствуйте! Заболели на работе в больнице ковидом, заразились от пациентов. Полагаются ли выплаты младшему медицинскому персоналу? И куда обращаться, если начальство говорит, что мы ничего не должны получить?","Здравствуйте! Заболели на работе в больнице ковидом, заразились от пациентов. Полагаются ли выплаты младшему медицинскому персоналу? И куда обращаться, если начальство говорит, что мы ничего не должны получить?","['здравствуйте', 'заболели', 'работе', 'больнице', 'ковидом', 'заразились', 'пациентов', 'полагаются', 'выплаты', 'младшему', 'медицинскому', 'персоналу', 'куда', 'обращаться', 'если', 'начальство', 'говорит', 'что', 'ничего', 'должны', 'получить']","['заболеть', 'работа', 'больница', 'ковид', 'заразиться', 'пациент', 'полагаться', 'выплата', 'младший', 'медицинский', 'персонал', 'куда', 'обращаться', 'начальство', 'говорить', 'ничего', 'должный', 'получить']",заболеть работа больница ковид заразиться пациент полагаться выплата младший медицинский персонал куда обращаться начальство говорить ничего должный получить,210,0.1,False,2022-02-23,,Коронавирус,Текст,Дата создания,,Направление
172,Коронавирус,2022-02-23,"Здравствуйте! Скажите пожалуйста, с какого числа будут возможны посещения в спортклубах Петербурга без кодов?",appeal_000172,"Здравствуйте! Скажите пожалуйста, с какого числа будут возможны посещения в спортклубах Петербурга без кодов?","Здравствуйте! Скажите пожалуйста, с какого числа будут возможны посещения в спортклубах Петербурга без кодов?","['здравствуйте', 'скажите', 'пожалуйста', 'какого', 'числа', 'будут', 'возможны', 'посещения', 'спортклубах', 'петербурга', 'без', 'кодов']","['сказать', 'пожалуйста', 'какой', 'число', 'возможный', 'посещение', 'спортклуб', 'петербург', 'код']",сказать пожалуйста какой число возможный посещение спортклуб петербург код,109,0.1,False,2022-02-23,,Коронавирус,Текст,Дата создания,,Направление
173,Здравоохранение/Медицина,2022-02-23,"Здравствуйте,Александр Дмитриевич.<br>Прошу Вас помочь мне получить лекарственные препараты по Федеральной льготе( онкобольная 4ст.,инвалид).С 24.11.2021 препараты на отсроченном обслуживании в аптеке ул.Купчинская,32.Комитет здравоохранения не отвечает.Вроде,по закону в течение 15 дней аптека должна сделать заказ...Жду 3 месяца...Прошу Вас помочь.",appeal_000173,"Здравствуйте,Александр Дмитриевич.<br>Прошу Вас помочь мне получить лекарственные препараты по Федеральной льготе( онкобольная 4ст.,инвалид).С 24.11.2021 препараты на отсроченном обслуживании в аптеке ул.Купчинская,32.Комитет здравоохранения не отвечает.Вроде,по закону в течение 15 дней аптека должна сделать заказ...Жду 3 месяца...Прошу Вас помочь.","Здравствуйте,Александр Дмитриевич. Прошу Вас помочь мне получить лекарственные препараты по Федеральной льготе онкобольная 4ст.,инвалид .С 24.11.2021 препараты на отсроченном обслуживании в аптеке ул.Купчинская,32.Комитет здравоохранения не отвечает.Вроде,по закону в течение 15 дней аптека должна сделать заказ...Жду 3 месяца...Прошу Вас помочь.","['здравствуйте', 'александр', 'дмитриевич', 'прошу', 'вас', 'помочь', 'мне', 'получить', 'лекарственные', 'препараты', 'федеральной', 'льготе', 'онкобольная', '4с', 'инвалид', '24', '11', '2021', 'препараты', 'отсроченном', 'обслуживании', 'аптеке', 'купчинская', '32', 'комитет', 'здравоохранения', 'отвечает', 'вроде', 'закону', 'течение', '15', 'дней', 'аптека', 'должна', 'сделать', 'заказ', 'жду', '3', 'месяца', 'прошу', 'вас', 'помочь']","['александр', 'дмитриевич', 'помочь', 'получить', 'лекарственный', 'препарат', 'федеральный', 'льгота', 'онкобольной', 'инвалид', '2021', 'препарат', 'отсрочить', 'обслуживание', 'аптека', 'купчинский', 'комитет', 'здравоохранение', 'отвечать', 'вроде', 'закон', 'течение', 'аптека', 'должный', 'сделать', 'заказ', 'ждать', 'месяц', 'помочь']",александр дмитриевич помочь получить лекарственный препарат федеральный льгота онкобольной инвалид 2021 препарат отсрочить обслуживание аптека купчинский комитет здравоохранение отвечать вроде закон течение аптека должный сделать заказ ждать месяц помочь,346,0.0,False,2022-02-23,Федеральной льготе онкобольная 4ст,Здравоохранение/Медицина,Текст,Дата создания,,Направление
174,Здравоохранение/Медицина,2022-02-23,"Александр Дмитриевич, здравствуйте! С праздником Вас поздравляю! Здоровья и успехов. Обращаюсь к Вам с просьбой решить проблему с получением бесплатного лекарства. С 28-го декабря 2021 года по сегодня нет в наличии в рецептурных отделах лекарства: галвус. Вынуждена покупать. Пенсия не большая. Диагноз обязывает принимать это лекарство ежедневно. Цены на лекарства не соразмерно нашим доходам. Прошу Вас разобраться в сложившейся ситуации.",appeal_000174,"Александр Дмитриевич, здравствуйте! С праздником Вас поздравляю! Здоровья и успехов. Обращаюсь к Вам с просьбой решить проблему с получением бесплатного лекарства. С 28-го декабря 2021 года по сегодня нет в наличии в рецептурных отделах лекарства: галвус. Вынуждена покупать. Пенсия не большая. Диагноз обязывает принимать это лекарство ежедневно. Цены на лекарства не соразмерно нашим доходам. Прошу Вас разобраться в сложившейся ситуации.","Александр Дмитриевич, здравствуйте! С праздником Вас поздравляю! Здоровья и успехов. Обращаюсь к Вам с просьбой решить проблему с получением бесплатного лекарства. С 28-го декабря 2021 года по сегодня нет в наличии в рецептурных отделах лекарства: галвус. Вынуждена покупать. Пенсия не большая. Диагноз обязывает принимать это лекарство ежедневно. Цены на лекарства не соразмерно нашим доходам. Прошу Вас разобраться в сложившейся ситуации.","['александр', 'дмитриевич', 'здравствуйте', 'праздником', 'вас', 'поздравляю', 'здоровья', 'успехов', 'обращаюсь', 'вам', 'просьбой', 'решить', 'проблему', 'получением', 'бесплатного', 'лекарства', '28', 'декабря', '2021', 'года', 'сегодня', 'нет', 'наличии', 'рецептурных', 'отделах', 'лекарства', 'галвус', 'вынуждена', 'покупать', 'пенсия', 'большая', 'диагноз', 'обязывает', 'принимать', 'это', 'лекарство', 'ежедневно', 'цены', 'лекарства', 'соразмерно', 'нашим', 'доходам', 'прошу', 'вас', 'разобраться', 'сложившейся', 'ситуации']","['александр', 'дмитриевич', 'праздник', 'поздравлять', 'здоровье', 'успех', 'обращаться', 'просьба', 'решить', 'проблема', 'получение', 'бесплатный', 'лекарство', 'декабрь', '2021', 'год', 'сегодня', 'наличие', 'рецептурный', 'отдел', 'лекарство', 'галвус', 'вынудить', 'покупать', 'пенсия', 'больший', 'диагноз', 'обязывать', 'принимать', 'лекарство', 'ежедневно', 'цена', 'лекарство', 'соразмерно', 'наш', 'доход', 'разобраться', 'сложиться', 'ситуация']",александр дмитриевич праздник поздравлять здоровье успех обращаться просьба решить проблема получение бесплатный лекарство декабрь 2021 год сегодня наличие рецептурный отдел лекарство галвус вынудить покупать пенсия больший диагноз обязывать принимать лекарство ежедневно цена лекарство соразмерно наш доход разобраться сложиться ситуация,440,0.2,False,2022-02-23,го декабря 2021,Здравоохранение/Медицина,Текст,Дата создания,,Направление
175,Социальное обслуживание и защита,2022-02-23,"Может город наконец то выделит достаточные средства на обеспечение инвалидов подгузниками?!!! Уже заканчивается февраль, а тендера на закупки нет до сих пор!!! Это значит что во первых- цену такую город даёт, что никто не хочет участвовать и во вторых- инвалиды получать подгузники в лучшем случае в конце марта. И поскольку город за прошедшее время не даёт, то государство сэкономило на самых незащищенных 3 месяца обеспечения. А возмещение за купленные памперсы 25 ₽ за штуку!!! Где они видели такие цены?!!! А беженцам оказывать помощь у города есть средства! Хочется спросить наши граждане хуже их?",appeal_000175,"Может город наконец то выделит достаточные средства на обеспечение инвалидов подгузниками?!!! Уже заканчивается февраль, а тендера на закупки нет до сих пор!!! Это значит что во первых- цену такую город даёт, что никто не хочет участвовать и во вторых- инвалиды получать подгузники в лучшем случае в конце марта. И поскольку город за прошедшее время не даёт, то государство сэкономило на самых незащищенных 3 месяца обеспечения. А возмещение за купленные памперсы 25 ₽ за штуку!!! Где они видели такие цены?!!! А беженцам оказывать помощь у города есть средства! Хочется спросить наши граждане хуже их?","Может город наконец то выделит достаточные средства на обеспечение инвалидов подгузниками?!!! Уже заканчивается февраль, а тендера на закупки нет до сих пор!!! Это значит что во первых- цену такую город дает, что никто не хочет участвовать и во вторых- инвалиды получать подгузники в лучшем случае в конце марта. И поскольку город за прошедшее время не дает, то государство сэкономило на самых незащищенных 3 месяца обеспечения. А возмещение за купленные памперсы 25 за штуку!!! Где они видели такие цены?!!! А беженцам оказывать помощь у города есть средства! Хочется спросить наши граждане хуже их?","['может', 'город', 'наконец', 'выделит', 'достаточные', 'средства', 'обеспечение', 'инвалидов', 'подгузниками', 'уже', 'заканчивается', 'февраль', 'тендера', 'закупки', 'нет', 'сих', 'пор', 'это', 'значит', 'что', 'первых-', 'цену', 'такую', 'город', 'дает', 'что', 'никто', 'хочет', 'участвовать', 'вторых-', 'инвалиды', 'получать', 'подгузники', 'лучшем', 'случае', 'конце', 'марта', 'поскольку', 'город', 'прошедшее', 'время', 'дает', 'государство', 'сэкономило', 'самых', 'незащищенных', '3', 'месяца', 'обеспечения', 'возмещение', 'купленные', 'памперсы', '25', 'штуку', 'где', 'они', 'видели', 'такие', 'цены', 'беженцам', 'оказывать', 'помощь', 'города', 'есть', 'средства', 'хочется', 'спросить', 'наши', 'граждане', 'хуже']","['мочь', 'наконец', 'выделить', 'достаточный', 'средство', 'обеспечение', 'инвалид', 'подгузник', 'заканчиваться', 'февраль', 'тендер', 'закупка', 'сей', 'пора', 'значит', 'первых-', 'цена', 'такой', 'давать', 'никто', 'хотеть', 'участвовать', 'вторых-', 'инвалид', 'получать', 'подгузник', 'хороший', 'случай', 'конец', 'март', 'поскольку', 'прошедшее', 'время', 'давать', 'государство', 'сэкономить', 'самый', 'незащищённый', 'месяц', 'обеспечение', 'возмещение', 'купить', 'памперс', 'штука', 'где', 'они', 'видеть', 'такой', 'цена', 'беженец', 'оказывать', 'помощь', 'есть', 'средство', 'хотеться', 'спросить', 'наш', 'гражданин', 'плохой']",мочь наконец выделить достаточный средство обеспечение инвалид подгузник заканчиваться февраль тендер закупка сей пора значит первых- цена такой давать никто хотеть участвовать вторых- инвалид получать подгузник хороший случай конец март поскольку прошедшее время давать государство сэкономить самый незащищённый месяц обеспечение возмещение купить памперс штука где они видеть такой цена беженец оказывать помощь есть средство хотеться спросить наш гражданин плохой,600,0.3,False,2022-02-23,на самых незащищенных 3,Социальное обслуживание и защита,Текст,Дата создания,,Направление
176,Погребение и похоронное дело,2022-02-23,"Добрый день! У меня огромное горе-15 февраля умерла мама. Преклонный возраст(85 лет), наличие тяжёлых хронических заболеваний, инвалидность, с 2018 года-лежачая больная. Мама умерла дома, поэтому тело было отправлено в морг на Екатерининский,10.<br>Сегодня, 23 февраля-уже девятый(!!!) день после смерти, но похоронить маму я не могу, т.к. при вскрытии(19 февраля) выявлена пневмония и мне сказали, что нужно ждать разрешение от РосПотребНадзора. Я в отчаянии, из-за волнения постоянно повышается давление, постоянно плачу. Неужели статистика важнее возможности проститься с умершей мамой и предать тело земле? Никто не может ответить, когда будет ответ РосПотребНадзора, а главное, зачем нужно это ожидание? Даже если не будет подтверждения ковида, после такого длительного нахождения тела без захоронения проводить похороны в открытом гробу будет невозможно. Почему нельзя разрешить захоронение в закрытом гробу без ожидания ответа РПН? Я не знаю, куда обратиться с этим вопросом. Я понимаю, что необходимо строго соблюдать санитарно-эпидемиологические меры, но чем опасно захоронение тела в закрытом гробу?<br>Извините за эмоциональный текст, но у меня всё просто валится из рук. Куда обратиться за помощью, подскажите, пожалуйста.",appeal_000176,"Добрый день! У меня огромное горе-15 февраля умерла мама. Преклонный возраст(85 лет), наличие тяжёлых хронических заболеваний, инвалидность, с 2018 года-лежачая больная. Мама умерла дома, поэтому тело было отправлено в морг на Екатерининский,10.<br>Сегодня, 23 февраля-уже девятый(!!!) день после смерти, но похоронить маму я не могу, т.к. при вскрытии(19 февраля) выявлена пневмония и мне сказали, что нужно ждать разрешение от РосПотребНадзора. Я в отчаянии, из-за волнения постоянно повышается давление, постоянно плачу. Неужели статистика важнее возможности проститься с умершей мамой и предать тело земле? Никто не может ответить, когда будет ответ РосПотребНадзора, а главное, зачем нужно это ожидание? Даже если не будет подтверждения ковида, после такого длительного нахождения тела без захоронения проводить похороны в открытом гробу будет невозможно. Почему нельзя разрешить захоронение в закрытом гробу без ожидания ответа РПН? Я не знаю, куда обратиться с этим вопросом. Я понимаю, что необходимо строго соблюдать санитарно-эпидемиологические меры, но чем опасно захоронение тела в закрытом гробу?<br>Извините за эмоциональный текст, но у меня всё просто валится из рук. Куда обратиться за помощью, подскажите, пожалуйста.","Добрый день! У меня огромное горе-15 февраля умерла мама. Преклонный возраст 85 лет , наличие тяжелых хронических заболеваний, инвалидность, с 2018 года-лежачая больная. Мама умерла дома, поэтому тело было отправлено в морг на Екатерининский,10. Сегодня, 23 февраля-уже девятый !!! день после смерти, но похоронить маму я не могу, т.к. при вскрытии 19 февраля выявлена пневмония и мне сказали, что нужно ждать разрешение от РосПотребНадзора. Я в отчаянии, из-за волнения постоянно повышается давление, постоянно плачу. Неужели статистика важнее возможности проститься с умершей мамой и предать тело земле? Никто не может ответить, когда будет ответ РосПотребНадзора, а главное, зачем нужно это ожидание? Даже если не будет подтверждения ковида, после такого длительного нахождения тела без захоронения проводить похороны в открытом гробу будет невозможно. Почему нельзя разрешить захоронение в закрытом гробу без ожидания ответа РПН? Я не знаю, куда обратиться с этим вопросом. Я понимаю, что необходимо строго соблюдать санитарно-эпидемиологические меры, но чем опасно захоронение тела в закрытом гробу? Извините за эмоциональный текст, но у меня все просто валится из рук. Куда обратиться за помощью, подскажите, пожалуйста.","['добрый', 'день', 'меня', 'огромное', 'горе-', '15', 'февраля', 'умерла', 'мама', 'преклонный', 'возраст', '85', 'лет', 'наличие', 'тяжелых', 'хронических', 'заболеваний', 'инвалидность', '2018', 'года-лежачая', 'больная', 'мама', 'умерла', 'дома', 'поэтому', 'тело', 'было', 'отправлено', 'морг', 'екатерининский', '10', 'сегодня', '23', 'февраля-уже', 'девятый', 'день', 'после', 'смерти', 'похоронить', 'маму', 'могу', 'при', 'вскрытии', '19', 'февраля', 'выявлена', 'пневмония', 'мне', 'сказали', 'что', 'нужно', 'ждать', 'разрешение', 'роспотребнадзора', 'отчаянии', 'из-за', 'волнения', 'постоянно', 'повышается', 'давление', 'постоянно', 'плачу', 'неужели', 'статистика', 'важнее', 'возможности', 'проститься', 'умершей', 'мамой', 'предать', 'тело', 'земле', 'никто', 'может', 'ответить', 'когда', 'будет', 'ответ', 'роспотребнадзора', 'главное', 'зачем', 'нужно', 'это', 'ожидание', 'даже', 'если', 'будет', 'подтверждения', 'ковида', 'после', 'такого', 'длительного', 'нахождения', 'тела', 'без', 'захоронения', 'проводить', 'похороны', 'открытом', 'гробу', 'будет', 'невозможно', 'почему', 'нельзя', 'разрешить', 'захоронение', 'закрытом', 'гробу', 'без', 'ожидания', 'ответа', 'рпн', 'знаю', 'куда', 'обратиться', 'этим', 'вопросом', 'понимаю', 'что', 'необходимо', 'строго', 'соблюдать', 'санитарно-эпидемиологические', 'меры', 'чем', 'опасно', 'захоронение', 'тела', 'закрытом', 'гробу', 'извините', 'эмоциональный', 'текст', 'меня', 'все', 'просто', 'валится', 'рук', 'куда', 'обратиться', 'помощью', 'подскажите', 'пожалуйста']","['огромный', 'горе-', 'февраль', 'умереть', 'мама', 'преклонный', 'возраст', 'год', 'наличие', 'тяжёлый', 'хронический', 'заболевание', 'инвалидность', '2018', 'года-лежачий', 'больной', 'мама', 'умереть', 'дом', 'поэтому', 'тело', 'отправить', 'морг', 'екатерининский', 'сегодня', 'февраля-уже', 'девятый', 'после', 'смерть', 'похоронить', 'мама', 'мочь', 'вскрытие', 'февраль', 'выявить', 'пневмония', 'сказать', 'нужно', 'ждать', 'разрешение', 'роспотребнадзор', 'отчаяние', 'из-за', 'волнение', 'постоянно', 'повышаться', 'давление', 'постоянно', 'плач', 'неужели', 'статистика', 'важный', 'возможность', 'проститься', 'умерший', 'мама', 'предать', 'тело', 'земля', 'никто', 'мочь', 'ответить', 'роспотребнадзор', 'главное', 'зачем', 'нужно', 'ожидание', 'подтверждение', 'ковид', 'после', 'такой', 'длительный', 'нахождение', 'тело', 'захоронение', 'проводить', 'похороны', 'открытый', 'гроб', 'невозможно', 'почему', 'нельзя', 'разрешить', 'захоронение', 'закрытый', 'гроб', 'ожидание', 'рпн', 'знать', 'куда', 'обратиться', 'понимать', 'необходимо', 'строго', 'соблюдать', 'санитарно-эпидемиологический', 'чем', 'опасно', 'захоронение', 'тело', 'закрытый', 'гроб', 'извинить', 'эмоциональный', 'текст', 'просто', 'валиться', 'рука', 'куда', 'обратиться', 'помощь', 'подсказать', 'пожалуйста']",огромный горе- февраль умереть мама преклонный возраст год наличие тяжёлый хронический заболевание инвалидность 2018 года-лежачий больной мама умереть дом поэтому тело отправить морг екатерининский сегодня февраля-уже девятый после смерть похоронить мама мочь вскрытие февраль выявить пневмония сказать нужно ждать разрешение роспотребнадзор отчаяние из-за волнение постоянно повышаться давление постоянно плач неужели статистика важный возможность проститься умерший мама предать тело земля никто мочь ответить роспотребнадзор главное зачем нужно ожидание подтверждение ковид после такой длительный нахождение тело захоронение проводить похороны открытый гроб невозможно почему нельзя разрешить захоронение закрытый гроб ожидание рпн знать куда обратиться понимать необходимо строго соблюдать санитарно-эпидемиологический чем опасно захоронение тело закрытый гроб извинить эмоциональный текст просто валиться рука куда обратиться помощь подсказать пожалуйста,1226,0.7,True,2022-02-23,Преклонный возраст 85,Погребение и похоронное дело,Текст,Дата создания,,Направление
177,Здравоохранение/Медицина,2022-02-23,"[id15133835|Оксана], в боксы почему то записываются на вечер. там вечером талонов нет. а вот с утра есть свободные.. я только про свою поликлинику если что..",appeal_000177,"[id15133835|Оксана], в боксы почему то записываются на вечер. там вечером талонов нет. а вот с утра есть свободные.. я только про свою поликлинику если что..","id15133835 Оксана , в боксы почему то записываются на вечер. там вечером талонов нет. а вот с утра есть свободные.. я только про свою поликлинику если что..","['15133835', 'оксана', 'боксы', 'почему', 'записываются', 'вечер', 'там', 'вечером', 'талонов', 'нет', 'вот', 'утра', 'есть', 'свободные', 'только', 'про', 'свою', 'поликлинику', 'если', 'что']","['15133835', 'оксана', 'бокс', 'почему', 'записываться', 'вечер', 'там', 'вечером', 'талон', 'утро', 'есть', 'свободный', 'свой', 'поликлиника']",15133835 оксана бокс почему записываться вечер там вечером талон утро есть свободный свой поликлиника,156,0.0,False,2022-02-23,,Здравоохранение/Медицина,Текст,Дата создания,,Направление
178,Образование,2022-02-23,"Раскажите пожалуйста о КАС Есенина, Сиреневый бульвар 1, щас очень сильно истерят! Вроде школу собираются строить!",appeal_000178,"Раскажите пожалуйста о КАС Есенина, Сиреневый бульвар 1, щас очень сильно истерят! Вроде школу собираются строить!","Раскажите пожалуйста о КАС Есенина, Сиреневый бульвар 1, щас очень сильно истерят! Вроде школу собираются строить!","['раскажите', 'пожалуйста', 'кас', 'есенина', 'сиреневый', 'бульвар', '1', 'щас', 'очень', 'сильно', 'истерят', 'вроде', 'школу', 'собираются', 'строить']","['расказать', 'пожалуйста', 'кас', 'есенин', 'сиреневый', 'бульвар', 'сейчас', 'очень', 'сильно', 'истерить', 'вроде', 'школа', 'собираться', 'строить']",расказать пожалуйста кас есенин сиреневый бульвар сейчас очень сильно истерить вроде школа собираться строить,114,0.2,False,2022-02-23,Сиреневый бульвар 1,Образование,Текст,Дата создания,,Направление
179,Благоустройство,2022-02-23,Брошена машина в конце геологической в сторону кутузи!!!!! 11:55,appeal_000179,Брошена машина в конце геологической в сторону кутузи!!!!! 11:55,Брошена машина в конце геологической в сторону кутузи!!!!! 11:55,"['брошена', 'машина', 'конце', 'геологической', 'сторону', 'кутузи', '11', '55']","['бросить', 'машина', 'конец', 'геологический', 'сторона', 'кутузить']",бросить машина конец геологический сторона кутузить,64,0.3,False,2022-02-23,,Благоустройство,Текст,Дата создания,,Направление
180,Благоустройство,2022-02-23,"ну что, добились своего?",appeal_000180,"ну что, добились своего?","ну что, добились своего?","['что', 'добились', 'своего']","['добиться', 'свой']",добиться свой,24,0.0,False,2022-02-23,,Благоустройство,Текст,Дата создания,,Направление
181,Торговля,2022-02-23,Сообщение без текста,appeal_000181,Сообщение без текста,Сообщение без текста,"['сообщение', 'без', 'текста']","['сообщение', 'текст']",сообщение текст,20,0.0,False,2022-02-23,,Торговля,Текст,Дата создания,,Направление
182,Мусор/Свалки/ТКО,2022-02-23,"Я несколько раз задавал вопрос, не а который вы не ответили. Вероятно не заметили. Я продублирую его ещё раз:<br>Добрый день, ещё раз продублирую мой вопрос с дополнениями:<br>Подскажите где находятся контейнерные площадки для мусора и как организован вывоз мусора в пос. Александровская на территории ограниченной Приморским шоссе, Горским ручьем, Финским заливом и Тарховским лесопарком. А точнее: Ручейная ул, 1я и 2я Луговая, Б.Купальная, Приморское шоссе дома с 170 по 252, Старая улица, Приморская улица, Тарховская ул, Песчаная ул.<br>Жители неоднократно связывались с ""Невский экологический оператор"" по телефону 213 07 10 и оставляли заявки на вывоз мусора. Никаких вразумительных ответов ни о сроках вывоза, ни о расположении контейнерных площадок для мусора на обозначенной территории не получили. Мусор копится в геометрической прогрессии.",appeal_000182,"Я несколько раз задавал вопрос, не а который вы не ответили. Вероятно не заметили. Я продублирую его ещё раз:<br>Добрый день, ещё раз продублирую мой вопрос с дополнениями:<br>Подскажите где находятся контейнерные площадки для мусора и как организован вывоз мусора в пос. Александровская на территории ограниченной Приморским шоссе, Горским ручьем, Финским заливом и Тарховским лесопарком. А точнее: Ручейная ул, 1я и 2я Луговая, Б.Купальная, Приморское шоссе дома с 170 по 252, Старая улица, Приморская улица, Тарховская ул, Песчаная ул.<br>Жители неоднократно связывались с ""Невский экологический оператор"" по телефону 213 07 10 и оставляли заявки на вывоз мусора. Никаких вразумительных ответов ни о сроках вывоза, ни о расположении контейнерных площадок для мусора на обозначенной территории не получили. Мусор копится в геометрической прогрессии.","Я несколько раз задавал вопрос, не а который вы не ответили. Вероятно не заметили. Я продублирую его еще раз: Добрый день, еще раз продублирую мой вопрос с дополнениями: Подскажите где находятся контейнерные площадки для мусора и как организован вывоз мусора в пос. Александровская на территории ограниченной Приморским шоссе, Горским ручьем, Финским заливом и Тарховским лесопарком. А точнее: Ручейная ул, 1я и 2я Луговая, Б.Купальная, Приморское шоссе дома с 170 по 252, Старая улица, Приморская улица, Тарховская ул, Песчаная ул. Жители неоднократно связывались с Невский экологический оператор по телефону 213 07 10 и оставляли заявки на вывоз мусора. Никаких вразумительных ответов ни о сроках вывоза, ни о расположении контейнерных площадок для мусора на обозначенной территории не получили. Мусор копится в геометрической прогрессии.","['несколько', 'раз', 'задавал', 'вопрос', 'который', 'ответили', 'вероятно', 'заметили', 'продублирую', 'его', 'еще', 'раз', 'добрый', 'день', 'еще', 'раз', 'продублирую', 'мой', 'вопрос', 'дополнениями', 'подскажите', 'где', 'находятся', 'контейнерные', 'площадки', 'для', 'мусора', 'как', 'организован', 'вывоз', 'мусора', 'пос', 'александровская', 'территории', 'ограниченной', 'приморским', 'шоссе', 'горским', 'ручьем', 'финским', 'заливом', 'тарховским', 'лесопарком', 'точнее', 'ручейная', '1я', '2я', 'луговая', 'купальная', 'приморское', 'шоссе', 'дома', '170', '252', 'старая', 'улица', 'приморская', 'улица', 'тарховская', 'песчаная', 'жители', 'неоднократно', 'связывались', 'невский', 'экологический', 'оператор', 'телефону', '213', '07', '10', 'оставляли', 'заявки', 'вывоз', 'мусора', 'никаких', 'вразумительных', 'ответов', 'сроках', 'вывоза', 'расположении', 'контейнерных', 'площадок', 'для', 'мусора', 'обозначенной', 'территории', 'получили', 'мусор', 'копится', 'геометрической', 'прогрессии']","['несколько', 'раз', 'задавать', 'который', 'ответить', 'вероятно', 'заметить', 'продублировать', 'раз', 'раз', 'продублировать', 'мой', 'дополнение', 'подсказать', 'где', 'находиться', 'контейнерный', 'площадка', 'мусор', 'организовать', 'вывоз', 'мусор', 'пос', 'александровский', 'территория', 'ограниченный', 'приморский', 'шоссе', 'горский', 'ручьём', 'финский', 'залив', 'тарховский', 'лесопарк', 'точнее', 'ручейный', 'луговой', 'купальный', 'приморский', 'шоссе', 'дом', '170', '252', 'старый', 'улица', 'приморский', 'улица', 'тарховский', 'песчаный', 'житель', 'неоднократно', 'связываться', 'невский', 'экологический', 'оператор', 'телефон', '213', 'оставлять', 'заявка', 'вывоз', 'мусор', 'никакой', 'вразумительный', 'срок', 'вывоз', 'расположение', 'контейнерный', 'площадка', 'мусор', 'обозначить', 'территория', 'получить', 'мусор', 'копиться', 'геометрический', 'прогрессия']",несколько раз задавать который ответить вероятно заметить продублировать раз раз продублировать мой дополнение подсказать где находиться контейнерный площадка мусор организовать вывоз мусор пос александровский территория ограниченный приморский шоссе горский ручьём финский залив тарховский лесопарк точнее ручейный луговой купальный приморский шоссе дом 170 252 старый улица приморский улица тарховский песчаный житель неоднократно связываться невский экологический оператор телефон 213 оставлять заявка вывоз мусор никакой вразумительный срок вывоз расположение контейнерный площадка мусор обозначить территория получить мусор копиться геометрический прогрессия,840,0.0,False,2022-02-23,шоссе дома с 170,Мусор/Свалки/ТКО,Текст,Дата создания,,Направление
183,Мусор/Свалки/ТКО,2022-02-23,"Коротко о нашем дворе: контейнеры новые установили, а вывозить мусор не вывозят",appeal_000183,"Коротко о нашем дворе: контейнеры новые установили, а вывозить мусор не вывозят","Коротко о нашем дворе: контейнеры новые установили, а вывозить мусор не вывозят","['коротко', 'нашем', 'дворе', 'контейнеры', 'новые', 'установили', 'вывозить', 'мусор', 'вывозят']","['коротко', 'наш', 'двор', 'контейнер', 'новый', 'установить', 'вывозить', 'мусор', 'вывозить']",коротко наш двор контейнер новый установить вывозить мусор вывозить,79,0.0,False,2022-02-23,,Мусор/Свалки/ТКО,Текст,Дата создания,,Направление
184,Мусор/Свалки/ТКО,2022-02-23,"- мусор не вывозят<br>- третью машину в семье парковать негде, где парковочные места<br>- год как в человейнике квартиру купили, а автостраду и метро к дому не провели",appeal_000184,"- мусор не вывозят<br>- третью машину в семье парковать негде, где парковочные места<br>- год как в человейнике квартиру купили, а автостраду и метро к дому не провели","- мусор не вывозят - третью машину в семье парковать негде, где парковочные места - год как в человейнике квартиру купили, а автостраду и метро к дому не провели","['мусор', 'вывозят', 'третью', 'машину', 'семье', 'парковать', 'негде', 'где', 'парковочные', 'места', 'год', 'как', 'человейнике', 'квартиру', 'купили', 'автостраду', 'метро', 'дому', 'провели']","['мусор', 'вывозить', 'третий', 'машина', 'семья', 'парковать', 'негде', 'где', 'парковочный', 'место', 'год', 'человейник', 'квартира', 'купить', 'автострада', 'метро', 'дом', 'провести']",мусор вывозить третий машина семья парковать негде где парковочный место год человейник квартира купить автострада метро дом провести,161,0.0,False,2022-02-23,,Мусор/Свалки/ТКО,Текст,Дата создания,,Направление
185,Мусор/Свалки/ТКО,2022-02-23,"Петроградский район ,ул.Рыбацкая , дом 4.<br>На помойке всегда завал мусора ,контейнеры грязные ,переполнены,стоят вне зоны площадки.<br>До НГ был идеальный порядок .СПАСИБО нашим дворникам и прежнему оператору по мусору.<br>Может вернуть прежнею схему ? За 1,5 месяца новый оператор не научился работать.Чего ждать?",appeal_000185,"Петроградский район ,ул.Рыбацкая , дом 4.<br>На помойке всегда завал мусора ,контейнеры грязные ,переполнены,стоят вне зоны площадки.<br>До НГ был идеальный порядок .СПАСИБО нашим дворникам и прежнему оператору по мусору.<br>Может вернуть прежнею схему ? За 1,5 месяца новый оператор не научился работать.Чего ждать?","Петроградский район ,ул.Рыбацкая , дом 4. На помойке всегда завал мусора ,контейнеры грязные ,переполнены,стоят вне зоны площадки. До НГ был идеальный порядок .СПАСИБО нашим дворникам и прежнему оператору по мусору. Может вернуть прежнею схему ? За 1,5 месяца новый оператор не научился работать.Чего ждать?","['петроградский', 'район', 'рыбацкая', 'дом', '4', 'помойке', 'всегда', 'завал', 'мусора', 'контейнеры', 'грязные', 'переполнены', 'стоят', 'вне', 'зоны', 'площадки', 'был', 'идеальный', 'порядок', 'спасибо', 'нашим', 'дворникам', 'прежнему', 'оператору', 'мусору', 'может', 'вернуть', 'прежнею', 'схему', '1', '5', 'месяца', 'новый', 'оператор', 'научился', 'работать', 'чего', 'ждать']","['петроградский', 'рыбацкий', 'дом', 'помойка', 'всегда', 'завал', 'мусор', 'контейнер', 'грязный', 'переполнить', 'стоять', 'вне', 'зона', 'площадка', 'идеальный', 'порядок', 'спасибо', 'наш', 'дворник', 'прежний', 'оператор', 'мусор', 'мочь', 'вернуть', 'прежний', 'схема', 'месяц', 'новый', 'оператор', 'научиться', 'работать', 'ждать']",петроградский рыбацкий дом помойка всегда завал мусор контейнер грязный переполнить стоять вне зона площадка идеальный порядок спасибо наш дворник прежний оператор мусор мочь вернуть прежний схема месяц новый оператор научиться работать ждать,307,0.0,False,2022-02-23,дом 4,Мусор/Свалки/ТКО,Текст,Дата создания,,Направление
186,Мусор/Свалки/ТКО,2022-02-23,Мусор тоже регулярно вывозят!,appeal_000186,Мусор тоже регулярно вывозят!,Мусор тоже регулярно вывозят!,"['мусор', 'тоже', 'регулярно', 'вывозят']","['мусор', 'тоже', 'регулярно', 'вывозить']",мусор тоже регулярно вывозить,29,0.1,False,2022-02-23,,Мусор/Свалки/ТКО,Текст,Дата создания,,Направление
187,Мусор/Свалки/ТКО,2022-02-23,"Уважаемые! По поводу мусорной реформы..Верните обратно подборку мусора в контейнеры в область ЖКС(дворников),ибо подборка мусора НЭО осуществляется не всегда качественно и не постоянно(иногда машина приезжает только с водителем,а он подборку не делет) и подборка дворниками ,позволит улучшить контроль со стороны ЖКС,за своевременным вывозом контейнеров...Ибо жалобы жильцов это не правильная организация процесса.!!",appeal_000187,"Уважаемые! По поводу мусорной реформы..Верните обратно подборку мусора в контейнеры в область ЖКС(дворников),ибо подборка мусора НЭО осуществляется не всегда качественно и не постоянно(иногда машина приезжает только с водителем,а он подборку не делет) и подборка дворниками ,позволит улучшить контроль со стороны ЖКС,за своевременным вывозом контейнеров...Ибо жалобы жильцов это не правильная организация процесса.!!","Уважаемые! По поводу мусорной реформы..Верните обратно подборку мусора в контейнеры в область ЖКС дворников ,ибо подборка мусора НЭО осуществляется не всегда качественно и не постоянно иногда машина приезжает только с водителем,а он подборку не делет и подборка дворниками ,позволит улучшить контроль со стороны ЖКС,за своевременным вывозом контейнеров...Ибо жалобы жильцов это не правильная организация процесса.!!","['уважаемые', 'поводу', 'мусорной', 'реформы', 'верните', 'обратно', 'подборку', 'мусора', 'контейнеры', 'область', 'жкс', 'дворников', 'ибо', 'подборка', 'мусора', 'нэо', 'осуществляется', 'всегда', 'качественно', 'постоянно', 'иногда', 'машина', 'приезжает', 'только', 'водителем', 'подборку', 'делет', 'подборка', 'дворниками', 'позволит', 'улучшить', 'контроль', 'стороны', 'жкс', 'своевременным', 'вывозом', 'контейнеров', 'ибо', 'жалобы', 'жильцов', 'это', 'правильная', 'организация', 'процесса']","['уважаемый', 'повод', 'мусорный', 'реформа', 'вернуть', 'обратно', 'подборка', 'мусор', 'контейнер', 'область', 'жкс', 'дворник', 'ибо', 'подборка', 'мусор', 'нэо', 'осуществляться', 'всегда', 'качественно', 'постоянно', 'иногда', 'машина', 'приезжать', 'водитель', 'подборка', 'дегод', 'подборка', 'дворник', 'позволить', 'улучшить', 'контроль', 'сторона', 'жкс', 'своевременный', 'вывоз', 'контейнер', 'ибо', 'жалоба', 'жилец', 'правильный', 'организация', 'процесс']",уважаемый повод мусорный реформа вернуть обратно подборка мусор контейнер область жкс дворник ибо подборка мусор нэо осуществляться всегда качественно постоянно иногда машина приезжать водитель подборка дегод подборка дворник позволить улучшить контроль сторона жкс своевременный вывоз контейнер ибо жалоба жилец правильный организация процесс,415,0.3,False,2022-02-23,,Мусор/Свалки/ТКО,Текст,Дата создания,,Направление
188,Мусор/Свалки/ТКО,2022-02-23,"Мусорная реформа , после которой почти каждый МКД должен платить на 1 млн больше востребована?",appeal_000188,"Мусорная реформа , после которой почти каждый МКД должен платить на 1 млн больше востребована?","Мусорная реформа , после которой почти каждый МКД должен платить на 1 млн больше востребована?","['мусорная', 'реформа', 'после', 'которой', 'почти', 'каждый', 'мкд', 'должен', 'платить', '1', 'млн', 'больше', 'востребована']","['мусорный', 'реформа', 'после', 'который', 'почти', 'каждый', 'мкд', 'должный', 'платить', 'млн', 'большой', 'востребовать']",мусорный реформа после который почти каждый мкд должный платить млн большой востребовать,94,0.0,False,2022-02-23,должен платить на 1,Мусор/Свалки/ТКО,Текст,Дата создания,,Направление
189,Мусор/Свалки/ТКО,2022-02-23,Катерников 7 !!!!!!!! История продолжается......,appeal_000189,Катерников 7 !!!!!!!! История продолжается......,Катерников 7 !!!!!!!! История продолжается......,"['катерников', '7', 'история', 'продолжается']","['катерник', 'история', 'продолжаться']",катерник история продолжаться,48,0.3,False,2022-02-23,Катерников 7,Мусор/Свалки/ТКО,Текст,Дата создания,,Направление
190,Мусор/Свалки/ТКО,2022-02-23,"Ситуация с мусором это просто КОШМАР!!! На портале Наш Санкт-Петербург заявку не оставить! Невский экологический оператор не решает проблему! От слова никак совсем! Забрали у нас один из контейнеров, теперь на мусорной площадке один контейнер... один!!!!! На огромный дом!!!! Это просто издевательство!!!! Почему я должна платить БЕШЕНЫЕ деньги за то, что мусор не вывозят неделями, вокруг контейнеров набросан мусор, и пока не напишешь его ни кто не убирает!!!! Все газоны в мусоре, дорога в мусоре, мусор летает по всему двору... ну что за издевательство?????? Можно решить проблему с вывозом мусора, с возвращением обратно контейнера, и впоследствии, чтобы они вывозились ОБА!!!!! А не один из них.... за что мы платим деньги????? Я каждую неделю оставлю заявки на вывоз мусора и уборку...",appeal_000190,"Ситуация с мусором это просто КОШМАР!!! На портале Наш Санкт-Петербург заявку не оставить! Невский экологический оператор не решает проблему! От слова никак совсем! Забрали у нас один из контейнеров, теперь на мусорной площадке один контейнер... один!!!!! На огромный дом!!!! Это просто издевательство!!!! Почему я должна платить БЕШЕНЫЕ деньги за то, что мусор не вывозят неделями, вокруг контейнеров набросан мусор, и пока не напишешь его ни кто не убирает!!!! Все газоны в мусоре, дорога в мусоре, мусор летает по всему двору... ну что за издевательство?????? Можно решить проблему с вывозом мусора, с возвращением обратно контейнера, и впоследствии, чтобы они вывозились ОБА!!!!! А не один из них.... за что мы платим деньги????? Я каждую неделю оставлю заявки на вывоз мусора и уборку...","Ситуация с мусором это просто КОШМАР!!! На портале Наш Санкт-Петербург заявку не оставить! Невский экологический оператор не решает проблему! От слова никак совсем! Забрали у нас один из контейнеров, теперь на мусорной площадке один контейнер... один!!!!! На огромный дом!!!! Это просто издевательство!!!! Почему я должна платить БЕШЕНЫЕ деньги за то, что мусор не вывозят неделями, вокруг контейнеров набросан мусор, и пока не напишешь его ни кто не убирает!!!! Все газоны в мусоре, дорога в мусоре, мусор летает по всему двору... ну что за издевательство?????? Можно решить проблему с вывозом мусора, с возвращением обратно контейнера, и впоследствии, чтобы они вывозились ОБА!!!!! А не один из них.... за что мы платим деньги????? Я каждую неделю оставлю заявки на вывоз мусора и уборку...","['ситуация', 'мусором', 'это', 'просто', 'кошмар', 'портале', 'наш', 'санкт-петербург', 'заявку', 'оставить', 'невский', 'экологический', 'оператор', 'решает', 'проблему', 'слова', 'никак', 'совсем', 'забрали', 'нас', 'один', 'контейнеров', 'теперь', 'мусорной', 'площадке', 'один', 'контейнер', 'один', 'огромный', 'дом', 'это', 'просто', 'издевательство', 'почему', 'должна', 'платить', 'бешеные', 'деньги', 'что', 'мусор', 'вывозят', 'неделями', 'вокруг', 'контейнеров', 'набросан', 'мусор', 'пока', 'напишешь', 'его', 'кто', 'убирает', 'все', 'газоны', 'мусоре', 'дорога', 'мусоре', 'мусор', 'летает', 'всему', 'двору', 'что', 'издевательство', 'можно', 'решить', 'проблему', 'вывозом', 'мусора', 'возвращением', 'обратно', 'контейнера', 'впоследствии', 'чтобы', 'они', 'вывозились', 'оба', 'один', 'них', 'что', 'платим', 'деньги', 'каждую', 'неделю', 'оставлю', 'заявки', 'вывоз', 'мусора', 'уборку']","['ситуация', 'мусор', 'просто', 'кошмар', 'портал', 'наш', 'санкт-петербург', 'заявка', 'оставить', 'невский', 'экологический', 'оператор', 'решать', 'проблема', 'слово', 'никак', 'совсем', 'забрать', 'один', 'контейнер', 'мусорный', 'площадка', 'один', 'контейнер', 'один', 'огромный', 'дом', 'просто', 'издевательство', 'почему', 'должный', 'платить', 'бешеный', 'деньга', 'мусор', 'вывозить', 'неделя', 'вокруг', 'контейнер', 'набросать', 'мусор', 'пока', 'написать', 'кто', 'убирать', 'газон', 'мусор', 'дорога', 'мусор', 'мусор', 'летать', 'весь', 'двор', 'издевательство', 'можно', 'решить', 'проблема', 'вывоз', 'мусор', 'возвращение', 'обратно', 'контейнер', 'впоследствии', 'чтобы', 'они', 'вывозиться', 'оба', 'один', 'они', 'платить', 'деньга', 'каждый', 'неделя', 'оставить', 'заявка', 'вывоз', 'мусор', 'уборка']",ситуация мусор просто кошмар портал наш санкт-петербург заявка оставить невский экологический оператор решать проблема слово никак совсем забрать один контейнер мусорный площадка один контейнер один огромный дом просто издевательство почему должный платить бешеный деньга мусор вывозить неделя вокруг контейнер набросать мусор пока написать кто убирать газон мусор дорога мусор мусор летать весь двор издевательство можно решить проблема вывоз мусор возвращение обратно контейнер впоследствии чтобы они вывозиться оба один они платить деньга каждый неделя оставить заявка вывоз мусор уборка,792,0.5,False,2022-02-23,,Мусор/Свалки/ТКО,Текст,Дата создания,,Направление
191,Безопасность,2022-02-23,"Здравствуйте! 2 часа назад на мусорной площадке у дома ул. Токарева 14, обнаружено, то что вы видите на фото!",appeal_000191,"Здравствуйте! 2 часа назад на мусорной площадке у дома ул. Токарева 14, обнаружено, то что вы видите на фото!","Здравствуйте! 2 часа назад на мусорной площадке у дома ул. Токарева 14, обнаружено, то что вы видите на фото!","['здравствуйте', '2', 'часа', 'назад', 'мусорной', 'площадке', 'дома', 'токарева', '14', 'обнаружено', 'что', 'видите', 'фото']","['час', 'назад', 'мусорный', 'площадка', 'дом', 'токарев', 'обнаружить', 'видеть', 'фото']",час назад мусорный площадка дом токарев обнаружить видеть фото,109,0.2,False,2022-02-23,ул. Токарева 14,Безопасность,Текст,Дата создания,,Направление
192,Образование,2022-02-23,"Добрый день! Озадачилась детским летним отдыхом , ужаснулась , для детей офиц.неработающих граждан цена в лагерь пионер(лен обл) 73000 !! Это при 8-ми местном размещении с туалетом на этаже (на базе дол Металург), получается комната без удобств с едой как в столовой за 21 день 584 000 руб . И таких комнат там сколько? Не понятно это ценообразование , только как нехватка предложения (Сколько за последнее время было построено детских лагерей государством , на деньги налогоплательщиков ? Или это деньги только беженцам помогать ? ) В общем как вы решаете проблему нехватки детских лагерей по доступным ценам для детей официально неработающих граждан ?",appeal_000192,"Добрый день! Озадачилась детским летним отдыхом , ужаснулась , для детей офиц.неработающих граждан цена в лагерь пионер(лен обл) 73000 !! Это при 8-ми местном размещении с туалетом на этаже (на базе дол Металург), получается комната без удобств с едой как в столовой за 21 день 584 000 руб . И таких комнат там сколько? Не понятно это ценообразование , только как нехватка предложения (Сколько за последнее время было построено детских лагерей государством , на деньги налогоплательщиков ? Или это деньги только беженцам помогать ? ) В общем как вы решаете проблему нехватки детских лагерей по доступным ценам для детей официально неработающих граждан ?","Добрый день! Озадачилась детским летним отдыхом , ужаснулась , для детей офиц.неработающих граждан цена в лагерь пионер лен обл 73000 !! Это при 8-ми местном размещении с туалетом на этаже на базе дол Металург , получается комната без удобств с едой как в столовой за 21 день 584 000 руб . И таких комнат там сколько? Не понятно это ценообразование , только как нехватка предложения Сколько за последнее время было построено детских лагерей государством , на деньги налогоплательщиков ? Или это деньги только беженцам помогать ? В общем как вы решаете проблему нехватки детских лагерей по доступным ценам для детей официально неработающих граждан ?","['добрый', 'день', 'озадачилась', 'детским', 'летним', 'отдыхом', 'ужаснулась', 'для', 'детей', 'офиц', 'неработающих', 'граждан', 'цена', 'лагерь', 'пионер', 'лен', 'обл', '73000', 'это', 'при', '8', 'местном', 'размещении', 'туалетом', 'этаже', 'базе', 'дол', 'металург', 'получается', 'комната', 'без', 'удобств', 'едой', 'как', 'столовой', '21', 'день', '584', '000', 'руб', 'таких', 'комнат', 'там', 'сколько', 'понятно', 'это', 'ценообразование', 'только', 'как', 'нехватка', 'предложения', 'сколько', 'последнее', 'время', 'было', 'построено', 'детских', 'лагерей', 'государством', 'деньги', 'налогоплательщиков', 'или', 'это', 'деньги', 'только', 'беженцам', 'помогать', 'общем', 'как', 'решаете', 'проблему', 'нехватки', 'детских', 'лагерей', 'доступным', 'ценам', 'для', 'детей', 'официально', 'неработающих', 'граждан']","['озадачиться', 'детский', 'летний', 'отдых', 'ужаснуться', 'ребёнок', 'офица', 'неработающий', 'гражданин', 'цена', 'лагерь', 'пионер', 'лен', 'обл', '73000', 'местный', 'размещение', 'туалет', 'этаж', 'база', 'дол', 'металург', 'получаться', 'комната', 'удобство', 'еда', 'столовая', '584', '000', 'руб', 'такой', 'комната', 'там', 'сколько', 'понятно', 'ценообразование', 'нехватка', 'предложение', 'сколько', 'последний', 'время', 'построить', 'детский', 'лагерь', 'государство', 'деньга', 'налогоплательщик', 'деньга', 'беженец', 'помогать', 'общий', 'решать', 'проблема', 'нехватка', 'детский', 'лагерь', 'доступный', 'цена', 'ребёнок', 'официально', 'неработающий', 'гражданин']",озадачиться детский летний отдых ужаснуться ребёнок офица неработающий гражданин цена лагерь пионер лен обл 73000 местный размещение туалет этаж база дол металург получаться комната удобство еда столовая 584 000 руб такой комната там сколько понятно ценообразование нехватка предложение сколько последний время построить детский лагерь государство деньга налогоплательщик деньга беженец помогать общий решать проблема нехватка детский лагерь доступный цена ребёнок официально неработающий гражданин,648,0.5,False,2022-02-23,пионер лен обл 73000,Образование,Текст,Дата создания,,Направление
193,Социальное обслуживание и защита,2022-02-23,"Здравствуйте, хотелось бы узнать, чем наши дети достигшие 18 возраста отличаются от тех которые живут в Ленинградской области?",appeal_000193,"Здравствуйте, хотелось бы узнать, чем наши дети достигшие 18 возраста отличаются от тех которые живут в Ленинградской области?","Здравствуйте, хотелось бы узнать, чем наши дети достигшие 18 возраста отличаются от тех которые живут в Ленинградской области?","['здравствуйте', 'хотелось', 'узнать', 'чем', 'наши', 'дети', 'достигшие', '18', 'возраста', 'отличаются', 'тех', 'которые', 'живут', 'ленинградской', 'области']","['хотеться', 'узнать', 'чем', 'наш', 'ребёнок', 'достигнуть', 'возраст', 'отличаться', 'тот', 'который', 'жить', 'ленинградский', 'область']",хотеться узнать чем наш ребёнок достигнуть возраст отличаться тот который жить ленинградский область,126,0.0,False,2022-02-23,наши дети достигшие 18,Социальное обслуживание и защита,Текст,Дата создания,,Направление
194,Торговля,2022-02-23,"Здравствуйте! Сегодня навещала свою маму и зашла в ларёк, рядом с её домом на пр. Луначарского, 76. Подсунули просроченную ряженку и нахамили. Книгу жалоб не дают, возможность пожаловаться хозяину лавки тоже. Продавец так и сказала: "" кто ты такая, чтобы давать тебе контакт начальства или книгу жалоб "" . Я не знаю, куда обратиться. В полиц, в Роспотребнадзор. Они за высокие цены травят людей просрочкой.",appeal_000194,"Здравствуйте! Сегодня навещала свою маму и зашла в ларёк, рядом с её домом на пр. Луначарского, 76. Подсунули просроченную ряженку и нахамили. Книгу жалоб не дают, возможность пожаловаться хозяину лавки тоже. Продавец так и сказала: "" кто ты такая, чтобы давать тебе контакт начальства или книгу жалоб "" . Я не знаю, куда обратиться. В полиц, в Роспотребнадзор. Они за высокие цены травят людей просрочкой.","Здравствуйте! Сегодня навещала свою маму и зашла в ларек, рядом с ее домом на пр. Луначарского, 76. Подсунули просроченную ряженку и нахамили. Книгу жалоб не дают, возможность пожаловаться хозяину лавки тоже. Продавец так и сказала: кто ты такая, чтобы давать тебе контакт начальства или книгу жалоб . Я не знаю, куда обратиться. В полиц, в Роспотребнадзор. Они за высокие цены травят людей просрочкой.","['здравствуйте', 'сегодня', 'навещала', 'свою', 'маму', 'зашла', 'ларек', 'рядом', 'домом', 'луначарского', '76', 'подсунули', 'просроченную', 'ряженку', 'нахамили', 'книгу', 'жалоб', 'дают', 'возможность', 'пожаловаться', 'хозяину', 'лавки', 'тоже', 'продавец', 'так', 'сказала', 'кто', 'такая', 'чтобы', 'давать', 'тебе', 'контакт', 'начальства', 'или', 'книгу', 'жалоб', 'знаю', 'куда', 'обратиться', 'полиц', 'роспотребнадзор', 'они', 'высокие', 'цены', 'травят', 'людей', 'просрочкой']","['сегодня', 'навещать', 'свой', 'мама', 'зайти', 'ларёк', 'рядом', 'дом', 'луначарский', 'подсунуть', 'просрочить', 'ряженка', 'нахамить', 'книга', 'жалоба', 'давать', 'возможность', 'пожаловаться', 'хозяин', 'лавка', 'тоже', 'продавец', 'сказать', 'кто', 'такой', 'чтобы', 'давать', 'контакт', 'начальство', 'книга', 'жалоба', 'знать', 'куда', 'обратиться', 'полицо', 'роспотребнадзор', 'они', 'высокий', 'цена', 'травить', 'человек', 'просрочка']",сегодня навещать свой мама зайти ларёк рядом дом луначарский подсунуть просрочить ряженка нахамить книга жалоба давать возможность пожаловаться хозяин лавка тоже продавец сказать кто такой чтобы давать контакт начальство книга жалоба знать куда обратиться полицо роспотребнадзор они высокий цена травить человек просрочка,402,0.1,False,2022-02-23,,Торговля,Текст,Дата создания,,Направление
195,Роспотребнадзор,2022-02-23,"Здравствуйте.<br>Пыталась звонить в Роспотребнадзор, не получилось. Ситуация такова. Невестка вчера 22 февраля в 10.00-10.30 ела в Столовой номер 1 по адресу Невский 118метро площадь Восстания. В 15. 00 у нее заболел живот и началась дикая диарея. Самостоятельно применили все средства, не помогло, ночью температура 39. В 8.30",appeal_000195,"Здравствуйте.<br>Пыталась звонить в Роспотребнадзор, не получилось. Ситуация такова. Невестка вчера 22 февраля в 10.00-10.30 ела в Столовой номер 1 по адресу Невский 118метро площадь Восстания. В 15. 00 у нее заболел живот и началась дикая диарея. Самостоятельно применили все средства, не помогло, ночью температура 39. В 8.30","Здравствуйте. Пыталась звонить в Роспотребнадзор, не получилось. Ситуация такова. Невестка вчера 22 февраля в 10.00-10.30 ела в Столовой номер 1 по адресу Невский 118метро площадь Восстания. В 15. 00 у нее заболел живот и началась дикая диарея. Самостоятельно применили все средства, не помогло, ночью температура 39. В 8.30","['здравствуйте', 'пыталась', 'звонить', 'роспотребнадзор', 'получилось', 'ситуация', 'такова', 'невестка', 'вчера', '22', 'февраля', '10', '00', '10', '30', 'ела', 'столовой', 'номер', '1', 'адресу', 'невский', '118м', 'етро', 'площадь', 'восстания', '15', '00', 'нее', 'заболел', 'живот', 'началась', 'дикая', 'диарея', 'самостоятельно', 'применили', 'все', 'средства', 'помогло', 'ночью', 'температура', '39', '8', '30']","['пытаться', 'звонить', 'роспотребнадзор', 'получиться', 'ситуация', 'таковой', 'невестка', 'вчера', 'февраль', 'есть', 'столовая', 'номер', 'адрес', 'невский', '118м', 'етро', 'площадь', 'восстание', 'заболеть', 'живот', 'начаться', 'дикий', 'диарея', 'самостоятельно', 'применить', 'средство', 'помочь', 'ночью', 'температура']",пытаться звонить роспотребнадзор получиться ситуация таковой невестка вчера февраль есть столовая номер адрес невский 118м етро площадь восстание заболеть живот начаться дикий диарея самостоятельно применить средство помочь ночью температура,324,0.0,False,2022-02-23,Невестка вчера 22,Роспотребнадзор,Текст,Дата создания,,Направление
196,ЖКХ,2022-02-23,"Здравствуйте !Пишу вам от лица граждан и от себя Московского района т.к встретились у дверей петроэлектросбыт в очереди где ,как 90-е больше двухсот человек стояли на улице ,чтоб попасть и оплатить после объяснения. Откуда такие цены тарифы. Отопления только у кого-то 5т рублей у нас 3500т.р и так у многих и это не за хоромы ,а за обычную Однокомнатную или Двухкомнатную. (Обьясняют тем что мол снег топят,или обогрев самого дома ?)Квартплата получается за все больше 7т.р это как ?<br>Скоро так людей доведете ,что у нас война будет. А не в Украине .Петроэлектросбыт вообще не выполняет обязательства рабочие ,за четыре года ,ни разу счётчики ,не проверили и сказали неправильно плачу по квитанции .теперь пени 125 т.рублей оплатите за 30дней а то отключим. Как это понимать и куда обращаться скоро за самое как за сьемное платить платить ,а пенсионеры у них пенсия 15т.р / СПАСИБО ЖДЁМ ХОТЬ КАКОЙ-ТО ОТВЕТ.",appeal_000196,"Здравствуйте !Пишу вам от лица граждан и от себя Московского района т.к встретились у дверей петроэлектросбыт в очереди где ,как 90-е больше двухсот человек стояли на улице ,чтоб попасть и оплатить после объяснения. Откуда такие цены тарифы. Отопления только у кого-то 5т рублей у нас 3500т.р и так у многих и это не за хоромы ,а за обычную Однокомнатную или Двухкомнатную. (Обьясняют тем что мол снег топят,или обогрев самого дома ?)Квартплата получается за все больше 7т.р это как ?<br>Скоро так людей доведете ,что у нас война будет. А не в Украине .Петроэлектросбыт вообще не выполняет обязательства рабочие ,за четыре года ,ни разу счётчики ,не проверили и сказали неправильно плачу по квитанции .теперь пени 125 т.рублей оплатите за 30дней а то отключим. Как это понимать и куда обращаться скоро за самое как за сьемное платить платить ,а пенсионеры у них пенсия 15т.р / СПАСИБО ЖДЁМ ХОТЬ КАКОЙ-ТО ОТВЕТ.","Здравствуйте !Пишу вам от лица граждан и от себя Московского района т.к встретились у дверей петроэлектросбыт в очереди где ,как 90-е больше двухсот человек стояли на улице ,чтоб попасть и оплатить после объяснения. Откуда такие цены тарифы. Отопления только у кого-то 5т рублей у нас 3500т.р и так у многих и это не за хоромы ,а за обычную Однокомнатную или Двухкомнатную. Обьясняют тем что мол снег топят,или обогрев самого дома ? Квартплата получается за все больше 7т.р это как ? Скоро так людей доведете ,что у нас война будет. А не в Украине .Петроэлектросбыт вообще не выполняет обязательства рабочие ,за четыре года ,ни разу счетчики ,не проверили и сказали неправильно плачу по квитанции .теперь пени 125 т.рублей оплатите за 30дней а то отключим. Как это понимать и куда обращаться скоро за самое как за сьемное платить платить ,а пенсионеры у них пенсия 15т.р / СПАСИБО ЖДЕМ ХОТЬ КАКОЙ-ТО ОТВЕТ.","['здравствуйте', 'пишу', 'вам', 'лица', 'граждан', 'себя', 'московского', 'района', 'встретились', 'дверей', 'петроэлектросбыт', 'очереди', 'где', 'как', '90', 'больше', 'двухсот', 'человек', 'стояли', 'улице', 'чтоб', 'попасть', 'оплатить', 'после', 'объяснения', 'откуда', 'такие', 'цены', 'тарифы', 'отопления', 'только', 'кого-то', '5т', 'рублей', 'нас', '3500т', 'так', 'многих', 'это', 'хоромы', 'обычную', 'однокомнатную', 'или', 'двухкомнатную', 'обьясняют', 'тем', 'что', 'мол', 'снег', 'топят', 'или', 'обогрев', 'самого', 'дома', 'квартплата', 'получается', 'все', 'больше', '7т', 'это', 'как', 'скоро', 'так', 'людей', 'доведете', 'что', 'нас', 'война', 'будет', 'украине', 'петроэлектросбыт', 'вообще', 'выполняет', 'обязательства', 'рабочие', 'четыре', 'года', 'разу', 'счетчики', 'проверили', 'сказали', 'неправильно', 'плачу', 'квитанции', 'теперь', 'пени', '125', 'рублей', 'оплатите', '30д', 'ней', 'отключим', 'как', 'это', 'понимать', 'куда', 'обращаться', 'скоро', 'самое', 'как', 'сьемное', 'платить', 'платить', 'пенсионеры', 'них', 'пенсия', '15т', 'спасибо', 'ждем', 'хоть', 'какой-то', 'ответ']","['писать', 'лицо', 'гражданин', 'себя', 'московский', 'встретиться', 'дверь', 'петроэлектросбыт', 'очередь', 'где', 'большой', 'двести', 'человек', 'стоять', 'улица', 'чтоб', 'попасть', 'оплатить', 'после', 'объяснение', 'откуда', 'такой', 'цена', 'тариф', 'отопление', 'кто-то', 'рубль', '3500т', 'многий', 'хоромы', 'обычный', 'однокомнатный', 'двухкомнатный', 'обьяснять', 'тем', 'мол', 'снег', 'топить', 'обогрев', 'сам', 'дом', 'квартплата', 'получаться', 'большой', 'скоро', 'человек', 'довести', 'война', 'украина', 'петроэлектросбыт', 'вообще', 'выполнять', 'обязательство', 'рабочий', 'четыре', 'год', 'раз', 'счётчик', 'проверить', 'сказать', 'неправильно', 'плач', 'квитанция', 'пеня', '125', 'рубль', 'оплатить', '30д', 'отключить', 'понимать', 'куда', 'обращаться', 'скоро', 'самый', 'сьемной', 'платить', 'платить', 'пенсионер', 'они', 'пенсия', '15т', 'спасибо', 'ждать', 'хоть', 'какой-то']",писать лицо гражданин себя московский встретиться дверь петроэлектросбыт очередь где большой двести человек стоять улица чтоб попасть оплатить после объяснение откуда такой цена тариф отопление кто-то рубль 3500т многий хоромы обычный однокомнатный двухкомнатный обьяснять тем мол снег топить обогрев сам дом квартплата получаться большой скоро человек довести война украина петроэлектросбыт вообще выполнять обязательство рабочий четыре год раз счётчик проверить сказать неправильно плач квитанция пеня 125 рубль оплатить 30д отключить понимать куда обращаться скоро самый сьемной платить платить пенсионер они пенсия 15т спасибо ждать хоть какой-то,906,0.1,False,2022-02-23,как 90-е,ЖКХ,Текст,Дата создания,,Направление
197,Благоустройство,2022-02-23,"И ещё возле этой же мусорной площадки открыт люк. Он прикрыт досками дсп, но в тёмное время суток ребёнок может не заметить, и доски могут соскользнуть.",appeal_000197,"И ещё возле этой же мусорной площадки открыт люк. Он прикрыт досками дсп, но в тёмное время суток ребёнок может не заметить, и доски могут соскользнуть.","И еще возле этой же мусорной площадки открыт люк. Он прикрыт досками дсп, но в темное время суток ребенок может не заметить, и доски могут соскользнуть.","['еще', 'возле', 'этой', 'мусорной', 'площадки', 'открыт', 'люк', 'прикрыт', 'досками', 'дсп', 'темное', 'время', 'суток', 'ребенок', 'может', 'заметить', 'доски', 'могут', 'соскользнуть']","['возле', 'мусорный', 'площадка', 'открыть', 'люк', 'прикрыть', 'доска', 'дсп', 'тёмный', 'время', 'сутки', 'ребёнок', 'мочь', 'заметить', 'доска', 'мочь', 'соскользнуть']",возле мусорный площадка открыть люк прикрыть доска дсп тёмный время сутки ребёнок мочь заметить доска мочь соскользнуть,152,0.0,False,2022-02-23,,Благоустройство,Текст,Дата создания,,Направление
198,Общественный транспорт,2022-02-23,"[club176831236|Комитет по развитию транспортной инфраструктуры] а на остановках, где трамвайные пути совмещены с проезжей частью, вы планируете при кап. ремонтах путей делать повышенные посадочные площадки, как этого требует СП 98.13330.2018? Москва и Ульяновск умеют их делать, а у вас лапки",appeal_000198,"[club176831236|Комитет по развитию транспортной инфраструктуры] а на остановках, где трамвайные пути совмещены с проезжей частью, вы планируете при кап. ремонтах путей делать повышенные посадочные площадки, как этого требует СП 98.13330.2018? Москва и Ульяновск умеют их делать, а у вас лапки","club176831236 Комитет по развитию транспортной инфраструктуры а на остановках, где трамвайные пути совмещены с проезжей частью, вы планируете при кап. ремонтах путей делать повышенные посадочные площадки, как этого требует СП 98.13330.2018? Москва и Ульяновск умеют их делать, а у вас лапки","['club', '176831236', 'комитет', 'развитию', 'транспортной', 'инфраструктуры', 'остановках', 'где', 'трамвайные', 'пути', 'совмещены', 'проезжей', 'частью', 'планируете', 'при', 'кап', 'ремонтах', 'путей', 'делать', 'повышенные', 'посадочные', 'площадки', 'как', 'этого', 'требует', '98', '13330', '2018', 'москва', 'ульяновск', 'умеют', 'делать', 'вас', 'лапки']","['club', '176831236', 'комитет', 'развитие', 'транспортный', 'инфраструктура', 'остановка', 'где', 'трамвайный', 'путь', 'совместить', 'проезжий', 'часть', 'планировать', 'кап', 'ремонт', 'путь', 'делать', 'повышенный', 'посадочный', 'площадка', 'требовать', '13330', '2018', 'москва', 'ульяновск', 'уметь', 'делать', 'лапка']",club 176831236 комитет развитие транспортный инфраструктура остановка где трамвайный путь совместить проезжий часть планировать кап ремонт путь делать повышенный посадочный площадка требовать 13330 2018 москва ульяновск уметь делать лапка,290,0.0,False,2022-02-23,этого требует СП 98,Общественный транспорт,Текст,Дата создания,,Направление
199,Дороги,2022-02-23,"Создайте безопасность для движения пешеходов ""лежачими полицейскими"" перед переходами на участке между пр Луначарсконо ипр.Просвещения.Только тогда вы будете иметь право на передвижные радары,которые собирают деньги себе в карман.А вообще кто их разрешил?",appeal_000199,"Создайте безопасность для движения пешеходов ""лежачими полицейскими"" перед переходами на участке между пр Луначарсконо ипр.Просвещения.Только тогда вы будете иметь право на передвижные радары,которые собирают деньги себе в карман.А вообще кто их разрешил?","Создайте безопасность для движения пешеходов лежачими полицейскими перед переходами на участке между пр Луначарсконо ипр.Просвещения.Только тогда вы будете иметь право на передвижные радары,которые собирают деньги себе в карман.А вообще кто их разрешил?","['создайте', 'безопасность', 'для', 'движения', 'пешеходов', 'лежачими', 'полицейскими', 'перед', 'переходами', 'участке', 'между', 'луначарсконо', 'ипр', 'просвещения', 'только', 'тогда', 'будете', 'иметь', 'право', 'передвижные', 'радары', 'которые', 'собирают', 'деньги', 'себе', 'карман', 'вообще', 'кто', 'разрешил']","['создать', 'безопасность', 'движение', 'пешеход', 'лежачий', 'полицейский', 'перед', 'переход', 'участок', 'между', 'луначарсконо', 'ипр', 'просвещение', 'тогда', 'иметь', 'право', 'передвижной', 'радар', 'который', 'собирать', 'деньга', 'себя', 'карман', 'вообще', 'кто', 'разрешить']",создать безопасность движение пешеход лежачий полицейский перед переход участок между луначарсконо ипр просвещение тогда иметь право передвижной радар который собирать деньга себя карман вообще кто разрешить,253,0.2,True,2022-02-23,,Дороги,Текст,Дата создания,,Направление
200,ЖКХ,2022-02-23,"Добрый вечер,Александр Дмитриевич! Вы,наверное, празднуете День защитника отечества в тепле и с ручки моете теплой водичкой!? А мы на ул. Краснопутиллвской в доме 61сидим как всегда без отопления и горячей воды. Как праздник, так у нас авария. Сколько можно к вам обращаться? Ваша администрация отправляет наши обращения в Админ.Кировского района, а она даже ни разу не подняла свои мягкие места и не проверила, а отписывается. В городе есть хозяин? Или день прошел и ладно.",appeal_000200,"Добрый вечер,Александр Дмитриевич! Вы,наверное, празднуете День защитника отечества в тепле и с ручки моете теплой водичкой!? А мы на ул. Краснопутиллвской в доме 61сидим как всегда без отопления и горячей воды. Как праздник, так у нас авария. Сколько можно к вам обращаться? Ваша администрация отправляет наши обращения в Админ.Кировского района, а она даже ни разу не подняла свои мягкие места и не проверила, а отписывается. В городе есть хозяин? Или день прошел и ладно.","Добрый вечер,Александр Дмитриевич! Вы,наверное, празднуете День защитника отечества в тепле и с ручки моете теплой водичкой!? А мы на ул. Краснопутиллвской в доме 61сидим как всегда без отопления и горячей воды. Как праздник, так у нас авария. Сколько можно к вам обращаться? Ваша администрация отправляет наши обращения в Админ.Кировского района, а она даже ни разу не подняла свои мягкие места и не проверила, а отписывается. В городе есть хозяин? Или день прошел и ладно.","['добрый', 'вечер', 'александр', 'дмитриевич', 'наверное', 'празднуете', 'день', 'защитника', 'отечества', 'тепле', 'ручки', 'моете', 'теплой', 'водичкой', 'краснопутиллвской', 'доме', '61с', 'идим', 'как', 'всегда', 'без', 'отопления', 'горячей', 'воды', 'как', 'праздник', 'так', 'нас', 'авария', 'сколько', 'можно', 'вам', 'обращаться', 'ваша', 'администрация', 'отправляет', 'наши', 'обращения', 'админ', 'кировского', 'района', 'она', 'даже', 'разу', 'подняла', 'свои', 'мягкие', 'места', 'проверила', 'отписывается', 'городе', 'есть', 'хозяин', 'или', 'день', 'прошел', 'ладно']","['вечер', 'александр', 'дмитриевич', 'наверное', 'праздновать', 'защитник', 'отечество', 'тепло', 'ручка', 'мыть', 'тёплый', 'водичка', 'краснопутиллвский', 'дом', '61с', 'идим', 'всегда', 'отопление', 'горячий', 'вода', 'праздник', 'авария', 'сколько', 'можно', 'обращаться', 'ваш', 'отправлять', 'наш', 'админ', 'кировский', 'раз', 'поднять', 'свой', 'мягкий', 'место', 'проверить', 'отписываться', 'есть', 'хозяин', 'пройти', 'ладный']",вечер александр дмитриевич наверное праздновать защитник отечество тепло ручка мыть тёплый водичка краснопутиллвский дом 61с идим всегда отопление горячий вода праздник авария сколько можно обращаться ваш отправлять наш админ кировский раз поднять свой мягкий место проверить отписываться есть хозяин пройти ладный,474,0.2,True,2022-02-23,ул. Краснопутиллвской в доме 61сидим,ЖКХ,Текст,Дата создания,,Направление
201,Мусор/Свалки/ТКО,2022-02-23,Лыжный 8 к1 ничего с мусорки так и не меняется. Примите меры к оператору,appeal_000201,Лыжный 8 к1 ничего с мусорки так и не меняется. Примите меры к оператору,Лыжный 8 к1 ничего с мусорки так и не меняется. Примите меры к оператору,"['лыжный', '8', '1', 'ничего', 'мусорки', 'так', 'меняется', 'примите', 'меры', 'оператору']","['лыжный', 'ничего', 'мусорк', 'меняться', 'принять', 'оператор']",лыжный ничего мусорк меняться принять оператор,72,0.0,False,2022-02-23,Лыжный 8,Мусор/Свалки/ТКО,Текст,Дата создания,,Направление
202,Общественный транспорт,2022-02-23,Ээээ??? В документах на маршрут фигурировал маршрут до Сердобольской. Когда успели переделать то?,appeal_000202,Ээээ??? В документах на маршрут фигурировал маршрут до Сердобольской. Когда успели переделать то?,Ээээ??? В документах на маршрут фигурировал маршрут до Сердобольской. Когда успели переделать то?,"['ээээ', 'документах', 'маршрут', 'фигурировал', 'маршрут', 'сердобольской', 'когда', 'успели', 'переделать']","['ээээ', 'документ', 'маршрут', 'фигурировать', 'маршрут', 'сердобольский', 'успеть', 'переделать']",ээээ документ маршрут фигурировать маршрут сердобольский успеть переделать,97,0.0,False,2022-02-23,,Общественный транспорт,Текст,Дата создания,,Направление
203,Физическая культура и спорт,2022-02-23,"У меня такой вопрос - когда будет пропагандироваться здоровый образ жизни и помощь в нем для людей?<br>То есть, бесплатные центры физической культуры, а не платные фитнес-центры, и т.д.?<br>Про мое предложение - делать бесплатно ПЦР-тесты и тесты на антитела, что показывало бы реально, как здоровье людей, я уже не говорю, хотя это - первостепенно, но мне сказали, что этого не будет.<br>Хотя я считаю, что это очень бы помогло населению, а не просто прививки.<br>Кстати, я не против них, но проверенных и нужных.<br>Как и за работу медучреждений, молодцы, что делаете хоть что-то.",appeal_000203,"У меня такой вопрос - когда будет пропагандироваться здоровый образ жизни и помощь в нем для людей?<br>То есть, бесплатные центры физической культуры, а не платные фитнес-центры, и т.д.?<br>Про мое предложение - делать бесплатно ПЦР-тесты и тесты на антитела, что показывало бы реально, как здоровье людей, я уже не говорю, хотя это - первостепенно, но мне сказали, что этого не будет.<br>Хотя я считаю, что это очень бы помогло населению, а не просто прививки.<br>Кстати, я не против них, но проверенных и нужных.<br>Как и за работу медучреждений, молодцы, что делаете хоть что-то.","У меня такой вопрос - когда будет пропагандироваться здоровый образ жизни и помощь в нем для людей? То есть, бесплатные центры физической культуры, а не платные фитнес-центры, и т.д.? Про мое предложение - делать бесплатно ПЦР-тесты и тесты на антитела, что показывало бы реально, как здоровье людей, я уже не говорю, хотя это - первостепенно, но мне сказали, что этого не будет. Хотя я считаю, что это очень бы помогло населению, а не просто прививки. Кстати, я не против них, но проверенных и нужных. Как и за работу медучреждений, молодцы, что делаете хоть что-то.","['меня', 'такой', 'вопрос', 'когда', 'будет', 'пропагандироваться', 'здоровый', 'образ', 'жизни', 'помощь', 'нем', 'для', 'людей', 'есть', 'бесплатные', 'центры', 'физической', 'культуры', 'платные', 'фитнес-центры', 'про', 'мое', 'предложение', 'делать', 'бесплатно', 'пцр-тесты', 'тесты', 'антитела', 'что', 'показывало', 'реально', 'как', 'здоровье', 'людей', 'уже', 'говорю', 'хотя', 'это', 'первостепенно', 'мне', 'сказали', 'что', 'этого', 'будет', 'хотя', 'считаю', 'что', 'это', 'очень', 'помогло', 'населению', 'просто', 'прививки', 'кстати', 'против', 'них', 'проверенных', 'нужных', 'как', 'работу', 'медучреждений', 'молодцы', 'что', 'делаете', 'хоть', 'что-то']","['такой', 'пропагандироваться', 'здоровый', 'образ', 'жизнь', 'помощь', 'немой', 'человек', 'есть', 'бесплатный', 'центр', 'физический', 'культура', 'платный', 'фитнес-центр', 'мой', 'предложение', 'делать', 'бесплатно', 'пцр-тест', 'тест', 'антитело', 'показывать', 'реально', 'здоровье', 'человек', 'говорить', 'хотя', 'первостепенный', 'сказать', 'хотя', 'считать', 'очень', 'помочь', 'население', 'просто', 'прививка', 'кстати', 'против', 'они', 'проверить', 'нужный', 'работа', 'медучреждение', 'молодец', 'делать', 'хоть', 'что-то']",такой пропагандироваться здоровый образ жизнь помощь немой человек есть бесплатный центр физический культура платный фитнес-центр мой предложение делать бесплатно пцр-тест тест антитело показывать реально здоровье человек говорить хотя первостепенный сказать хотя считать очень помочь население просто прививка кстати против они проверить нужный работа медучреждение молодец делать хоть что-то,567,0.0,False,2022-02-23,,Физическая культура и спорт,Текст,Дата создания,,Направление
204,Благоустройство,2022-02-23,А в Муринском парке от Гражданского пр. до пр.Руставели не хотите фонари установить?,appeal_000204,А в Муринском парке от Гражданского пр. до пр.Руставели не хотите фонари установить?,А в Муринском парке от Гражданского пр. до пр.Руставели не хотите фонари установить?,"['муринском', 'парке', 'гражданского', 'руставели', 'хотите', 'фонари', 'установить']","['муринский', 'парка', 'гражданский', 'руставели', 'хотеть', 'фонарь', 'установить']",муринский парка гражданский руставели хотеть фонарь установить,84,0.0,False,2022-02-23,,Благоустройство,Текст,Дата создания,,Направление
205,Мусор/Свалки/ТКО,2022-02-23,"Ну,да. Особенно,когда видишь,как мусор,который,таки,люди собрали раздельно,закидывают в одно пухто🤦‍♂️",appeal_000205,"Ну,да. Особенно,когда видишь,как мусор,который,таки,люди собрали раздельно,закидывают в одно пухто🤦‍♂️","Ну,да. Особенно,когда видишь,как мусор,который,таки,люди собрали раздельно,закидывают в одно пухто","['особенно', 'когда', 'видишь', 'как', 'мусор', 'который', 'таки', 'люди', 'собрали', 'раздельно', 'закидывают', 'одно', 'пухто']","['особенно', 'видеть', 'мусор', 'который', 'таки', 'человек', 'собрать', 'раздельно', 'закидывать', 'один', 'пухтый']",особенно видеть мусор который таки человек собрать раздельно закидывать один пухтый,98,0.0,False,2022-02-23,,Мусор/Свалки/ТКО,Текст,Дата создания,,Направление
206,Благоустройство,2022-02-23,Здравствуйте подскажите как дела с площадкой?,appeal_000206,Здравствуйте подскажите как дела с площадкой?,Здравствуйте подскажите как дела с площадкой?,"['здравствуйте', 'подскажите', 'как', 'дела', 'площадкой']","['подсказать', 'дело', 'площадка']",подсказать дело площадка,45,0.0,False,2022-02-23,,Благоустройство,Текст,Дата создания,,Направление
207,ЖКХ,2022-02-23,"На собрании собственников МКД по адресу Невский пр., д. 136, лит Б, парадная 5 было принято решение об отказе от установки умного домофона по программе Безопасный город. Исправный домофон на двери в парадную есть. Просим исключить нас из данной программы. Заявление с подписями в приложенном файле.",appeal_000207,"На собрании собственников МКД по адресу Невский пр., д. 136, лит Б, парадная 5 было принято решение об отказе от установки умного домофона по программе Безопасный город. Исправный домофон на двери в парадную есть. Просим исключить нас из данной программы. Заявление с подписями в приложенном файле.","На собрании собственников МКД по адресу Невский пр., д. 136, лит Б, парадная 5 было принято решение об отказе от установки умного домофона по программе Безопасный город. Исправный домофон на двери в парадную есть. Просим исключить нас из данной программы. Заявление с подписями в приложенном файле.","['собрании', 'собственников', 'мкд', 'адресу', 'невский', '136', 'лит', 'парадная', '5', 'было', 'принято', 'решение', 'отказе', 'установки', 'умного', 'домофона', 'программе', 'безопасный', 'город', 'исправный', 'домофон', 'двери', 'парадную', 'есть', 'просим', 'исключить', 'нас', 'данной', 'программы', 'заявление', 'подписями', 'приложенном', 'файле']","['собрание', 'собственник', 'мкд', 'адрес', 'невский', '136', 'лита', 'парадный', 'принять', 'решение', 'отказ', 'установка', 'умный', 'домофон', 'программа', 'безопасный', 'исправный', 'домофон', 'дверь', 'парадный', 'есть', 'просить', 'исключить', 'дать', 'программа', 'заявление', 'подпись', 'приложить', 'файл']",собрание собственник мкд адрес невский 136 лита парадный принять решение отказ установка умный домофон программа безопасный исправный домофон дверь парадный есть просить исключить дать программа заявление подпись приложить файл,298,0.2,False,2022-02-23,парадная 5,ЖКХ,Текст,Дата создания,,Направление
208,Дороги,2022-02-23,"Здравствуйте, г. губернатор! Начиная с декабря прошлого года неоднократно обращаюсь к Вам с просьбой ликвидировать стихийную автопарковку, преграждающую дорогу пешеходам по тротуару по Южному шоссе около дома 55/1 (у магазина ""Дикси""). Сотрудники Вашей приёмной все мои обращения переправляют в различные инстанции, которые, по их мнению, должны решить эту проблему. К сожалению, ни одна из них проблему не решила. К настоящему обращению прилагаю ответ от Комитета по развитию транспортной инфраструктуры, в котором говорится, что в 2022 году будут завершены только проектные работы. И реконструкция Южного шоссе начнётся, если будет одобрен проект. А это значит, что парковка будет препятствовать передвижению пешеходов ещё долгое время. ЖК ""София"" начал заселяться с 2014 года и всё это время пешеходы должны обходить машины либо по газону, либо по проезжей части. В связи с этим настоятельно прошу Вас до начала реконструокции Южного шоссе дать указание ГИБДД установить знаки, запрещающие стоянку автомобилей в данном месте. Балкина Нина Анатольевна, проживающая по адресу Южное шоссе, 55/1, кв.30, 72 года, пенсионер, ветеран труда.",appeal_000208,"Здравствуйте, г. губернатор! Начиная с декабря прошлого года неоднократно обращаюсь к Вам с просьбой ликвидировать стихийную автопарковку, преграждающую дорогу пешеходам по тротуару по Южному шоссе около дома 55/1 (у магазина ""Дикси""). Сотрудники Вашей приёмной все мои обращения переправляют в различные инстанции, которые, по их мнению, должны решить эту проблему. К сожалению, ни одна из них проблему не решила. К настоящему обращению прилагаю ответ от Комитета по развитию транспортной инфраструктуры, в котором говорится, что в 2022 году будут завершены только проектные работы. И реконструкция Южного шоссе начнётся, если будет одобрен проект. А это значит, что парковка будет препятствовать передвижению пешеходов ещё долгое время. ЖК ""София"" начал заселяться с 2014 года и всё это время пешеходы должны обходить машины либо по газону, либо по проезжей части. В связи с этим настоятельно прошу Вас до начала реконструокции Южного шоссе дать указание ГИБДД установить знаки, запрещающие стоянку автомобилей в данном месте. Балкина Нина Анатольевна, проживающая по адресу Южное шоссе, 55/1, кв.30, 72 года, пенсионер, ветеран труда.","Здравствуйте, г. губернатор! Начиная с декабря прошлого года неоднократно обращаюсь к Вам с просьбой ликвидировать стихийную автопарковку, преграждающую дорогу пешеходам по тротуару по Южному шоссе около дома 55/1 у магазина Дикси . Сотрудники Вашей приемной все мои обращения переправляют в различные инстанции, которые, по их мнению, должны решить эту проблему. К сожалению, ни одна из них проблему не решила. К настоящему обращению прилагаю ответ от Комитета по развитию транспортной инфраструктуры, в котором говорится, что в 2022 году будут завершены только проектные работы. И реконструкция Южного шоссе начнется, если будет одобрен проект. А это значит, что парковка будет препятствовать передвижению пешеходов еще долгое время. ЖК София начал заселяться с 2014 года и все это время пешеходы должны обходить машины либо по газону, либо по проезжей части. В связи с этим настоятельно прошу Вас до начала реконструокции Южного шоссе дать указание ГИБДД установить знаки, запрещающие стоянку автомобилей в данном месте. Балкина Нина Анатольевна, проживающая по адресу Южное шоссе, 55/1, кв.30, 72 года, пенсионер, ветеран труда.","['здравствуйте', 'губернатор', 'начиная', 'декабря', 'прошлого', 'года', 'неоднократно', 'обращаюсь', 'вам', 'просьбой', 'ликвидировать', 'стихийную', 'автопарковку', 'преграждающую', 'дорогу', 'пешеходам', 'тротуару', 'южному', 'шоссе', 'около', 'дома', '55', '1', 'магазина', 'дикси', 'сотрудники', 'вашей', 'приемной', 'все', 'мои', 'обращения', 'переправляют', 'различные', 'инстанции', 'которые', 'мнению', 'должны', 'решить', 'эту', 'проблему', 'сожалению', 'одна', 'них', 'проблему', 'решила', 'настоящему', 'обращению', 'прилагаю', 'ответ', 'комитета', 'развитию', 'транспортной', 'инфраструктуры', 'котором', 'говорится', 'что', '2022', 'году', 'будут', 'завершены', 'только', 'проектные', 'работы', 'реконструкция', 'южного', 'шоссе', 'начнется', 'если', 'будет', 'одобрен', 'проект', 'это', 'значит', 'что', 'парковка', 'будет', 'препятствовать', 'передвижению', 'пешеходов', 'еще', 'долгое', 'время', 'софия', 'начал', 'заселяться', '2014', 'года', 'все', 'это', 'время', 'пешеходы', 'должны', 'обходить', 'машины', 'либо', 'газону', 'либо', 'проезжей', 'части', 'связи', 'этим', 'настоятельно', 'прошу', 'вас', 'начала', 'реконструокции', 'южного', 'шоссе', 'дать', 'указание', 'гибдд', 'установить', 'знаки', 'запрещающие', 'стоянку', 'автомобилей', 'данном', 'месте', 'балкина', 'нина', 'анатольевна', 'проживающая', 'адресу', 'южное', 'шоссе', '55', '1', '30', '72', 'года', 'пенсионер', 'ветеран', 'труда']","['губернатор', 'начинать', 'декабрь', 'прошлое', 'год', 'неоднократно', 'обращаться', 'просьба', 'ликвидировать', 'стихийный', 'автопарковка', 'преграждать', 'дорога', 'пешеход', 'тротуар', 'южный', 'шоссе', 'около', 'дом', 'магазин', 'дикси', 'сотрудник', 'ваш', 'приёмный', 'мой', 'переправлять', 'различный', 'инстанция', 'который', 'мнение', 'должный', 'решить', 'проблема', 'сожаление', 'один', 'они', 'проблема', 'решить', 'настоящий', 'прилагать', 'комитет', 'развитие', 'транспортный', 'инфраструктура', 'который', 'говориться', '2022', 'год', 'завершить', 'проектный', 'работа', 'реконструкция', 'южный', 'шоссе', 'начаться', 'одобрить', 'проект', 'значит', 'парковка', 'препятствовать', 'передвижение', 'пешеход', 'долгий', 'время', 'софия', 'начать', 'заселяться', '2014', 'год', 'время', 'пешеход', 'должный', 'обходить', 'машина', 'либо', 'газон', 'либо', 'проезжий', 'часть', 'связь', 'настоятельно', 'начало', 'реконструокция', 'южный', 'шоссе', 'дать', 'указание', 'гибдд', 'установить', 'знак', 'запрещать', 'стоянка', 'автомобиль', 'данный', 'место', 'балкина', 'нина', 'анатолиевич', 'проживать', 'адрес', 'южный', 'шоссе', 'год', 'пенсионер', 'ветеран', 'труд']",губернатор начинать декабрь прошлое год неоднократно обращаться просьба ликвидировать стихийный автопарковка преграждать дорога пешеход тротуар южный шоссе около дом магазин дикси сотрудник ваш приёмный мой переправлять различный инстанция который мнение должный решить проблема сожаление один они проблема решить настоящий прилагать комитет развитие транспортный инфраструктура который говориться 2022 год завершить проектный работа реконструкция южный шоссе начаться одобрить проект значит парковка препятствовать передвижение пешеход долгий время софия начать заселяться 2014 год время пешеход должный обходить машина либо газон либо проезжий часть связь настоятельно начало реконструокция южный шоссе дать указание гибдд установить знак запрещать стоянка автомобиль данный место балкина нина анатолиевич проживать адрес южный шоссе год пенсионер ветеран труд,1132,0.1,False,2022-02-23,шоссе около дома 55/1,Дороги,Текст,Дата создания,,Направление
209,Общественный транспорт,2022-02-23,"[club187956888|Комитет по транспорту], и вот интересно чем же заменят маршрутку 289? Они отходят каждые 15 минут, а автобуса любого ждать не меньше 25..и ехать на ней 30 минут, а на автобусе от кольца до кольца трястись час??? И так Пискаревка без метро и без всяких перспектив на него, так ещё и удобные всем маршрутки отменяете. Провели бы опрос населения, хотим мы или нет.",appeal_000209,"[club187956888|Комитет по транспорту], и вот интересно чем же заменят маршрутку 289? Они отходят каждые 15 минут, а автобуса любого ждать не меньше 25..и ехать на ней 30 минут, а на автобусе от кольца до кольца трястись час??? И так Пискаревка без метро и без всяких перспектив на него, так ещё и удобные всем маршрутки отменяете. Провели бы опрос населения, хотим мы или нет.","club187956888 Комитет по транспорту , и вот интересно чем же заменят маршрутку 289? Они отходят каждые 15 минут, а автобуса любого ждать не меньше 25..и ехать на ней 30 минут, а на автобусе от кольца до кольца трястись час??? И так Пискаревка без метро и без всяких перспектив на него, так еще и удобные всем маршрутки отменяете. Провели бы опрос населения, хотим мы или нет.","['club', '187956888', 'комитет', 'транспорту', 'вот', 'интересно', 'чем', 'заменят', 'маршрутку', '289', 'они', 'отходят', 'каждые', '15', 'минут', 'автобуса', 'любого', 'ждать', 'меньше', '25', 'ехать', 'ней', '30', 'минут', 'автобусе', 'кольца', 'кольца', 'трястись', 'час', 'так', 'пискаревка', 'без', 'метро', 'без', 'всяких', 'перспектив', 'него', 'так', 'еще', 'удобные', 'всем', 'маршрутки', 'отменяете', 'провели', 'опрос', 'населения', 'хотим', 'или', 'нет']","['club', '187956888', 'комитет', 'транспорт', 'интересно', 'чем', 'заменить', 'маршрутка', '289', 'они', 'отходить', 'каждый', 'минута', 'автобус', 'любой', 'ждать', 'маленький', 'ехать', 'минута', 'автобус', 'кольцо', 'кольцо', 'трястись', 'час', 'пискаревка', 'метро', 'всякий', 'перспектива', 'удобный', 'весь', 'маршрутка', 'отменять', 'провести', 'опрос', 'население', 'хотеть']",club 187956888 комитет транспорт интересно чем заменить маршрутка 289 они отходить каждый минута автобус любой ждать маленький ехать минута автобус кольцо кольцо трястись час пискаревка метро всякий перспектива удобный весь маршрутка отменять провести опрос население хотеть,375,0.0,False,2022-02-23,же заменят маршрутку 289,Общественный транспорт,Текст,Дата создания,,Направление
210,Здравоохранение/Медицина,2022-02-23,"Здравствуйте! Помогите в сложившейся ситуации. Колпино. Бульвар трудящихся, 25.<br>Тел. 89213717581 Ольга Михайловна.<br>Мама после онкологической операции. Операция была проведена в городе. Для реабилитации направлена в Колпино по месту жительства. По обращению в 95 поликлинику было обращение к терапевту, тот отправил к хирургу. Везде было отказано в помощи. Аргумент: мы не берём на себя ответственность.<br>Позже обратились в 71 поликлинику, где тоже отказали. Завтра вынуждены ехать в городскую больницу.<br>Что нам делать? Помогите.",appeal_000210,"Здравствуйте! Помогите в сложившейся ситуации. Колпино. Бульвар трудящихся, 25.<br>Тел. 89213717581 Ольга Михайловна.<br>Мама после онкологической операции. Операция была проведена в городе. Для реабилитации направлена в Колпино по месту жительства. По обращению в 95 поликлинику было обращение к терапевту, тот отправил к хирургу. Везде было отказано в помощи. Аргумент: мы не берём на себя ответственность.<br>Позже обратились в 71 поликлинику, где тоже отказали. Завтра вынуждены ехать в городскую больницу.<br>Что нам делать? Помогите.","Здравствуйте! Помогите в сложившейся ситуации. Колпино. Бульвар трудящихся, 25. Тел. 89213717581 Ольга Михайловна. Мама после онкологической операции. Операция была проведена в городе. Для реабилитации направлена в Колпино по месту жительства. По обращению в 95 поликлинику было обращение к терапевту, тот отправил к хирургу. Везде было отказано в помощи. Аргумент: мы не берем на себя ответственность. Позже обратились в 71 поликлинику, где тоже отказали. Завтра вынуждены ехать в городскую больницу. Что нам делать? Помогите.","['здравствуйте', 'помогите', 'сложившейся', 'ситуации', 'колпино', 'бульвар', 'трудящихся', '25', 'тел', '89213717581', 'ольга', 'михайловна', 'мама', 'после', 'онкологической', 'операции', 'операция', 'была', 'проведена', 'городе', 'для', 'реабилитации', 'направлена', 'колпино', 'месту', 'жительства', 'обращению', '95', 'поликлинику', 'было', 'обращение', 'терапевту', 'тот', 'отправил', 'хирургу', 'везде', 'было', 'отказано', 'помощи', 'аргумент', 'берем', 'себя', 'ответственность', 'позже', 'обратились', '71', 'поликлинику', 'где', 'тоже', 'отказали', 'завтра', 'вынуждены', 'ехать', 'городскую', 'больницу', 'что', 'нам', 'делать', 'помогите']","['помочь', 'сложиться', 'ситуация', 'колпино', 'бульвар', 'трудящийся', 'тело', '89213717581', 'ольга', 'михаилович', 'мама', 'после', 'онкологический', 'операция', 'операция', 'провести', 'реабилитация', 'направить', 'колпино', 'место', 'жительство', 'поликлиника', 'терапевт', 'тот', 'отправить', 'хирург', 'везде', 'отказать', 'помощь', 'аргумент', 'брать', 'себя', 'ответственность', 'поздний', 'обратиться', 'поликлиника', 'где', 'тоже', 'отказать', 'завтра', 'вынудить', 'ехать', 'городской', 'больница', 'делать', 'помочь']",помочь сложиться ситуация колпино бульвар трудящийся тело 89213717581 ольга михаилович мама после онкологический операция операция провести реабилитация направить колпино место жительство поликлиника терапевт тот отправить хирург везде отказать помощь аргумент брать себя ответственность поздний обратиться поликлиника где тоже отказать завтра вынудить ехать городской больница делать помочь,527,0.1,False,2022-02-23,По обращению в 95,Здравоохранение/Медицина,Текст,Дата создания,,Направление
211,Благоустройство,2022-02-23,"Территория м. Приморская, кто должен следить за чистотой и соблюдением прав пешеходов? Ларьки на колесах, ободранные столы, проход к Наличной по ямам, газетные ларьки разрисованы, огромный стол с носками. Туалет у дороги. .. Это СПб? Это Васильевский остров?? А мусор зимой и летом... ХХ1 век? 30 лет для жизни людей- много!! Перекрёсток Малый/Наличная стоянку организовали, вечная грязь, никогда не убирают. Гаревые территории, не газоны, но огородили, чтоб машины не стояли и люди не ходили. Теперь люди вдоль лесенок по грязи, окуркам, по льду или по глубоким лужам перебирают ногами по Малому от Беринга до Наличной. Рядом со стоматологией (Наличная27) к остановке глубокая лужища, или по тропе по вспаханной регулярно земле, идем, или далеко вокруг. Может инспектировать пешком территорию надо с депутатами. Как падишах, который скрытно обходил свою империю, не для фотообоев в инстаграммы, для представления о жизни низших.",appeal_000211,"Территория м. Приморская, кто должен следить за чистотой и соблюдением прав пешеходов? Ларьки на колесах, ободранные столы, проход к Наличной по ямам, газетные ларьки разрисованы, огромный стол с носками. Туалет у дороги. .. Это СПб? Это Васильевский остров?? А мусор зимой и летом... ХХ1 век? 30 лет для жизни людей- много!! Перекрёсток Малый/Наличная стоянку организовали, вечная грязь, никогда не убирают. Гаревые территории, не газоны, но огородили, чтоб машины не стояли и люди не ходили. Теперь люди вдоль лесенок по грязи, окуркам, по льду или по глубоким лужам перебирают ногами по Малому от Беринга до Наличной. Рядом со стоматологией (Наличная27) к остановке глубокая лужища, или по тропе по вспаханной регулярно земле, идем, или далеко вокруг. Может инспектировать пешком территорию надо с депутатами. Как падишах, который скрытно обходил свою империю, не для фотообоев в инстаграммы, для представления о жизни низших.","Территория м. Приморская, кто должен следить за чистотой и соблюдением прав пешеходов? Ларьки на колесах, ободранные столы, проход к Наличной по ямам, газетные ларьки разрисованы, огромный стол с носками. Туалет у дороги. .. Это СПб? Это Васильевский остров?? А мусор зимой и летом... ХХ1 век? 30 лет для жизни людей- много!! Перекресток Малый/Наличная стоянку организовали, вечная грязь, никогда не убирают. Гаревые территории, не газоны, но огородили, чтоб машины не стояли и люди не ходили. Теперь люди вдоль лесенок по грязи, окуркам, по льду или по глубоким лужам перебирают ногами по Малому от Беринга до Наличной. Рядом со стоматологией Наличная27 к остановке глубокая лужища, или по тропе по вспаханной регулярно земле, идем, или далеко вокруг. Может инспектировать пешком территорию надо с депутатами. Как падишах, который скрытно обходил свою империю, не для фотообоев в инстаграммы, для представления о жизни низших.","['территория', 'приморская', 'кто', 'должен', 'следить', 'чистотой', 'соблюдением', 'прав', 'пешеходов', 'ларьки', 'колесах', 'ободранные', 'столы', 'проход', 'наличной', 'ямам', 'газетные', 'ларьки', 'разрисованы', 'огромный', 'стол', 'носками', 'туалет', 'дороги', 'это', 'спб', 'это', 'васильевский', 'остров', 'мусор', 'зимой', 'летом', '1', 'век', '30', 'лет', 'для', 'жизни', 'людей-', 'много', 'перекресток', 'малый', 'наличная', 'стоянку', 'организовали', 'вечная', 'грязь', 'никогда', 'убирают', 'гаревые', 'территории', 'газоны', 'огородили', 'чтоб', 'машины', 'стояли', 'люди', 'ходили', 'теперь', 'люди', 'вдоль', 'лесенок', 'грязи', 'окуркам', 'льду', 'или', 'глубоким', 'лужам', 'перебирают', 'ногами', 'малому', 'беринга', 'наличной', 'рядом', 'стоматологией', 'наличная', '27', 'остановке', 'глубокая', 'лужища', 'или', 'тропе', 'вспаханной', 'регулярно', 'земле', 'идем', 'или', 'далеко', 'вокруг', 'может', 'инспектировать', 'пешком', 'территорию', 'надо', 'депутатами', 'как', 'падишах', 'который', 'скрытно', 'обходил', 'свою', 'империю', 'для', 'фотообоев', 'инстаграммы', 'для', 'представления', 'жизни', 'низших']","['территория', 'приморский', 'кто', 'должный', 'следить', 'чистота', 'соблюдение', 'право', 'пешеход', 'ларёк', 'колесо', 'ободрать', 'стол', 'проход', 'наличный', 'яма', 'газетный', 'ларёк', 'разрисовать', 'огромный', 'стол', 'носок', 'туалет', 'дорога', 'спб', 'васильевский', 'остров', 'мусор', 'зимой', 'лето', 'век', 'год', 'жизнь', 'людей-', 'много', 'перекрёсток', 'малый', 'наличный', 'стоянка', 'организовать', 'вечный', 'грязь', 'никогда', 'убирать', 'гаревый', 'территория', 'газон', 'огородить', 'чтоб', 'машина', 'стоять', 'человек', 'ходить', 'человек', 'вдоль', 'лесенка', 'грязь', 'окурок', 'лёд', 'глубокий', 'лужа', 'перебирать', 'нога', 'малый', 'беринг', 'наличный', 'рядом', 'стоматология', 'наличный', 'остановка', 'глубокий', 'лужискать', 'тропа', 'вспахать', 'регулярно', 'земля', 'идти', 'далеко', 'вокруг', 'мочь', 'инспектировать', 'пешком', 'территория', 'надо', 'депутат', 'падишах', 'который', 'скрытно', 'обходить', 'свой', 'империя', 'фотообои', 'инстаграмм', 'представление', 'жизнь', 'низкий']",территория приморский кто должный следить чистота соблюдение право пешеход ларёк колесо ободрать стол проход наличный яма газетный ларёк разрисовать огромный стол носок туалет дорога спб васильевский остров мусор зимой лето век год жизнь людей- много перекрёсток малый наличный стоянка организовать вечный грязь никогда убирать гаревый территория газон огородить чтоб машина стоять человек ходить человек вдоль лесенка грязь окурок лёд глубокий лужа перебирать нога малый беринг наличный рядом стоматология наличный остановка глубокий лужискать тропа вспахать регулярно земля идти далеко вокруг мочь инспектировать пешком территория надо депутат падишах который скрытно обходить свой империя фотообои инстаграмм представление жизнь низкий,927,0.2,False,2022-02-23,,Благоустройство,Текст,Дата создания,,Направление
212,Дороги,2022-02-23,"> ['Петербуржцы бьют тревогу и жалуются на заваленные снегом и льдом газоны❄ \n \nАктивисты также находят ситуацию тревожной, опасаясь за жизнь деревьев и кустарников. \n \nНо власти говорят, что угрозы для растений нет (потому что дворы «практически не обрабатывались противогололедными материалами»). \n \nА как думаете вы, есть ли причины для опасений?']",appeal_000212,"> ['Петербуржцы бьют тревогу и жалуются на заваленные снегом и льдом газоны❄ \n \nАктивисты также находят ситуацию тревожной, опасаясь за жизнь деревьев и кустарников. \n \nНо власти говорят, что угрозы для растений нет (потому что дворы «практически не обрабатывались противогололедными материалами»). \n \nА как думаете вы, есть ли причины для опасений?']","Петербуржцы бьют тревогу и жалуются на заваленные снегом и льдом газоны n nАктивисты также находят ситуацию тревожной, опасаясь за жизнь деревьев и кустарников. n nНо власти говорят, что угрозы для растений нет потому что дворы практически не обрабатывались противогололедными материалами . n nА как думаете вы, есть ли причины для опасений?","['петербуржцы', 'бьют', 'тревогу', 'жалуются', 'заваленные', 'снегом', 'льдом', 'газоны', 'nактивисты', 'также', 'находят', 'ситуацию', 'тревожной', 'опасаясь', 'жизнь', 'деревьев', 'кустарников', 'nно', 'власти', 'говорят', 'что', 'угрозы', 'для', 'растений', 'нет', 'потому', 'что', 'дворы', 'практически', 'обрабатывались', 'противогололедными', 'материалами', 'как', 'думаете', 'есть', 'причины', 'для', 'опасений']","['петербуржец', 'бить', 'тревога', 'жаловаться', 'завалить', 'снег', 'лёд', 'газон', 'nактивист', 'также', 'находить', 'ситуация', 'тревожный', 'опасаться', 'жизнь', 'дерево', 'кустарник', 'nно', 'власть', 'говорить', 'угроза', 'растение', 'потому', 'двор', 'практически', 'обрабатываться', 'противогололёдный', 'материал', 'думать', 'есть', 'причина', 'опасение']",петербуржец бить тревога жаловаться завалить снег лёд газон nактивист также находить ситуация тревожный опасаться жизнь дерево кустарник nно власть говорить угроза растение потому двор практически обрабатываться противогололёдный материал думать есть причина опасение,341,0.0,False,2022-02-23,,Дороги,Текст,Дата создания,,Направление
213,Улучшение жилищных условий,2022-02-23,Добрый вечер. С праздником вас. В Горжилобмене не берут трубку. . Я могу узнать статус своей субсидии? Мне ее одобрили несколько лет назад. Но так и не дали. Пришло смс из Горжилобмена что одобрена!,appeal_000213,Добрый вечер. С праздником вас. В Горжилобмене не берут трубку. . Я могу узнать статус своей субсидии? Мне ее одобрили несколько лет назад. Но так и не дали. Пришло смс из Горжилобмена что одобрена!,Добрый вечер. С праздником вас. В Горжилобмене не берут трубку. . Я могу узнать статус своей субсидии? Мне ее одобрили несколько лет назад. Но так и не дали. Пришло смс из Горжилобмена что одобрена!,"['добрый', 'вечер', 'праздником', 'вас', 'горжилобмене', 'берут', 'трубку', 'могу', 'узнать', 'статус', 'своей', 'субсидии', 'мне', 'одобрили', 'несколько', 'лет', 'назад', 'так', 'дали', 'пришло', 'смс', 'горжилобмена', 'что', 'одобрена']","['вечер', 'праздник', 'горжилобмен', 'брать', 'трубка', 'мочь', 'узнать', 'статус', 'свой', 'субсидия', 'одобрить', 'несколько', 'год', 'назад', 'дать', 'прийти', 'смс', 'горжилобмен', 'одобрить']",вечер праздник горжилобмен брать трубка мочь узнать статус свой субсидия одобрить несколько год назад дать прийти смс горжилобмен одобрить,198,0.1,False,2022-02-23,,Улучшение жилищных условий,Текст,Дата создания,,Направление
214,ЖКХ,2022-02-23,"Добрый день.Снова обращаюсь к вам за помощью.Я подавала электронное заявление в ГКУ ЖА Невского района а также в администрацию Невского района по поводу проблемного соседа,но до сих пор нет ответа!Пожалуйста помогите в этом вопросе.Человек живет на гос.собственности с пропиской.Мать на которой соц найм умерла и он не предоставил документы в администрацию..коммуналка в долгах свыше 500 тысяч приходят на имя матери,не платит ни за свет ни за газ,как вы такое допускаете? Я с ребенком на инвалидности должна слушать его пьянство и убираться за ним,места об.пользования в антисанитарии?Вызывали полицию не раз.Полагающуюся субсидию мне не сделать так как есть задолженность а платит за него я не хочу.))",appeal_000214,"Добрый день.Снова обращаюсь к вам за помощью.Я подавала электронное заявление в ГКУ ЖА Невского района а также в администрацию Невского района по поводу проблемного соседа,но до сих пор нет ответа!Пожалуйста помогите в этом вопросе.Человек живет на гос.собственности с пропиской.Мать на которой соц найм умерла и он не предоставил документы в администрацию..коммуналка в долгах свыше 500 тысяч приходят на имя матери,не платит ни за свет ни за газ,как вы такое допускаете? Я с ребенком на инвалидности должна слушать его пьянство и убираться за ним,места об.пользования в антисанитарии?Вызывали полицию не раз.Полагающуюся субсидию мне не сделать так как есть задолженность а платит за него я не хочу.))","Добрый день.Снова обращаюсь к вам за помощью.Я подавала электронное заявление в ГКУ ЖА Невского района а также в администрацию Невского района по поводу проблемного соседа,но до сих пор нет ответа!Пожалуйста помогите в этом вопросе.Человек живет на гос.собственности с пропиской.Мать на которой соц найм умерла и он не предоставил документы в администрацию..коммуналка в долгах свыше 500 тысяч приходят на имя матери,не платит ни за свет ни за газ,как вы такое допускаете? Я с ребенком на инвалидности должна слушать его пьянство и убираться за ним,места об.пользования в антисанитарии?Вызывали полицию не раз.Полагающуюся субсидию мне не сделать так как есть задолженность а платит за него я не хочу.","['добрый', 'день', 'снова', 'обращаюсь', 'вам', 'помощью', 'подавала', 'электронное', 'заявление', 'гку', 'невского', 'района', 'также', 'администрацию', 'невского', 'района', 'поводу', 'проблемного', 'соседа', 'сих', 'пор', 'нет', 'ответа', 'пожалуйста', 'помогите', 'этом', 'вопросе', 'человек', 'живет', 'гос', 'собственности', 'пропиской', 'мать', 'которой', 'соц', 'найм', 'умерла', 'предоставил', 'документы', 'администрацию', 'коммуналка', 'долгах', 'свыше', '500', 'тысяч', 'приходят', 'имя', 'матери', 'платит', 'свет', 'газ', 'как', 'такое', 'допускаете', 'ребенком', 'инвалидности', 'должна', 'слушать', 'его', 'пьянство', 'убираться', 'ним', 'места', 'пользования', 'антисанитарии', 'вызывали', 'полицию', 'раз', 'полагающуюся', 'субсидию', 'мне', 'сделать', 'так', 'как', 'есть', 'задолженность', 'платит', 'него', 'хочу']","['снова', 'обращаться', 'помощь', 'подавать', 'электронный', 'заявление', 'гку', 'невский', 'также', 'невский', 'повод', 'проблемный', 'сосед', 'сей', 'пора', 'пожалуйста', 'помочь', 'человек', 'жить', 'гос', 'собственность', 'прописка', 'мать', 'который', 'соц', 'наём', 'умереть', 'предоставить', 'документ', 'коммуналка', 'долг', 'свыше', '500', 'тысяча', 'приходить', 'имя', 'мать', 'платить', 'свет', 'газ', 'такой', 'допускать', 'ребёнок', 'инвалидность', 'должный', 'слушать', 'пьянство', 'убираться', 'они', 'место', 'пользование', 'антисанитария', 'вызывать', 'полиция', 'раз', 'полагаться', 'субсидия', 'сделать', 'есть', 'задолженность', 'платить', 'хотеть']",снова обращаться помощь подавать электронный заявление гку невский также невский повод проблемный сосед сей пора пожалуйста помочь человек жить гос собственность прописка мать который соц наём умереть предоставить документ коммуналка долг свыше 500 тысяча приходить имя мать платить свет газ такой допускать ребёнок инвалидность должный слушать пьянство убираться они место пользование антисанитария вызывать полиция раз полагаться субсидия сделать есть задолженность платить хотеть,701,0.1,False,2022-02-23,долгах свыше 500,ЖКХ,Текст,Дата создания,,Направление
215,Общественный транспорт,2022-02-23,"Здравствуйте, уважаемый Александр Дмитриевич. По поводу транспортной реформы и изменению маршрутной сети. Я посмотрел планы, там числится отмена коммерческого маршрута К-76. В пояснениях указывается дублирование его автобусами 1 и 46, а так же коммерческим маршрутом К-127 (после реформы 227). Вот тут пояснение. Отменяемый К-76 не является полным дублёром вышеуказанных маршрутов. Автобусы 1 и 46 имеют конечную остановку у ст.м. Чёрная речка, а нынешний К-76 идёт дальше через Богатырский пр., ст.м. Комендантский пр. и далее через весь Комендантский пр., обеспечивая связь большого района с центром города, чего не обеспечивают маршруты 1 и 46. Новый же маршрут 227 во-первых идёт через пр. Королёва, не захватывая Богатырский пр., Серебристый бульвар, а так же основную часть Комендантского проспекта. А во-вторых, маршрут 227 не идёт в центр города (ст. м. Чернышевская, как нынешний маршрут К-76). В итоге, мы теряем адекватную связь большой части Приморского района с центром. Просьба обратить на это внимание и продумать этот аспект. Из возможных вариантов - продление маршрута 46 хотя бы по малому кольцу (ст.м. Чёрная речка, далее по Богатырскому пр., Серебристый бульвар, пр. Испытателей, обратно ст.м Чёрная речка).",appeal_000215,"Здравствуйте, уважаемый Александр Дмитриевич. По поводу транспортной реформы и изменению маршрутной сети. Я посмотрел планы, там числится отмена коммерческого маршрута К-76. В пояснениях указывается дублирование его автобусами 1 и 46, а так же коммерческим маршрутом К-127 (после реформы 227). Вот тут пояснение. Отменяемый К-76 не является полным дублёром вышеуказанных маршрутов. Автобусы 1 и 46 имеют конечную остановку у ст.м. Чёрная речка, а нынешний К-76 идёт дальше через Богатырский пр., ст.м. Комендантский пр. и далее через весь Комендантский пр., обеспечивая связь большого района с центром города, чего не обеспечивают маршруты 1 и 46. Новый же маршрут 227 во-первых идёт через пр. Королёва, не захватывая Богатырский пр., Серебристый бульвар, а так же основную часть Комендантского проспекта. А во-вторых, маршрут 227 не идёт в центр города (ст. м. Чернышевская, как нынешний маршрут К-76). В итоге, мы теряем адекватную связь большой части Приморского района с центром. Просьба обратить на это внимание и продумать этот аспект. Из возможных вариантов - продление маршрута 46 хотя бы по малому кольцу (ст.м. Чёрная речка, далее по Богатырскому пр., Серебристый бульвар, пр. Испытателей, обратно ст.м Чёрная речка).","Здравствуйте, уважаемый Александр Дмитриевич. По поводу транспортной реформы и изменению маршрутной сети. Я посмотрел планы, там числится отмена коммерческого маршрута К-76. В пояснениях указывается дублирование его автобусами 1 и 46, а так же коммерческим маршрутом К-127 после реформы 227 . Вот тут пояснение. Отменяемый К-76 не является полным дублером вышеуказанных маршрутов. Автобусы 1 и 46 имеют конечную остановку у ст.м. Черная речка, а нынешний К-76 идет дальше через Богатырский пр., ст.м. Комендантский пр. и далее через весь Комендантский пр., обеспечивая связь большого района с центром города, чего не обеспечивают маршруты 1 и 46. Новый же маршрут 227 во-первых идет через пр. Королева, не захватывая Богатырский пр., Серебристый бульвар, а так же основную часть Комендантского проспекта. А во-вторых, маршрут 227 не идет в центр города ст. м. Чернышевская, как нынешний маршрут К-76 . В итоге, мы теряем адекватную связь большой части Приморского района с центром. Просьба обратить на это внимание и продумать этот аспект. Из возможных вариантов - продление маршрута 46 хотя бы по малому кольцу ст.м. Черная речка, далее по Богатырскому пр., Серебристый бульвар, пр. Испытателей, обратно ст.м Черная речка .","['здравствуйте', 'уважаемый', 'александр', 'дмитриевич', 'поводу', 'транспортной', 'реформы', 'изменению', 'маршрутной', 'сети', 'посмотрел', 'планы', 'там', 'числится', 'отмена', 'коммерческого', 'маршрута', '76', 'пояснениях', 'указывается', 'дублирование', 'его', 'автобусами', '1', '46', 'так', 'коммерческим', 'маршрутом', '127', 'после', 'реформы', '227', 'вот', 'тут', 'пояснение', 'отменяемый', '76', 'является', 'полным', 'дублером', 'вышеуказанных', 'маршрутов', 'автобусы', '1', '46', 'имеют', 'конечную', 'остановку', 'черная', 'речка', 'нынешний', '76', 'идет', 'дальше', 'через', 'богатырский', 'комендантский', 'далее', 'через', 'весь', 'комендантский', 'обеспечивая', 'связь', 'большого', 'района', 'центром', 'города', 'чего', 'обеспечивают', 'маршруты', '1', '46', 'новый', 'маршрут', '227', 'во-первых', 'идет', 'через', 'королева', 'захватывая', 'богатырский', 'серебристый', 'бульвар', 'так', 'основную', 'часть', 'комендантского', 'проспекта', 'во-вторых', 'маршрут', '227', 'идет', 'центр', 'города', 'чернышевская', 'как', 'нынешний', 'маршрут', '76', 'итоге', 'теряем', 'адекватную', 'связь', 'большой', 'части', 'приморского', 'района', 'центром', 'просьба', 'обратить', 'это', 'внимание', 'продумать', 'этот', 'аспект', 'возможных', 'вариантов', 'продление', 'маршрута', '46', 'хотя', 'малому', 'кольцу', 'черная', 'речка', 'далее', 'богатырскому', 'серебристый', 'бульвар', 'испытателей', 'обратно', 'черная', 'речка']","['уважаемый', 'александр', 'дмитриевич', 'повод', 'транспортный', 'реформа', 'изменение', 'маршрутный', 'сеть', 'посмотреть', 'план', 'там', 'числиться', 'отмена', 'коммерческий', 'маршрут', 'пояснение', 'указываться', 'дублирование', 'автобус', 'коммерческий', 'маршрут', '127', 'после', 'реформа', '227', 'тут', 'пояснение', 'отменять', 'являться', 'полный', 'дублёр', 'вышеуказанный', 'маршрут', 'автобус', 'иметь', 'конечный', 'остановка', 'чёрный', 'речка', 'нынешний', 'идти', 'далёкий', 'через', 'богатырский', 'комендантский', 'далее', 'через', 'весь', 'комендантский', 'обеспечивать', 'связь', 'большой', 'центр', 'обеспечивать', 'маршрут', 'новый', 'маршрут', '227', 'во-первых', 'идти', 'через', 'королева', 'захватывать', 'богатырский', 'серебристый', 'бульвар', 'основный', 'часть', 'комендантский', 'проспект', 'во-вторых', 'маршрут', '227', 'идти', 'центр', 'чернышевский', 'нынешний', 'маршрут', 'итог', 'терять', 'адекватный', 'связь', 'большой', 'часть', 'приморский', 'центр', 'просьба', 'обратить', 'внимание', 'продумать', 'аспект', 'возможный', 'вариант', 'продление', 'маршрут', 'хотя', 'малый', 'кольцо', 'чёрный', 'речка', 'далее', 'богатырский', 'серебристый', 'бульвар', 'испытатель', 'обратно', 'чёрный', 'речка']",уважаемый александр дмитриевич повод транспортный реформа изменение маршрутный сеть посмотреть план там числиться отмена коммерческий маршрут пояснение указываться дублирование автобус коммерческий маршрут 127 после реформа 227 тут пояснение отменять являться полный дублёр вышеуказанный маршрут автобус иметь конечный остановка чёрный речка нынешний идти далёкий через богатырский комендантский далее через весь комендантский обеспечивать связь большой центр обеспечивать маршрут новый маршрут 227 во-первых идти через королева захватывать богатырский серебристый бульвар основный часть комендантский проспект во-вторых маршрут 227 идти центр чернышевский нынешний маршрут итог терять адекватный связь большой часть приморский центр просьба обратить внимание продумать аспект возможный вариант продление маршрут хотя малый кольцо чёрный речка далее богатырский серебристый бульвар испытатель обратно чёрный речка,1224,0.0,False,2022-02-23,дублирование его автобусами 1,Общественный транспорт,Текст,Дата создания,,Направление
216,Мусор/Свалки/ТКО,2022-02-23,Неуважаемый! Когда в городе порядок наведение? Превратил Питер в помойку.,appeal_000216,Неуважаемый! Когда в городе порядок наведение? Превратил Питер в помойку.,Неуважаемый! Когда в городе порядок наведение? Превратил Питер в помойку.,"['неуважаемый', 'когда', 'городе', 'порядок', 'наведение', 'превратил', 'питер', 'помойку']","['неуважаемый', 'порядок', 'наведение', 'превратить', 'питер', 'помойка']",неуважаемый порядок наведение превратить питер помойка,73,0.1,False,2022-02-23,,Мусор/Свалки/ТКО,Текст,Дата создания,,Направление
217,Благоустройство,2022-02-23,Здравствуйте! Когда планируется очистка от снега в сквере им.Кучиева(Кап.3)?,appeal_000217,Здравствуйте! Когда планируется очистка от снега в сквере им.Кучиева(Кап.3)?,Здравствуйте! Когда планируется очистка от снега в сквере им.Кучиева Кап.3 ?,"['здравствуйте', 'когда', 'планируется', 'очистка', 'снега', 'сквере', 'кучиева', 'кап', '3']","['планироваться', 'очистка', 'снег', 'сквер', 'кучиева', 'кап']",планироваться очистка снег сквер кучиева кап,76,0.1,False,2022-02-23,,Благоустройство,Текст,Дата создания,,Направление
218,Мусор/Свалки/ТКО,2022-02-23,Когда много лесов Ленинградской области. Можно гадить ...гадить и гадить. Народ все молчит и терпит.,appeal_000218,Когда много лесов Ленинградской области. Можно гадить ...гадить и гадить. Народ все молчит и терпит.,Когда много лесов Ленинградской области. Можно гадить ...гадить и гадить. Народ все молчит и терпит.,"['когда', 'много', 'лесов', 'ленинградской', 'области', 'можно', 'гадить', 'гадить', 'гадить', 'народ', 'все', 'молчит', 'терпит']","['много', 'лес', 'ленинградский', 'область', 'можно', 'гадить', 'гадить', 'гадить', 'народ', 'молчать', 'терпеть']",много лес ленинградский область можно гадить гадить гадить народ молчать терпеть,100,0.0,False,2022-02-23,,Мусор/Свалки/ТКО,Текст,Дата создания,,Направление
219,ЦУР,2022-02-23,"Добрый вечер! Жильцы дома 9 по ул. Замшина поняли одно — жаловаться в Правительство и ждать , что будет наведен порядок, бесполезная трата времени. Будем ждать ответ из Москвы ,пригласим ТВ и прессу. 18.02. обратился к вам. Пришла отписка. Воду откачали. А дальше что ? Она снова здесь. И каждый день так. Специалистов уже нет ? И совести тоже нет. Каток у дома. Как же надо ненавидеть людей, налогоплательщиков и избирателей !! Или это саботаж? И все делается целенаправленно? Если люди пишут вам , а результатов нет ?Как людям пройти у дома по такому катку?В ЖЭК 3 Калининского района писали....бесполезно.",appeal_000219,"Добрый вечер! Жильцы дома 9 по ул. Замшина поняли одно — жаловаться в Правительство и ждать , что будет наведен порядок, бесполезная трата времени. Будем ждать ответ из Москвы ,пригласим ТВ и прессу. 18.02. обратился к вам. Пришла отписка. Воду откачали. А дальше что ? Она снова здесь. И каждый день так. Специалистов уже нет ? И совести тоже нет. Каток у дома. Как же надо ненавидеть людей, налогоплательщиков и избирателей !! Или это саботаж? И все делается целенаправленно? Если люди пишут вам , а результатов нет ?Как людям пройти у дома по такому катку?В ЖЭК 3 Калининского района писали....бесполезно.","Добрый вечер! Жильцы дома 9 по ул. Замшина поняли одно жаловаться в Правительство и ждать , что будет наведен порядок, бесполезная трата времени. Будем ждать ответ из Москвы ,пригласим ТВ и прессу. 18.02. обратился к вам. Пришла отписка. Воду откачали. А дальше что ? Она снова здесь. И каждый день так. Специалистов уже нет ? И совести тоже нет. Каток у дома. Как же надо ненавидеть людей, налогоплательщиков и избирателей !! Или это саботаж? И все делается целенаправленно? Если люди пишут вам , а результатов нет ?Как людям пройти у дома по такому катку?В ЖЭК 3 Калининского района писали....бесполезно.","['добрый', 'вечер', 'жильцы', 'дома', '9', 'замшина', 'поняли', 'одно', 'жаловаться', 'правительство', 'ждать', 'что', 'будет', 'наведен', 'порядок', 'бесполезная', 'трата', 'времени', 'будем', 'ждать', 'ответ', 'москвы', 'пригласим', 'прессу', '18', '02', 'обратился', 'вам', 'пришла', 'отписка', 'воду', 'откачали', 'дальше', 'что', 'она', 'снова', 'здесь', 'каждый', 'день', 'так', 'специалистов', 'уже', 'нет', 'совести', 'тоже', 'нет', 'каток', 'дома', 'как', 'надо', 'ненавидеть', 'людей', 'налогоплательщиков', 'избирателей', 'или', 'это', 'саботаж', 'все', 'делается', 'целенаправленно', 'если', 'люди', 'пишут', 'вам', 'результатов', 'нет', 'как', 'людям', 'пройти', 'дома', 'такому', 'катку', 'жэк', '3', 'калининского', 'района', 'писали', 'бесполезно']","['вечер', 'жилец', 'дом', 'замшина', 'понять', 'один', 'жаловаться', 'правительство', 'ждать', 'навести', 'порядок', 'бесполезный', 'трата', 'время', 'ждать', 'москва', 'пригласить', 'пресса', 'обратиться', 'прийти', 'отписка', 'вода', 'откачать', 'далёкий', 'снова', 'здесь', 'каждый', 'специалист', 'совесть', 'тоже', 'каток', 'дом', 'надо', 'ненавидеть', 'человек', 'налогоплательщик', 'избиратель', 'саботаж', 'делаться', 'целенаправленно', 'человек', 'писать', 'результат', 'человек', 'пройти', 'дом', 'такой', 'каток', 'жэк', 'калининский', 'писать', 'бесполезно']",вечер жилец дом замшина понять один жаловаться правительство ждать навести порядок бесполезный трата время ждать москва пригласить пресса обратиться прийти отписка вода откачать далёкий снова здесь каждый специалист совесть тоже каток дом надо ненавидеть человек налогоплательщик избиратель саботаж делаться целенаправленно человек писать результат человек пройти дом такой каток жэк калининский писать бесполезно,606,0.3,False,2022-02-23,Жильцы дома 9,ЦУР,Текст,Дата создания,,Направление
220,ЖКХ,2022-02-23,"Вот так выглядит моя квартира. https://youtube.com/watch?v=jVorcRIz6q0&feature=share<br>Как в ней жить? Составили акт осмотра. ПС взял 30 дней на устранение, но сразу предупредили, что будет продление и каменьщиков у них нет. Сколько мне ещё ждать своё жильё не понятно. Кто это будет исправлять?",appeal_000220,"Вот так выглядит моя квартира. https://youtube.com/watch?v=jVorcRIz6q0&feature=share<br>Как в ней жить? Составили акт осмотра. ПС взял 30 дней на устранение, но сразу предупредили, что будет продление и каменьщиков у них нет. Сколько мне ещё ждать своё жильё не понятно. Кто это будет исправлять?","Вот так выглядит моя квартира. Как в ней жить? Составили акт осмотра. ПС взял 30 дней на устранение, но сразу предупредили, что будет продление и каменьщиков у них нет. Сколько мне еще ждать свое жилье не понятно. Кто это будет исправлять?","['вот', 'так', 'выглядит', 'моя', 'квартира', 'как', 'ней', 'жить', 'составили', 'акт', 'осмотра', 'взял', '30', 'дней', 'устранение', 'сразу', 'предупредили', 'что', 'будет', 'продление', 'каменьщиков', 'них', 'нет', 'сколько', 'мне', 'еще', 'ждать', 'свое', 'жилье', 'понятно', 'кто', 'это', 'будет', 'исправлять']","['выглядеть', 'мой', 'квартира', 'жить', 'составить', 'акт', 'осмотр', 'взять', 'устранение', 'сразу', 'предупредить', 'продление', 'каменьщик', 'они', 'сколько', 'ждать', 'свой', 'жильё', 'понятно', 'кто', 'исправлять']",выглядеть мой квартира жить составить акт осмотр взять устранение сразу предупредить продление каменьщик они сколько ждать свой жильё понятно кто исправлять,239,0.0,False,2022-02-23,ПС взял 30,ЖКХ,Текст,Дата создания,,Направление
221,ЖКХ,2022-02-23,"Александр, добрый вечер!<br>С праздником!<br>У вас беда и ни кто не хочет решать. 12:03 заявка по телефону 6040000<br>в подвале прорвало трубку с горячей водой 15:15 повторно, решение проблемы ноль, никто ничего делать не хочет. Просьба разобраться в данной ситуации! ( В ДАННОМ ПОМЕЩЕНИИ ПРОЖИВАЮТ КОТЫ...245ст.)",appeal_000221,"Александр, добрый вечер!<br>С праздником!<br>У вас беда и ни кто не хочет решать. 12:03 заявка по телефону 6040000<br>в подвале прорвало трубку с горячей водой 15:15 повторно, решение проблемы ноль, никто ничего делать не хочет. Просьба разобраться в данной ситуации! ( В ДАННОМ ПОМЕЩЕНИИ ПРОЖИВАЮТ КОТЫ...245ст.)","Александр, добрый вечер! С праздником! У вас беда и ни кто не хочет решать. 12:03 заявка по телефону 6040000 в подвале прорвало трубку с горячей водой 15:15 повторно, решение проблемы ноль, никто ничего делать не хочет. Просьба разобраться в данной ситуации! В ДАННОМ ПОМЕЩЕНИИ ПРОЖИВАЮТ КОТЫ...245ст.","['александр', 'добрый', 'вечер', 'праздником', 'вас', 'беда', 'кто', 'хочет', 'решать', '12', '03', 'заявка', 'телефону', '6040000', 'подвале', 'прорвало', 'трубку', 'горячей', 'водой', '15', '15', 'повторно', 'решение', 'проблемы', 'ноль', 'никто', 'ничего', 'делать', 'хочет', 'просьба', 'разобраться', 'данной', 'ситуации', 'данном', 'помещении', 'проживают', 'коты', '245с']","['александр', 'вечер', 'праздник', 'беда', 'кто', 'хотеть', 'решать', 'заявка', 'телефон', '6040000', 'подвал', 'прорвать', 'трубка', 'горячий', 'вода', 'повторно', 'решение', 'проблема', 'ноль', 'никто', 'ничего', 'делать', 'хотеть', 'просьба', 'разобраться', 'дать', 'ситуация', 'данный', 'помещение', 'проживать', 'кот', '245с']",александр вечер праздник беда кто хотеть решать заявка телефон 6040000 подвал прорвать трубка горячий вода повторно решение проблема ноль никто ничего делать хотеть просьба разобраться дать ситуация данный помещение проживать кот 245с,301,0.3,False,2022-02-23,заявка по телефону 6040000,ЖКХ,Текст,Дата создания,,Направление
222,Улучшение жилищных условий,2022-02-23,Здравствуйте. Как к Вам можно записаться на приём по вопросу жилья?!,appeal_000222,Здравствуйте. Как к Вам можно записаться на приём по вопросу жилья?!,Здравствуйте. Как к Вам можно записаться на прием по вопросу жилья?!,"['здравствуйте', 'как', 'вам', 'можно', 'записаться', 'прием', 'вопросу', 'жилья']","['можно', 'записаться', 'приём', 'жильё']",можно записаться приём жильё,68,0.1,False,2022-02-23,,Улучшение жилищных условий,Текст,Дата создания,,Направление
223,Безопасность,2022-02-23,"Во Псковской полно брошенных домов ,пусть туда едут.",appeal_000223,"Во Псковской полно брошенных домов ,пусть туда едут.","Во Псковской полно брошенных домов ,пусть туда едут.","['псковской', 'полно', 'брошенных', 'домов', 'пусть', 'туда', 'едут']","['псковский', 'полно', 'бросить', 'дом', 'пусть', 'туда', 'ехать']",псковский полно бросить дом пусть туда ехать,52,0.0,False,2022-02-23,,Безопасность,Текст,Дата создания,,Направление
224,Благоустройство,2022-02-23,"Лучше бы сначала сами озёра почистили вместе с берегами, а потом уже к лету благоустраивали.",appeal_000224,"Лучше бы сначала сами озёра почистили вместе с берегами, а потом уже к лету благоустраивали.","Лучше бы сначала сами озера почистили вместе с берегами, а потом уже к лету благоустраивали.","['лучше', 'сначала', 'сами', 'озера', 'почистили', 'вместе', 'берегами', 'потом', 'уже', 'лету', 'благоустраивали']","['хороший', 'сначала', 'сам', 'озеро', 'почистить', 'вместе', 'берег', 'потом', 'лёт', 'благоустраивать']",хороший сначала сам озеро почистить вместе берег потом лёт благоустраивать,92,0.0,False,2022-02-23,,Благоустройство,Текст,Дата создания,,Направление
225,Коронавирус,2022-02-23,"Когда в Спб снимут ограничения по куар-кодам? Уже вся Россия сняла, мы последние?<br>Ау, товарищ губернатор, где результаты? Если их нет, а их нет, то почему не понятная бесполезная мера продолжает действовать?",appeal_000225,"Когда в Спб снимут ограничения по куар-кодам? Уже вся Россия сняла, мы последние?<br>Ау, товарищ губернатор, где результаты? Если их нет, а их нет, то почему не понятная бесполезная мера продолжает действовать?","Когда в Спб снимут ограничения по куар-кодам? Уже вся Россия сняла, мы последние? Ау, товарищ губернатор, где результаты? Если их нет, а их нет, то почему не понятная бесполезная мера продолжает действовать?","['когда', 'спб', 'снимут', 'ограничения', 'куар-кодам', 'уже', 'вся', 'россия', 'сняла', 'последние', 'товарищ', 'губернатор', 'где', 'результаты', 'если', 'нет', 'нет', 'почему', 'понятная', 'бесполезная', 'мера', 'продолжает', 'действовать']","['спб', 'снять', 'ограничение', 'куар-код', 'весь', 'россия', 'снять', 'последний', 'товарищ', 'губернатор', 'где', 'результат', 'почему', 'понятный', 'бесполезный', 'продолжать', 'действовать']",спб снять ограничение куар-код весь россия снять последний товарищ губернатор где результат почему понятный бесполезный продолжать действовать,207,0.0,False,2022-02-23,,Коронавирус,Текст,Дата создания,,Направление
226,Торговля,2022-02-23,"А что толку, что проводите рейды по пресечению незаконной торговли? Толку нет, потому что наказание - только штраф. Они уплатят эти копейки и снова начнут торговать тем же товаром и в том же месте. Им выгоднее платить штраф. Вот если бы это законом было учреждено, тогда, может быть, и перестали бы.",appeal_000226,"А что толку, что проводите рейды по пресечению незаконной торговли? Толку нет, потому что наказание - только штраф. Они уплатят эти копейки и снова начнут торговать тем же товаром и в том же месте. Им выгоднее платить штраф. Вот если бы это законом было учреждено, тогда, может быть, и перестали бы.","А что толку, что проводите рейды по пресечению незаконной торговли? Толку нет, потому что наказание - только штраф. Они уплатят эти копейки и снова начнут торговать тем же товаром и в том же месте. Им выгоднее платить штраф. Вот если бы это законом было учреждено, тогда, может быть, и перестали бы.","['что', 'толку', 'что', 'проводите', 'рейды', 'пресечению', 'незаконной', 'торговли', 'толку', 'нет', 'потому', 'что', 'наказание', 'только', 'штраф', 'они', 'уплатят', 'эти', 'копейки', 'снова', 'начнут', 'торговать', 'тем', 'товаром', 'том', 'месте', 'выгоднее', 'платить', 'штраф', 'вот', 'если', 'это', 'законом', 'было', 'учреждено', 'тогда', 'может', 'быть', 'перестали']","['толк', 'проводить', 'рейд', 'пресечение', 'незаконный', 'торговля', 'толк', 'потому', 'наказание', 'штраф', 'они', 'уплатить', 'копейка', 'снова', 'начать', 'торговать', 'тем', 'товар', 'тот', 'место', 'выгодный', 'платить', 'штраф', 'закон', 'учредить', 'тогда', 'мочь', 'перестать']",толк проводить рейд пресечение незаконный торговля толк потому наказание штраф они уплатить копейка снова начать торговать тем товар тот место выгодный платить штраф закон учредить тогда мочь перестать,299,0.0,False,2022-02-23,,Торговля,Текст,Дата создания,,Направление
227,Образование,2022-02-23,"[id211062055|Володя], ребёнку 3 с лтшним года в садик не берут нет мест и летом может не будет а ребенку будет к четырём.",appeal_000227,"[id211062055|Володя], ребёнку 3 с лтшним года в садик не берут нет мест и летом может не будет а ребенку будет к четырём.","id211062055 Володя , ребенку 3 с лтшним года в садик не берут нет мест и летом может не будет а ребенку будет к четырем.","['211062055', 'володя', 'ребенку', '3', 'лтшним', 'года', 'садик', 'берут', 'нет', 'мест', 'летом', 'может', 'будет', 'ребенку', 'будет', 'четырем']","['211062055', 'володя', 'ребёнок', 'лтшний', 'год', 'садик', 'брать', 'место', 'лето', 'мочь', 'ребёнок', 'четыре']",211062055 володя ребёнок лтшний год садик брать место лето мочь ребёнок четыре,120,0.0,False,2022-02-23,ребенку 3,Образование,Текст,Дата создания,,Направление
228,Мусор/Свалки/ТКО,2022-02-23,"Всё что планируется, тупо на пустыри свозить, как сейчас делают в Мурино и Ломоносове, а потом с наших же налогов деньги выделять на рекультивацию. Которая не факт, что пройдет реально, а не прост она бумаге.",appeal_000228,"Всё что планируется, тупо на пустыри свозить, как сейчас делают в Мурино и Ломоносове, а потом с наших же налогов деньги выделять на рекультивацию. Которая не факт, что пройдет реально, а не прост она бумаге.","Все что планируется, тупо на пустыри свозить, как сейчас делают в Мурино и Ломоносове, а потом с наших же налогов деньги выделять на рекультивацию. Которая не факт, что пройдет реально, а не прост она бумаге.","['все', 'что', 'планируется', 'тупо', 'пустыри', 'свозить', 'как', 'сейчас', 'делают', 'мурино', 'ломоносове', 'потом', 'наших', 'налогов', 'деньги', 'выделять', 'рекультивацию', 'которая', 'факт', 'что', 'пройдет', 'реально', 'прост', 'она', 'бумаге']","['планироваться', 'тупо', 'пустырь', 'свозить', 'сейчас', 'делать', 'мурино', 'ломоносов', 'потом', 'наш', 'налог', 'деньга', 'выделять', 'рекультивация', 'который', 'факт', 'пройти', 'реально', 'простой', 'бумага']",планироваться тупо пустырь свозить сейчас делать мурино ломоносов потом наш налог деньга выделять рекультивация который факт пройти реально простой бумага,208,0.0,False,2022-02-23,,Мусор/Свалки/ТКО,Текст,Дата создания,,Направление
229,ЖКХ,2022-02-23,"В парадной вторую неделю стоит запах гниения. В стране сложная эпид обстановка, а жильцы нашего дома дышат испарениями канализации в подвале. Когда управляющая компания уже будет привлечена к ответственности за такое содержание помещения? Написала в СЭС требование проверить безопасность для жильцов..",appeal_000229,"В парадной вторую неделю стоит запах гниения. В стране сложная эпид обстановка, а жильцы нашего дома дышат испарениями канализации в подвале. Когда управляющая компания уже будет привлечена к ответственности за такое содержание помещения? Написала в СЭС требование проверить безопасность для жильцов..","В парадной вторую неделю стоит запах гниения. В стране сложная эпид обстановка, а жильцы нашего дома дышат испарениями канализации в подвале. Когда управляющая компания уже будет привлечена к ответственности за такое содержание помещения? Написала в СЭС требование проверить безопасность для жильцов..","['парадной', 'вторую', 'неделю', 'стоит', 'запах', 'гниения', 'стране', 'сложная', 'эпид', 'обстановка', 'жильцы', 'нашего', 'дома', 'дышат', 'испарениями', 'канализации', 'подвале', 'когда', 'управляющая', 'компания', 'уже', 'будет', 'привлечена', 'ответственности', 'такое', 'содержание', 'помещения', 'написала', 'сэс', 'требование', 'проверить', 'безопасность', 'для', 'жильцов']","['парадный', 'второй', 'неделя', 'стоить', 'запах', 'гниение', 'страна', 'сложный', 'эпид', 'обстановка', 'жилец', 'наш', 'дом', 'дышать', 'испарение', 'канализация', 'подвал', 'управлять', 'компания', 'привлечь', 'ответственность', 'такой', 'содержание', 'помещение', 'написать', 'сэс', 'требование', 'проверить', 'безопасность', 'жилец']",парадный второй неделя стоить запах гниение страна сложный эпид обстановка жилец наш дом дышать испарение канализация подвал управлять компания привлечь ответственность такой содержание помещение написать сэс требование проверить безопасность жилец,301,0.2,True,2022-02-23,,ЖКХ,Текст,Дата создания,,Направление
230,Мусор/Свалки/ТКО,2022-02-23,Просто будут засирать область?,appeal_000230,Просто будут засирать область?,Просто будут засирать область?,"['просто', 'будут', 'засирать', 'область']","['просто', 'засирать', 'область']",просто засирать область,30,0.0,False,2022-02-23,,Мусор/Свалки/ТКО,Текст,Дата создания,,Направление
231,Благоустройство,2022-02-23,"В Удельном парке только проход до Пионерской освещён, а в парке темно.😧",appeal_000231,"В Удельном парке только проход до Пионерской освещён, а в парке темно.😧","В Удельном парке только проход до Пионерской освещен, а в парке темно.","['удельном', 'парке', 'только', 'проход', 'пионерской', 'освещен', 'парке', 'темно']","['удельный', 'парка', 'проход', 'пионерский', 'осветить', 'парка', 'темно']",удельный парка проход пионерский осветить парка темно,70,0.0,False,2022-02-23,,Благоустройство,Текст,Дата создания,,Направление
232,Мусор/Свалки/ТКО,2022-02-23,"Добрый день. Подскажите, у меня в Санкт-Петербурге в собственности есть квартира и 2 комнаты в коммунальной квартире. Как сделать чтобы за вывоз мусора платить только по адресу места жительства?",appeal_000232,"Добрый день. Подскажите, у меня в Санкт-Петербурге в собственности есть квартира и 2 комнаты в коммунальной квартире. Как сделать чтобы за вывоз мусора платить только по адресу места жительства?","Добрый день. Подскажите, у меня в Санкт-Петербурге в собственности есть квартира и 2 комнаты в коммунальной квартире. Как сделать чтобы за вывоз мусора платить только по адресу места жительства?","['добрый', 'день', 'подскажите', 'меня', 'санкт-петербурге', 'собственности', 'есть', 'квартира', '2', 'комнаты', 'коммунальной', 'квартире', 'как', 'сделать', 'чтобы', 'вывоз', 'мусора', 'платить', 'только', 'адресу', 'места', 'жительства']","['подсказать', 'санкт-петербург', 'собственность', 'есть', 'квартира', 'комната', 'коммунальный', 'квартира', 'сделать', 'чтобы', 'вывоз', 'мусор', 'платить', 'адрес', 'место', 'жительство']",подсказать санкт-петербург собственность есть квартира комната коммунальный квартира сделать чтобы вывоз мусор платить адрес место жительство,194,0.0,False,2022-02-23,есть квартира и 2,Мусор/Свалки/ТКО,Текст,Дата создания,,Направление
233,Благоустройство,2022-02-23,"Интересно: А кто нибудь учёл недостатки в проекте верхнего озера?! - отсутствие: вешалок в раздевалках; отсутствие туалетов; выгул собак на пляже; утренняя помывочная для местных бомжей; контактных телефонов служб для связи, ответственных за благоустройство и т.д. Или всё как всегда - И так сойдёт?!)",appeal_000233,"Интересно: А кто нибудь учёл недостатки в проекте верхнего озера?! - отсутствие: вешалок в раздевалках; отсутствие туалетов; выгул собак на пляже; утренняя помывочная для местных бомжей; контактных телефонов служб для связи, ответственных за благоустройство и т.д. Или всё как всегда - И так сойдёт?!)","Интересно: А кто нибудь учел недостатки в проекте верхнего озера?! - отсутствие: вешалок в раздевалках; отсутствие туалетов; выгул собак на пляже; утренняя помывочная для местных бомжей; контактных телефонов служб для связи, ответственных за благоустройство и т.д. Или все как всегда - И так сойдет?!","['интересно', 'кто', 'нибудь', 'учел', 'недостатки', 'проекте', 'верхнего', 'озера', 'отсутствие', 'вешалок', 'раздевалках', 'отсутствие', 'туалетов', 'выгул', 'собак', 'пляже', 'утренняя', 'помывочная', 'для', 'местных', 'бомжей', 'контактных', 'телефонов', 'служб', 'для', 'связи', 'ответственных', 'благоустройство', 'или', 'все', 'как', 'всегда', 'так', 'сойдет']","['интересно', 'кто', 'нибыть', 'учесть', 'недостаток', 'проект', 'верхний', 'озеро', 'отсутствие', 'вешалка', 'раздевалка', 'отсутствие', 'туалет', 'выгул', 'собака', 'пляж', 'утренний', 'помывочный', 'местный', 'бомж', 'контактный', 'телефон', 'служба', 'связь', 'ответственный', 'благоустройство', 'всегда', 'сойти']",интересно кто нибыть учесть недостаток проект верхний озеро отсутствие вешалка раздевалка отсутствие туалет выгул собака пляж утренний помывочный местный бомж контактный телефон служба связь ответственный благоустройство всегда сойти,300,0.2,False,2022-02-23,,Благоустройство,Текст,Дата создания,,Направление
234,Мусор/Свалки/ТКО,2022-02-23,"Вообще не понятно, все осталось по старому, как с возили на полигоны, так и продолжают. Строек заводов ещё не начали, сколько времени их будут строить? А будут ли деньги на это в свете новых событий.<br>Видимо так область и будет склад позвать наши тко(((",appeal_000234,"Вообще не понятно, все осталось по старому, как с возили на полигоны, так и продолжают. Строек заводов ещё не начали, сколько времени их будут строить? А будут ли деньги на это в свете новых событий.<br>Видимо так область и будет склад позвать наши тко(((","Вообще не понятно, все осталось по старому, как с возили на полигоны, так и продолжают. Строек заводов еще не начали, сколько времени их будут строить? А будут ли деньги на это в свете новых событий. Видимо так область и будет склад позвать наши тко","['вообще', 'понятно', 'все', 'осталось', 'старому', 'как', 'возили', 'полигоны', 'так', 'продолжают', 'строек', 'заводов', 'еще', 'начали', 'сколько', 'времени', 'будут', 'строить', 'будут', 'деньги', 'это', 'свете', 'новых', 'событий', 'видимо', 'так', 'область', 'будет', 'склад', 'позвать', 'наши', 'тко']","['вообще', 'понятно', 'остаться', 'старый', 'возить', 'полигон', 'продолжать', 'стройка', 'завод', 'начать', 'сколько', 'время', 'строить', 'деньга', 'свет', 'новый', 'событие', 'видимо', 'область', 'склад', 'позвать', 'наш', 'тко']",вообще понятно остаться старый возить полигон продолжать стройка завод начать сколько время строить деньга свет новый событие видимо область склад позвать наш тко,249,0.0,False,2022-02-23,,Мусор/Свалки/ТКО,Текст,Дата создания,,Направление
235,Образование,2022-02-23,"Может появится, а может и не появится. Намыаыши садиков, школ и дорог уже лет 6 ждут, если не больше.",appeal_000235,"Может появится, а может и не появится. Намыаыши садиков, школ и дорог уже лет 6 ждут, если не больше.","Может появится, а может и не появится. Намыаыши садиков, школ и дорог уже лет 6 ждут, если не больше.","['может', 'появится', 'может', 'появится', 'намыаыши', 'садиков', 'школ', 'дорог', 'уже', 'лет', '6', 'ждут', 'если', 'больше']","['мочь', 'появиться', 'мочь', 'появиться', 'намыаыш', 'садик', 'школа', 'дорога', 'год', 'ждать', 'большой']",мочь появиться мочь появиться намыаыш садик школа дорога год ждать большой,101,0.0,False,2022-02-23,дорог уже лет 6,Образование,Текст,Дата создания,,Направление
236,ЖКХ,2022-02-23,"[id481843|Владислав], Вот и у нас во 2 корпусе в секции А квартира. Страшно представить .а уж жить тем более. Гастробайтеры видимо строили и бригады менялись. Соответственно и качество.....Ужасное.!!!",appeal_000236,"[id481843|Владислав], Вот и у нас во 2 корпусе в секции А квартира. Страшно представить .а уж жить тем более. Гастробайтеры видимо строили и бригады менялись. Соответственно и качество.....Ужасное.!!!","id481843 Владислав , Вот и у нас во 2 корпусе в секции А квартира. Страшно представить .а уж жить тем более. Гастробайтеры видимо строили и бригады менялись. Соответственно и качество.....Ужасное.!!!","['481843', 'владислав', 'вот', 'нас', '2', 'корпусе', 'секции', 'квартира', 'страшно', 'представить', 'жить', 'тем', 'более', 'гастробайтеры', 'видимо', 'строили', 'бригады', 'менялись', 'соответственно', 'качество', 'ужасное']","['481843', 'владислав', 'корпус', 'секция', 'квартира', 'страшно', 'представить', 'жить', 'тем', 'более', 'гастробайтер', 'видимо', 'строить', 'бригада', 'меняться', 'соответственно', 'качество', 'ужасный']",481843 владислав корпус секция квартира страшно представить жить тем более гастробайтер видимо строить бригада меняться соответственно качество ужасный,199,0.5,False,2022-02-23,нас во 2,ЖКХ,Текст,Дата создания,,Направление
237,ЖКХ,2022-02-23,"[id481843|Владислав], это ещё не все видели свои квартиры. Среди бела дня нас обворовывают и обманывают. И кого - рабочих людей с детьми, с детьми инвалидами, пенсионеров. Нам не вернули компенсацию за ожидание более двух лет сдачи жилья. Люди с ипотеками снимают до сих пор жилье и не имеют возможности даже начать делать ремонт, так как ещё доделывать и переделывать немеренно",appeal_000237,"[id481843|Владислав], это ещё не все видели свои квартиры. Среди бела дня нас обворовывают и обманывают. И кого - рабочих людей с детьми, с детьми инвалидами, пенсионеров. Нам не вернули компенсацию за ожидание более двух лет сдачи жилья. Люди с ипотеками снимают до сих пор жилье и не имеют возможности даже начать делать ремонт, так как ещё доделывать и переделывать немеренно","id481843 Владислав , это еще не все видели свои квартиры. Среди бела дня нас обворовывают и обманывают. И кого - рабочих людей с детьми, с детьми инвалидами, пенсионеров. Нам не вернули компенсацию за ожидание более двух лет сдачи жилья. Люди с ипотеками снимают до сих пор жилье и не имеют возможности даже начать делать ремонт, так как еще доделывать и переделывать немеренно","['481843', 'владислав', 'это', 'еще', 'все', 'видели', 'свои', 'квартиры', 'среди', 'бела', 'дня', 'нас', 'обворовывают', 'обманывают', 'кого', 'рабочих', 'людей', 'детьми', 'детьми', 'инвалидами', 'пенсионеров', 'нам', 'вернули', 'компенсацию', 'ожидание', 'более', 'двух', 'лет', 'сдачи', 'жилья', 'люди', 'ипотеками', 'снимают', 'сих', 'пор', 'жилье', 'имеют', 'возможности', 'даже', 'начать', 'делать', 'ремонт', 'так', 'как', 'еще', 'доделывать', 'переделывать', 'немеренно']","['481843', 'владислав', 'видеть', 'свой', 'квартира', 'среди', 'бел', 'обворовывать', 'обманывать', 'кто', 'рабочий', 'человек', 'ребёнок', 'ребёнок', 'инвалид', 'пенсионер', 'вернуть', 'компенсация', 'ожидание', 'более', 'два', 'год', 'сдача', 'жильё', 'человек', 'ипотека', 'снимать', 'сей', 'пора', 'жильё', 'иметь', 'возможность', 'начать', 'делать', 'ремонт', 'доделывать', 'переделывать', 'немеренно']",481843 владислав видеть свой квартира среди бел обворовывать обманывать кто рабочий человек ребёнок ребёнок инвалид пенсионер вернуть компенсация ожидание более два год сдача жильё человек ипотека снимать сей пора жильё иметь возможность начать делать ремонт доделывать переделывать немеренно,377,0.0,False,2022-02-23,,ЖКХ,Текст,Дата создания,,Направление
238,Благоустройство,2022-02-23,"[club193384353|ГАЗОН СПБ], с праздником!<br>АМ и сегодня как то заехали на пешиходнку(((",appeal_000238,"[club193384353|ГАЗОН СПБ], с праздником!<br>АМ и сегодня как то заехали на пешиходнку(((","club193384353 ГАЗОН СПБ , с праздником! АМ и сегодня как то заехали на пешиходнку","['club', '193384353', 'газон', 'спб', 'праздником', 'сегодня', 'как', 'заехали', 'пешиходнку']","['club', '193384353', 'газон', 'спб', 'праздник', 'сегодня', 'заехать', 'пешиходнка']",club 193384353 газон спб праздник сегодня заехать пешиходнка,81,0.1,False,2022-02-23,,Благоустройство,Текст,Дата создания,,Направление
239,"МФЦ ""Мои документы""",2022-02-23,"Отладьте, наконец, работу МФЦ!<br>Это полное безобразие. Куча сбоев в электронном виде. А чтобы записаться для снятия с регистрации очередь на 3 недели вперёд! Мы в мегаполисе живем!",appeal_000239,"Отладьте, наконец, работу МФЦ!<br>Это полное безобразие. Куча сбоев в электронном виде. А чтобы записаться для снятия с регистрации очередь на 3 недели вперёд! Мы в мегаполисе живем!","Отладьте, наконец, работу МФЦ! Это полное безобразие. Куча сбоев в электронном виде. А чтобы записаться для снятия с регистрации очередь на 3 недели вперед! Мы в мегаполисе живем!","['отладьте', 'наконец', 'работу', 'мфц', 'это', 'полное', 'безобразие', 'куча', 'сбоев', 'электронном', 'виде', 'чтобы', 'записаться', 'для', 'снятия', 'регистрации', 'очередь', '3', 'недели', 'вперед', 'мегаполисе', 'живем']","['отладить', 'наконец', 'работа', 'мфц', 'полный', 'безобразие', 'куча', 'сбой', 'электронный', 'вид', 'чтобы', 'записаться', 'снятие', 'регистрация', 'очередь', 'неделя', 'вперёд', 'мегаполис', 'жить']",отладить наконец работа мфц полный безобразие куча сбой электронный вид чтобы записаться снятие регистрация очередь неделя вперёд мегаполис жить,179,0.3,False,2022-02-23,регистрации очередь на 3,"МФЦ ""Мои документы""",Текст,Дата создания,,Направление
240,Коронавирус,2022-02-23,"Никакие коды не нужны нам! Ни посде заболевания, ни после прививок, ни по антителам!! Хватит уже этой шизофрении. Пандемию уже отменили!",appeal_000240,"Никакие коды не нужны нам! Ни посде заболевания, ни после прививок, ни по антителам!! Хватит уже этой шизофрении. Пандемию уже отменили!","Никакие коды не нужны нам! Ни посде заболевания, ни после прививок, ни по антителам!! Хватит уже этой шизофрении. Пандемию уже отменили!","['никакие', 'коды', 'нужны', 'нам', 'посде', 'заболевания', 'после', 'прививок', 'антителам', 'хватит', 'уже', 'этой', 'шизофрении', 'пандемию', 'уже', 'отменили']","['никакой', 'код', 'нужный', 'посд', 'заболевание', 'после', 'прививка', 'антитело', 'хватить', 'шизофрения', 'пандемия', 'отменить']",никакой код нужный посд заболевание после прививка антитело хватить шизофрения пандемия отменить,136,0.3,False,2022-02-23,,Коронавирус,Текст,Дата создания,,Направление
241,Общественный транспорт,2022-02-23,"[club187956888|Комитет по транспорту], вы почему-то скромно умалчиваете, что основная причина перехода на новую модель , заключается в перспективе пользования ""физлицами"" транспортом при помощи биометрических данных .",appeal_000241,"[club187956888|Комитет по транспорту], вы почему-то скромно умалчиваете, что основная причина перехода на новую модель , заключается в перспективе пользования ""физлицами"" транспортом при помощи биометрических данных .","club187956888 Комитет по транспорту , вы почему-то скромно умалчиваете, что основная причина перехода на новую модель , заключается в перспективе пользования физлицами транспортом при помощи биометрических данных .","['club', '187956888', 'комитет', 'транспорту', 'почему-то', 'скромно', 'умалчиваете', 'что', 'основная', 'причина', 'перехода', 'новую', 'модель', 'заключается', 'перспективе', 'пользования', 'физлицами', 'транспортом', 'при', 'помощи', 'биометрических', 'данных']","['club', '187956888', 'комитет', 'транспорт', 'почему-то', 'скромно', 'умалчивать', 'основный', 'причина', 'переход', 'новый', 'модель', 'заключаться', 'перспектива', 'пользование', 'физлицо', 'транспорт', 'помощь', 'биометрический', 'данные']",club 187956888 комитет транспорт почему-то скромно умалчивать основный причина переход новый модель заключаться перспектива пользование физлицо транспорт помощь биометрический данные,214,0.0,False,2022-02-23,,Общественный транспорт,Текст,Дата создания,,Направление
242,Здравоохранение/Медицина,2022-02-23,Хороших специалистов практически нет. Ни платно ни бесплатно. Остальное всё пустые слова.,appeal_000242,Хороших специалистов практически нет. Ни платно ни бесплатно. Остальное всё пустые слова.,Хороших специалистов практически нет. Ни платно ни бесплатно. Остальное все пустые слова.,"['хороших', 'специалистов', 'практически', 'нет', 'платно', 'бесплатно', 'остальное', 'все', 'пустые', 'слова']","['хороший', 'специалист', 'практически', 'платно', 'бесплатно', 'остальной', 'пустой', 'слово']",хороший специалист практически платно бесплатно остальной пустой слово,89,0.0,False,2022-02-23,,Здравоохранение/Медицина,Текст,Дата создания,,Направление
243,Образование,2022-02-23,"Дома 25-этажные за пару лет строят, а садик на 100 детей- 3 года, интересно",appeal_000243,"Дома 25-этажные за пару лет строят, а садик на 100 детей- 3 года, интересно","Дома 25-этажные за пару лет строят, а садик на 100 детей- 3 года, интересно","['дома', '25', 'этажные', 'пару', 'лет', 'строят', 'садик', '100', 'детей-', '3', 'года', 'интересно']","['дом', 'этажный', 'пара', 'год', 'строить', 'садик', '100', 'детей-', 'год', 'интересно']",дом этажный пара год строить садик 100 детей- год интересно,75,0.0,False,2022-02-23,Дома 25-этажные,Образование,Текст,Дата создания,,Направление
244,Образование,2022-02-23,"[club54549564|Выборгский район Санкт-Петербурга] [club189710665|Комитет по строительству] [club25882042|Правительство Санкт-Петербурга] третий раз пишу свой вопрос. Складывается впечатление, что ответить нечего.<br>В Парголово, на ул. Вологдина в 2023 году, 428 семей получат квартиры в малоэтажном жилом комплексе. Вопрос: в какую школу пойдут дети из этих семей? Где в проекте предусмотренна школа, как сейчас требуют условия?",appeal_000244,"[club54549564|Выборгский район Санкт-Петербурга] [club189710665|Комитет по строительству] [club25882042|Правительство Санкт-Петербурга] третий раз пишу свой вопрос. Складывается впечатление, что ответить нечего.<br>В Парголово, на ул. Вологдина в 2023 году, 428 семей получат квартиры в малоэтажном жилом комплексе. Вопрос: в какую школу пойдут дети из этих семей? Где в проекте предусмотренна школа, как сейчас требуют условия?","club54549564 Выборгский район Санкт-Петербурга club189710665 Комитет по строительству club25882042 Правительство Санкт-Петербурга третий раз пишу свой вопрос. Складывается впечатление, что ответить нечего. В Парголово, на ул. Вологдина в 2023 году, 428 семей получат квартиры в малоэтажном жилом комплексе. Вопрос: в какую школу пойдут дети из этих семей? Где в проекте предусмотренна школа, как сейчас требуют условия?","['club', '54549564', 'выборгский', 'район', 'санкт-петербурга', 'club', '189710665', 'комитет', 'строительству', 'club', '25882042', 'правительство', 'санкт-петербурга', 'третий', 'раз', 'пишу', 'свой', 'вопрос', 'складывается', 'впечатление', 'что', 'ответить', 'нечего', 'парголово', 'вологдина', '2023', 'году', '428', 'семей', 'получат', 'квартиры', 'малоэтажном', 'жилом', 'комплексе', 'вопрос', 'какую', 'школу', 'пойдут', 'дети', 'этих', 'семей', 'где', 'проекте', 'предусмотренна', 'школа', 'как', 'сейчас', 'требуют', 'условия']","['club', '54549564', 'выборгский', 'санкт-петербург', 'club', '189710665', 'комитет', 'строительство', 'club', '25882042', 'правительство', 'санкт-петербург', 'третий', 'раз', 'писать', 'свой', 'складываться', 'впечатление', 'ответить', 'нечего', 'парголово', 'вологдин', '2023', 'год', '428', 'семья', 'получить', 'квартира', 'малоэтажный', 'жилой', 'комплекс', 'какой', 'школа', 'пойти', 'ребёнок', 'семья', 'где', 'проект', 'предусмотренный', 'школа', 'сейчас', 'требовать', 'условие']",club 54549564 выборгский санкт-петербург club 189710665 комитет строительство club 25882042 правительство санкт-петербург третий раз писать свой складываться впечатление ответить нечего парголово вологдин 2023 год 428 семья получить квартира малоэтажный жилой комплекс какой школа пойти ребёнок семья где проект предусмотренный школа сейчас требовать условие,419,0.0,False,2022-02-23,ул. Вологдина в 2023,Образование,Текст,Дата создания,,Направление
245,Благоустройство,2022-02-23,Почему все скульптуры последнего времени такие страшные?,appeal_000245,Почему все скульптуры последнего времени такие страшные?,Почему все скульптуры последнего времени такие страшные?,"['почему', 'все', 'скульптуры', 'последнего', 'времени', 'такие', 'страшные']","['почему', 'скульптура', 'последний', 'время', 'такой', 'страшный']",почему скульптура последний время такой страшный,56,0.0,False,2022-02-23,,Благоустройство,Текст,Дата создания,,Направление
246,Благоустройство,2022-02-23,"Александр Дмитриевич, Добрый вечер. Есть предложение, в Невском районе , возле Еу",appeal_000246,"Александр Дмитриевич, Добрый вечер. Есть предложение, в Невском районе , возле Еу","Александр Дмитриевич, Добрый вечер. Есть предложение, в Невском районе , возле Еу","['александр', 'дмитриевич', 'добрый', 'вечер', 'есть', 'предложение', 'невском', 'районе', 'возле']","['александр', 'дмитриевич', 'вечер', 'есть', 'предложение', 'невский', 'возле']",александр дмитриевич вечер есть предложение невский возле,81,0.0,False,2022-02-23,,Благоустройство,Текст,Дата создания,,Направление
247,Социальное обслуживание и защита,2022-02-23,Здравствуйте.<br>Прошу принять меры,appeal_000247,Здравствуйте.<br>Прошу принять меры,Здравствуйте. Прошу принять меры,"['здравствуйте', 'прошу', 'принять', 'меры']",['принять'],принять,32,0.0,False,2022-02-23,,Социальное обслуживание и защита,Текст,Дата создания,,Направление
248,Образование,2022-02-23,"Школа действительно нужна! Например, школа «Озерки» переполнена почти в 2 раза, а район активно застраивается! Детей-инвалидов благодаря нашей экологии, качеству медицинских услуг и проч. факторов, к сожалению, меньше не становится. К тому же, семьи с детьми- инвалидами очень часто переезжают на постоянное жительство в Санкт-Петербург из регионов, потому что в провинции ни реабилитации, ни нормального образования для таких детей нет. Будьте милосерднее к «особым» детям, такой ребёнок может появится в абсолютно любой семье!",appeal_000248,"Школа действительно нужна! Например, школа «Озерки» переполнена почти в 2 раза, а район активно застраивается! Детей-инвалидов благодаря нашей экологии, качеству медицинских услуг и проч. факторов, к сожалению, меньше не становится. К тому же, семьи с детьми- инвалидами очень часто переезжают на постоянное жительство в Санкт-Петербург из регионов, потому что в провинции ни реабилитации, ни нормального образования для таких детей нет. Будьте милосерднее к «особым» детям, такой ребёнок может появится в абсолютно любой семье!","Школа действительно нужна! Например, школа Озерки переполнена почти в 2 раза, а район активно застраивается! Детей-инвалидов благодаря нашей экологии, качеству медицинских услуг и проч. факторов, к сожалению, меньше не становится. К тому же, семьи с детьми- инвалидами очень часто переезжают на постоянное жительство в Санкт-Петербург из регионов, потому что в провинции ни реабилитации, ни нормального образования для таких детей нет. Будьте милосерднее к особым детям, такой ребенок может появится в абсолютно любой семье!","['школа', 'действительно', 'нужна', 'например', 'школа', 'озерки', 'переполнена', 'почти', '2', 'раза', 'район', 'активно', 'застраивается', 'детей-инвалидов', 'благодаря', 'нашей', 'экологии', 'качеству', 'медицинских', 'услуг', 'проч', 'факторов', 'сожалению', 'меньше', 'становится', 'тому', 'семьи', 'детьми-', 'инвалидами', 'очень', 'часто', 'переезжают', 'постоянное', 'жительство', 'санкт-петербург', 'регионов', 'потому', 'что', 'провинции', 'реабилитации', 'нормального', 'образования', 'для', 'таких', 'детей', 'нет', 'будьте', 'милосерднее', 'особым', 'детям', 'такой', 'ребенок', 'может', 'появится', 'абсолютно', 'любой', 'семье']","['школа', 'действительно', 'нужный', 'например', 'школа', 'озерко', 'переполнить', 'почти', 'раз', 'активно', 'застраиваться', 'детея-инвалид', 'благодаря', 'наш', 'экология', 'качество', 'медицинский', 'услуга', 'проч', 'фактор', 'сожаление', 'маленький', 'становиться', 'тот', 'семья', 'детьми-', 'инвалид', 'очень', 'часто', 'переезжать', 'постоянный', 'жительство', 'санкт-петербург', 'регион', 'потому', 'провинция', 'реабилитация', 'нормальный', 'образование', 'такой', 'ребёнок', 'милосердный', 'особый', 'ребёнок', 'такой', 'ребёнок', 'мочь', 'появиться', 'абсолютно', 'любой', 'семья']",школа действительно нужный например школа озерко переполнить почти раз активно застраиваться детея-инвалид благодаря наш экология качество медицинский услуга проч фактор сожаление маленький становиться тот семья детьми- инвалид очень часто переезжать постоянный жительство санкт-петербург регион потому провинция реабилитация нормальный образование такой ребёнок милосердный особый ребёнок такой ребёнок мочь появиться абсолютно любой семья,524,0.3,False,2022-02-23,переполнена почти в 2,Образование,Текст,Дата создания,,Направление
249,Коронавирус,2022-02-23,Как получить куар код по положит и отриц тесту?,appeal_000249,Как получить куар код по положит и отриц тесту?,Как получить куар код по положит и отриц тесту?,"['как', 'получить', 'куар', 'код', 'положит', 'отриц', 'тесту']","['получить', 'куар', 'код', 'положить', 'отрица', 'тест']",получить куар код положить отрица тест,47,0.0,False,2022-02-23,,Коронавирус,Текст,Дата создания,,Направление
250,Образование,2022-02-23,"Здравствуйте, я почитала вашу рекомендации. Я хочу чтобы мой ребёнок пошёл в шко",appeal_000250,"Здравствуйте, я почитала вашу рекомендации. Я хочу чтобы мой ребёнок пошёл в шко","Здравствуйте, я почитала вашу рекомендации. Я хочу чтобы мой ребенок пошел в шко","['здравствуйте', 'почитала', 'вашу', 'рекомендации', 'хочу', 'чтобы', 'мой', 'ребенок', 'пошел', 'шко']","['почитать', 'ваш', 'рекомендация', 'хотеть', 'чтобы', 'мой', 'ребёнок', 'пойти', 'шко']",почитать ваш рекомендация хотеть чтобы мой ребёнок пойти шко,80,0.0,False,2022-02-23,,Образование,Текст,Дата создания,,Направление
251,Торговля,2022-02-23,Когда шавермушечную на Академке ликвидируют?,appeal_000251,Когда шавермушечную на Академке ликвидируют?,Когда шавермушечную на Академке ликвидируют?,"['когда', 'шавермушечную', 'академке', 'ликвидируют']","['шавермушечный', 'академка', 'ликвидировать']",шавермушечный академка ликвидировать,44,0.0,False,2022-02-23,,Торговля,Текст,Дата создания,,Направление
252,ЖКХ,2022-02-23,"Индустриальный пр.<br>д. 35 к.2. 6 подъезд, убирают ( 1 и 2 эт.) когда позвонишь в 004.",appeal_000252,"Индустриальный пр.<br>д. 35 к.2. 6 подъезд, убирают ( 1 и 2 эт.) когда позвонишь в 004.","Индустриальный пр. д. 35 к.2. 6 подъезд, убирают 1 и 2 эт. когда позвонишь в 004.","['индустриальный', '35', '2', '6', 'подъезд', 'убирают', '1', '2', 'когда', 'позвонишь', '004']","['индустриальный', 'подъезд', 'убирать', 'позвонить', '004']",индустриальный подъезд убирать позвонить 004,81,0.0,False,2022-02-23,убирают 1,ЖКХ,Текст,Дата создания,,Направление
253,Мусор/Свалки/ТКО,2022-02-23,"Заводы ладно, а нафига в области под носом его складировать? Три года было на подготовку к реформе, а срач как будто неделю дали на подготовку.",appeal_000253,"Заводы ладно, а нафига в области под носом его складировать? Три года было на подготовку к реформе, а срач как будто неделю дали на подготовку.","Заводы ладно, а нафига в области под носом его складировать? Три года было на подготовку к реформе, а срач как будто неделю дали на подготовку.","['заводы', 'ладно', 'нафига', 'области', 'под', 'носом', 'его', 'складировать', 'три', 'года', 'было', 'подготовку', 'реформе', 'срач', 'как', 'будто', 'неделю', 'дали', 'подготовку']","['завод', 'ладный', 'нафиг', 'область', 'нос', 'складировать', 'три', 'год', 'подготовка', 'реформа', 'срач', 'будто', 'неделя', 'дать', 'подготовка']",завод ладный нафиг область нос складировать три год подготовка реформа срач будто неделя дать подготовка,143,0.0,False,2022-02-23,,Мусор/Свалки/ТКО,Текст,Дата создания,,Направление
254,ЖКХ,2022-02-23,"С 22.02 с 10 утра и до сих пор нет отопления во всей квартире. Замерзаем!<br>Адрес: ул.Бабушкина, 131, корпус 2<br>Что делать? К кому обращаться? Управляющая компания не реагирует.",appeal_000254,"С 22.02 с 10 утра и до сих пор нет отопления во всей квартире. Замерзаем!<br>Адрес: ул.Бабушкина, 131, корпус 2<br>Что делать? К кому обращаться? Управляющая компания не реагирует.","С 22.02 с 10 утра и до сих пор нет отопления во всей квартире. Замерзаем! Адрес: ул.Бабушкина, 131, корпус 2 Что делать? К кому обращаться? Управляющая компания не реагирует.","['22', '02', '10', 'утра', 'сих', 'пор', 'нет', 'отопления', 'всей', 'квартире', 'замерзаем', 'адрес', 'бабушкина', '131', 'корпус', '2', 'что', 'делать', 'кому', 'обращаться', 'управляющая', 'компания', 'реагирует']","['утро', 'сей', 'пора', 'отопление', 'весь', 'квартира', 'замерзать', 'адрес', 'бабушкин', '131', 'корпус', 'делать', 'кто', 'обращаться', 'управлять', 'компания', 'реагировать']",утро сей пора отопление весь квартира замерзать адрес бабушкин 131 корпус делать кто обращаться управлять компания реагировать,174,0.1,False,2022-02-23,корпус 2,ЖКХ,Текст,Дата создания,,Направление
255,Мусор/Свалки/ТКО,2022-02-23,"> Здравствуйте у меня такой вопрос. У меня частный участок и пришла Квитанция за мусор, я не живу на этом участке и не прописана, и никто там не живёт и мусора соответственно нету. Можно ли мне отказаться от этого платежа ТБО невский экологический оператор?<br>> И как это сделать?",appeal_000255,"> Здравствуйте у меня такой вопрос. У меня частный участок и пришла Квитанция за мусор, я не живу на этом участке и не прописана, и никто там не живёт и мусора соответственно нету. Можно ли мне отказаться от этого платежа ТБО невский экологический оператор?<br>> И как это сделать?","Здравствуйте у меня такой вопрос. У меня частный участок и пришла Квитанция за мусор, я не живу на этом участке и не прописана, и никто там не живет и мусора соответственно нету. Можно ли мне отказаться от этого платежа ТБО невский экологический оператор? И как это сделать?","['здравствуйте', 'меня', 'такой', 'вопрос', 'меня', 'частный', 'участок', 'пришла', 'квитанция', 'мусор', 'живу', 'этом', 'участке', 'прописана', 'никто', 'там', 'живет', 'мусора', 'соответственно', 'нету', 'можно', 'мне', 'отказаться', 'этого', 'платежа', 'тбо', 'невский', 'экологический', 'оператор', 'как', 'это', 'сделать']","['такой', 'частный', 'участок', 'прийти', 'квитанция', 'мусор', 'жить', 'участок', 'прописать', 'никто', 'там', 'жить', 'мусор', 'соответственно', 'нету', 'можно', 'отказаться', 'платёж', 'тбо', 'невский', 'экологический', 'оператор', 'сделать']",такой частный участок прийти квитанция мусор жить участок прописать никто там жить мусор соответственно нету можно отказаться платёж тбо невский экологический оператор сделать,274,0.0,False,2022-02-23,,Мусор/Свалки/ТКО,Текст,Дата создания,,Направление
256,Безнадзорные животные,2022-02-23,"Это приют ""Преданное сердце"" приличный и проверенный? Ну да, проверенный, вот только там при проверке нашли кучу нарушений, в том числе и непредоставление ветеринарной помощи заболевшим животным. В ВК есть целая группа пострадавших от деятельности этого приюта.",appeal_000256,"Это приют ""Преданное сердце"" приличный и проверенный? Ну да, проверенный, вот только там при проверке нашли кучу нарушений, в том числе и непредоставление ветеринарной помощи заболевшим животным. В ВК есть целая группа пострадавших от деятельности этого приюта.","Это приют Преданное сердце приличный и проверенный? Ну да, проверенный, вот только там при проверке нашли кучу нарушений, в том числе и непредоставление ветеринарной помощи заболевшим животным. В ВК есть целая группа пострадавших от деятельности этого приюта.","['это', 'приют', 'преданное', 'сердце', 'приличный', 'проверенный', 'проверенный', 'вот', 'только', 'там', 'при', 'проверке', 'нашли', 'кучу', 'нарушений', 'том', 'числе', 'непредоставление', 'ветеринарной', 'помощи', 'заболевшим', 'животным', 'есть', 'целая', 'группа', 'пострадавших', 'деятельности', 'этого', 'приюта']","['приют', 'предать', 'сердце', 'приличный', 'проверить', 'проверить', 'там', 'проверка', 'наслать', 'куча', 'нарушение', 'тот', 'число', 'непредоставление', 'ветеринарный', 'помощь', 'заболеть', 'животное', 'есть', 'целый', 'группа', 'пострадать', 'деятельность', 'приют']",приют предать сердце приличный проверить проверить там проверка наслать куча нарушение тот число непредоставление ветеринарный помощь заболеть животное есть целый группа пострадать деятельность приют,259,0.0,False,2022-02-23,,Безнадзорные животные,Текст,Дата создания,,Направление
257,Образование,2022-02-23,А в городе только 100 маленьких петербуржцев?,appeal_000257,А в городе только 100 маленьких петербуржцев?,А в городе только 100 маленьких петербуржцев?,"['городе', 'только', '100', 'маленьких', 'петербуржцев']","['100', 'маленький', 'петербуржец']",100 маленький петербуржец,45,0.0,False,2022-02-23,городе только 100,Образование,Текст,Дата создания,,Направление
258,Общественный транспорт,2022-02-23,"А как организуется такое кольцевое движение? т.е. где-то есть конечная на которой водитель отдыхает, или остановка на которой водители меняются как машинисты в метро во время остановки?",appeal_000258,"А как организуется такое кольцевое движение? т.е. где-то есть конечная на которой водитель отдыхает, или остановка на которой водители меняются как машинисты в метро во время остановки?","А как организуется такое кольцевое движение? т.е. где-то есть конечная на которой водитель отдыхает, или остановка на которой водители меняются как машинисты в метро во время остановки?","['как', 'организуется', 'такое', 'кольцевое', 'движение', 'где-то', 'есть', 'конечная', 'которой', 'водитель', 'отдыхает', 'или', 'остановка', 'которой', 'водители', 'меняются', 'как', 'машинисты', 'метро', 'время', 'остановки']","['организоваться', 'такой', 'кольцевой', 'движение', 'где-то', 'есть', 'конечный', 'который', 'водитель', 'отдыхать', 'остановка', 'который', 'водитель', 'меняться', 'машинист', 'метро', 'время', 'остановка']",организоваться такой кольцевой движение где-то есть конечный который водитель отдыхать остановка который водитель меняться машинист метро время остановка,185,0.0,False,2022-02-23,,Общественный транспорт,Текст,Дата создания,,Направление
259,Строительство и архитектура,2022-02-23,"[id3269881|Ирина], на ПАРНАС ТАК НИЧЕГО НЕТ .НИ ШКОЛ ,НИ ПОЛИКЛИНИК.А МЕСТА,ОЧЕНЬ МНОГО",appeal_000259,"[id3269881|Ирина], на ПАРНАС ТАК НИЧЕГО НЕТ .НИ ШКОЛ ,НИ ПОЛИКЛИНИК.А МЕСТА,ОЧЕНЬ МНОГО","id3269881 Ирина , на ПАРНАС ТАК НИЧЕГО НЕТ .НИ ШКОЛ ,НИ ПОЛИКЛИНИК.А МЕСТА,ОЧЕНЬ МНОГО","['3269881', 'ирина', 'парнас', 'так', 'ничего', 'нет', 'школ', 'поликлиник', 'места', 'очень', 'много']","['3269881', 'ирина', 'парнас', 'ничего', 'школа', 'поликлиника', 'место', 'очень', 'много']",3269881 ирина парнас ничего школа поликлиника место очень много,86,0.0,False,2022-02-23,,Строительство и архитектура,Текст,Дата создания,,Направление
260,Дороги,2022-02-23,Почему в городе не работают эти табло. Столько денег в них вбухали.,appeal_000260,Почему в городе не работают эти табло. Столько денег в них вбухали.,Почему в городе не работают эти табло. Столько денег в них вбухали.,"['почему', 'городе', 'работают', 'эти', 'табло', 'столько', 'денег', 'них', 'вбухали']","['почему', 'работать', 'табло', 'столько', 'деньга', 'они', 'вбухать']",почему работать табло столько деньга они вбухать,67,0.0,False,2022-02-23,,Дороги,Текст,Дата создания,,Направление
261,Реклама,2022-02-23,"Клода в городе будут удаляться наклейки в проститутками. Когда будут штрафы космические? Сколько одичалые будут их расклеивать, а мвд закрывать глаза.",appeal_000261,"Клода в городе будут удаляться наклейки в проститутками. Когда будут штрафы космические? Сколько одичалые будут их расклеивать, а мвд закрывать глаза.","Клода в городе будут удаляться наклейки в проститутками. Когда будут штрафы космические? Сколько одичалые будут их расклеивать, а мвд закрывать глаза.","['клода', 'городе', 'будут', 'удаляться', 'наклейки', 'проститутками', 'когда', 'будут', 'штрафы', 'космические', 'сколько', 'одичалые', 'будут', 'расклеивать', 'мвд', 'закрывать', 'глаза']","['клод', 'удаляться', 'наклейка', 'проститутка', 'штраф', 'космический', 'сколько', 'одичалый', 'расклеивать', 'мвд', 'закрывать', 'глаз']",клод удаляться наклейка проститутка штраф космический сколько одичалый расклеивать мвд закрывать глаз,150,0.0,False,2022-02-23,,Реклама,Текст,Дата создания,,Направление
262,Образование,2022-02-23,"[club25882042|Правительство Санкт-Петербурга], какой смысл в вашей тираде, если из всего написанного построен и открыт всего один садик.",appeal_000262,"[club25882042|Правительство Санкт-Петербурга], какой смысл в вашей тираде, если из всего написанного построен и открыт всего один садик.","club25882042 Правительство Санкт-Петербурга , какой смысл в вашей тираде, если из всего написанного построен и открыт всего один садик.","['club', '25882042', 'правительство', 'санкт-петербурга', 'какой', 'смысл', 'вашей', 'тираде', 'если', 'всего', 'написанного', 'построен', 'открыт', 'всего', 'один', 'садик']","['club', '25882042', 'правительство', 'санкт-петербург', 'какой', 'смысл', 'ваш', 'тирада', 'весь', 'написать', 'построить', 'открыть', 'весь', 'один', 'садик']",club 25882042 правительство санкт-петербург какой смысл ваш тирада весь написать построить открыть весь один садик,135,0.0,False,2022-02-23,,Образование,Текст,Дата создания,,Направление
263,Образование,2022-02-23,И попасть туда можно будет только за нехилое вливание. Помню на проспекте Ветеранов жили. Там есть садик с бассейном. Чтобы туда попасть надо было конкретно на лапу заведующей сунуть.,appeal_000263,И попасть туда можно будет только за нехилое вливание. Помню на проспекте Ветеранов жили. Там есть садик с бассейном. Чтобы туда попасть надо было конкретно на лапу заведующей сунуть.,И попасть туда можно будет только за нехилое вливание. Помню на проспекте Ветеранов жили. Там есть садик с бассейном. Чтобы туда попасть надо было конкретно на лапу заведующей сунуть.,"['попасть', 'туда', 'можно', 'будет', 'только', 'нехилое', 'вливание', 'помню', 'проспекте', 'ветеранов', 'жили', 'там', 'есть', 'садик', 'бассейном', 'чтобы', 'туда', 'попасть', 'надо', 'было', 'конкретно', 'лапу', 'заведующей', 'сунуть']","['попасть', 'туда', 'можно', 'нехилый', 'вливание', 'помнить', 'проспект', 'ветеран', 'жить', 'там', 'есть', 'садик', 'бассейн', 'чтобы', 'туда', 'попасть', 'надо', 'конкретно', 'лапа', 'заведовать', 'сунуть']",попасть туда можно нехилый вливание помнить проспект ветеран жить там есть садик бассейн чтобы туда попасть надо конкретно лапа заведовать сунуть,183,0.0,False,2022-02-23,,Образование,Текст,Дата создания,,Направление
264,Социальное обслуживание и защита,2022-02-23,"Здравствуйте. Кто выдаёт справку, подтверждающую получение ежемесячной выплаты в связи с рождением первого ребенка? И как её можно получить? Справка нужна для рассчета дохода семьи и оформления компенсации на погребение малоимущим гражданам.",appeal_000264,"Здравствуйте. Кто выдаёт справку, подтверждающую получение ежемесячной выплаты в связи с рождением первого ребенка? И как её можно получить? Справка нужна для рассчета дохода семьи и оформления компенсации на погребение малоимущим гражданам.","Здравствуйте. Кто выдает справку, подтверждающую получение ежемесячной выплаты в связи с рождением первого ребенка? И как ее можно получить? Справка нужна для рассчета дохода семьи и оформления компенсации на погребение малоимущим гражданам.","['здравствуйте', 'кто', 'выдает', 'справку', 'подтверждающую', 'получение', 'ежемесячной', 'выплаты', 'связи', 'рождением', 'первого', 'ребенка', 'как', 'можно', 'получить', 'справка', 'нужна', 'для', 'рассчета', 'дохода', 'семьи', 'оформления', 'компенсации', 'погребение', 'малоимущим', 'гражданам']","['кто', 'выдавать', 'справка', 'подтверждать', 'получение', 'ежемесячный', 'выплата', 'связь', 'рождение', 'первый', 'ребёнок', 'можно', 'получить', 'справка', 'нужный', 'рассчёт', 'доход', 'семья', 'оформление', 'компенсация', 'погребение', 'малоимущий', 'гражданин']",кто выдавать справка подтверждать получение ежемесячный выплата связь рождение первый ребёнок можно получить справка нужный рассчёт доход семья оформление компенсация погребение малоимущий гражданин,241,0.0,False,2022-02-23,,Социальное обслуживание и защита,Текст,Дата создания,,Направление
265,Мусор/Свалки/ТКО,2022-02-23,Сообщение без текста,appeal_000265,Сообщение без текста,Сообщение без текста,"['сообщение', 'без', 'текста']","['сообщение', 'текст']",сообщение текст,20,0.0,False,2022-02-23,,Мусор/Свалки/ТКО,Текст,Дата создания,,Направление
266,Образование,2022-02-23,Школа 8го вида в Выборгском районе несомненно нужна! Но насчёт места для строительства спорить не буду... Понимаю жителей района. И само место я не видела. Возможно рядом со ст.м.Парнас есть местечко для строительства такой школы?,appeal_000266,Школа 8го вида в Выборгском районе несомненно нужна! Но насчёт места для строительства спорить не буду... Понимаю жителей района. И само место я не видела. Возможно рядом со ст.м.Парнас есть местечко для строительства такой школы?,Школа 8го вида в Выборгском районе несомненно нужна! Но насчет места для строительства спорить не буду... Понимаю жителей района. И само место я не видела. Возможно рядом со ст.м.Парнас есть местечко для строительства такой школы?,"['школа', '8г', 'вида', 'выборгском', 'районе', 'несомненно', 'нужна', 'насчет', 'места', 'для', 'строительства', 'спорить', 'буду', 'понимаю', 'жителей', 'района', 'само', 'место', 'видела', 'возможно', 'рядом', 'парнас', 'есть', 'местечко', 'для', 'строительства', 'такой', 'школы']","['школа', 'вид', 'выборгский', 'несомненно', 'нужный', 'насчёт', 'место', 'строительство', 'спорить', 'понимать', 'житель', 'сам', 'место', 'видеть', 'возможно', 'рядом', 'парнас', 'есть', 'местечко', 'строительство', 'такой', 'школа']",школа вид выборгский несомненно нужный насчёт место строительство спорить понимать житель сам место видеть возможно рядом парнас есть местечко строительство такой школа,230,0.1,False,2022-02-23,Школа 8го,Образование,Текст,Дата создания,,Направление
267,Образование,2022-02-23,садик 3года строить?<br>На берегу Нахимовского озера за 6м-цев котетжн.настроили для продажи.Со всеми коммуникациями!,appeal_000267,садик 3года строить?<br>На берегу Нахимовского озера за 6м-цев котетжн.настроили для продажи.Со всеми коммуникациями!,садик 3года строить? На берегу Нахимовского озера за 6м-цев котетжн.настроили для продажи.Со всеми коммуникациями!,"['садик', '3г', 'ода', 'строить', 'берегу', 'нахимовского', 'озера', '6м', 'цев', 'котетжн', 'настроили', 'для', 'продажи', 'всеми', 'коммуникациями']","['садик', 'ода', 'строить', 'берег', 'нахимовский', 'озеро', 'цев', 'котетжн', 'настроить', 'продажа', 'весь', 'коммуникация']",садик ода строить берег нахимовский озеро цев котетжн настроить продажа весь коммуникация,114,0.1,False,2022-02-23,садик 3года,Образование,Текст,Дата создания,,Направление
268,Образование,2022-02-23,"Это проблема не только выборгского района, это проблема всего города! Почему школ и садов не хватает? Понастроили новостроек, а на счёт строительства соц.объектов особо не переживают!",appeal_000268,"Это проблема не только выборгского района, это проблема всего города! Почему школ и садов не хватает? Понастроили новостроек, а на счёт строительства соц.объектов особо не переживают!","Это проблема не только выборгского района, это проблема всего города! Почему школ и садов не хватает? Понастроили новостроек, а на счет строительства соц.объектов особо не переживают!","['это', 'проблема', 'только', 'выборгского', 'района', 'это', 'проблема', 'всего', 'города', 'почему', 'школ', 'садов', 'хватает', 'понастроили', 'новостроек', 'счет', 'строительства', 'соц', 'объектов', 'особо', 'переживают']","['проблема', 'выборгский', 'проблема', 'весь', 'почему', 'школа', 'сад', 'хватать', 'понастроить', 'новостройка', 'счёт', 'строительство', 'соц', 'объект', 'особо', 'переживать']",проблема выборгский проблема весь почему школа сад хватать понастроить новостройка счёт строительство соц объект особо переживать,183,0.2,False,2022-02-23,,Образование,Текст,Дата создания,,Направление
269,Общественный транспорт,2022-02-23,"Добрый вечер! Маршрут К-1 закрыли, а ничего, вместо него, не предложили. Каким образом добираться от театральной площади к Сенной???",appeal_000269,"Добрый вечер! Маршрут К-1 закрыли, а ничего, вместо него, не предложили. Каким образом добираться от театральной площади к Сенной???","Добрый вечер! Маршрут К-1 закрыли, а ничего, вместо него, не предложили. Каким образом добираться от театральной площади к Сенной???","['добрый', 'вечер', 'маршрут', '1', 'закрыли', 'ничего', 'вместо', 'него', 'предложили', 'каким', 'образом', 'добираться', 'театральной', 'площади', 'сенной']","['вечер', 'маршрут', 'закрыть', 'ничего', 'вместо', 'предложить', 'какой', 'образ', 'добираться', 'театральный', 'площадь', 'сенной']",вечер маршрут закрыть ничего вместо предложить какой образ добираться театральный площадь сенной,132,0.1,False,2022-02-23,,Общественный транспорт,Текст,Дата создания,,Направление
270,Автомобильные дороги,2022-02-23,"Администрация Приморского района так не хотела ставить ограждение газона, отправляла всех в непонятном направлении, не реагировала на обращение Фонтанки, что теперь газон после оттепели начали развозить колесами. И делают это все клиенты клиники Скандинавия, которая из-за своей жадности не предусмотрела парковку для своих клиентов и сотрудников.",appeal_000270,"Администрация Приморского района так не хотела ставить ограждение газона, отправляла всех в непонятном направлении, не реагировала на обращение Фонтанки, что теперь газон после оттепели начали развозить колесами. И делают это все клиенты клиники Скандинавия, которая из-за своей жадности не предусмотрела парковку для своих клиентов и сотрудников.","Администрация Приморского района так не хотела ставить ограждение газона, отправляла всех в непонятном направлении, не реагировала на обращение Фонтанки, что теперь газон после оттепели начали развозить колесами. И делают это все клиенты клиники Скандинавия, которая из-за своей жадности не предусмотрела парковку для своих клиентов и сотрудников.","['администрация', 'приморского', 'района', 'так', 'хотела', 'ставить', 'ограждение', 'газона', 'отправляла', 'всех', 'непонятном', 'направлении', 'реагировала', 'обращение', 'фонтанки', 'что', 'теперь', 'газон', 'после', 'оттепели', 'начали', 'развозить', 'колесами', 'делают', 'это', 'все', 'клиенты', 'клиники', 'скандинавия', 'которая', 'из-за', 'своей', 'жадности', 'предусмотрела', 'парковку', 'для', 'своих', 'клиентов', 'сотрудников']","['приморский', 'хотеть', 'ставить', 'ограждение', 'газон', 'отправлять', 'весь', 'непонятный', 'направление', 'реагировать', 'фонтанка', 'газон', 'после', 'оттепель', 'начать', 'развозить', 'колесо', 'делать', 'клиент', 'клиника', 'скандинавия', 'который', 'из-за', 'свой', 'жадность', 'предусмотреть', 'парковка', 'свой', 'клиент', 'сотрудник']",приморский хотеть ставить ограждение газон отправлять весь непонятный направление реагировать фонтанка газон после оттепель начать развозить колесо делать клиент клиника скандинавия который из-за свой жадность предусмотреть парковка свой клиент сотрудник,347,0.0,False,2022-02-23,,Автомобильные дороги,Текст,Дата создания,,Направление
271,Автомобильные дороги,2022-02-23,Сорвало знак. Может полностью оторвать. И повредить машины или людей,appeal_000271,Сорвало знак. Может полностью оторвать. И повредить машины или людей,Сорвало знак. Может полностью оторвать. И повредить машины или людей,"['сорвало', 'знак', 'может', 'полностью', 'оторвать', 'повредить', 'машины', 'или', 'людей']","['сорвать', 'знак', 'мочь', 'полностью', 'оторвать', 'повредить', 'машина', 'человек']",сорвать знак мочь полностью оторвать повредить машина человек,68,0.0,False,2022-02-23,,Автомобильные дороги,Текст,Дата создания,,Направление
272,Мусор,2022-02-23,"Из контейнерной площадки по адресу Лиговский проспект, 114 лит Г плохо вывозят мусор. Постоянно переполненные баки.",appeal_000272,"Из контейнерной площадки по адресу Лиговский проспект, 114 лит Г плохо вывозят мусор. Постоянно переполненные баки.","Из контейнерной площадки по адресу Лиговский проспект, 114 лит Г плохо вывозят мусор. Постоянно переполненные баки.","['контейнерной', 'площадки', 'адресу', 'лиговский', 'проспект', '114', 'лит', 'плохо', 'вывозят', 'мусор', 'постоянно', 'переполненные', 'баки']","['контейнерный', 'площадка', 'адрес', 'лиговский', 'проспект', '114', 'лита', 'плохо', 'вывозить', 'мусор', 'постоянно', 'переполненный', 'бак']",контейнерный площадка адрес лиговский проспект 114 лита плохо вывозить мусор постоянно переполненный бак,115,0.0,False,2022-02-23,,Мусор,Текст,Дата создания,,Направление
273,Мусор,2022-02-23,"УК ООО ""Космосервис третья"". Адрес: Санкт-Петербург ул летчика лихолетова 14/2 На огромный двор с 4-мя домами две мусорки, и те в ужасном состоянии. Мусор валяется и не убирается под баками. Плюс наледь горбом. Около Мусорки даже песком не посыпано. Попробуй, подойди и не сломай ноги. Жители неоднократно видели бегающих мышей. И это новый дом, где толпы народу живут и коммуналку платят.",appeal_000273,"УК ООО ""Космосервис третья"". Адрес: Санкт-Петербург ул летчика лихолетова 14/2 На огромный двор с 4-мя домами две мусорки, и те в ужасном состоянии. Мусор валяется и не убирается под баками. Плюс наледь горбом. Около Мусорки даже песком не посыпано. Попробуй, подойди и не сломай ноги. Жители неоднократно видели бегающих мышей. И это новый дом, где толпы народу живут и коммуналку платят.","УК ООО Космосервис третья . Адрес: Санкт-Петербург ул летчика лихолетова 14/2 На огромный двор с 4-мя домами две мусорки, и те в ужасном состоянии. Мусор валяется и не убирается под баками. Плюс наледь горбом. Около Мусорки даже песком не посыпано. Попробуй, подойди и не сломай ноги. Жители неоднократно видели бегающих мышей. И это новый дом, где толпы народу живут и коммуналку платят.","['ооо', 'космосервис', 'третья', 'адрес', 'санкт-петербург', 'летчика', 'лихолетова', '14', '2', 'огромный', 'двор', '4', 'домами', 'две', 'мусорки', 'ужасном', 'состоянии', 'мусор', 'валяется', 'убирается', 'под', 'баками', 'плюс', 'наледь', 'горбом', 'около', 'мусорки', 'даже', 'песком', 'посыпано', 'попробуй', 'подойди', 'сломай', 'ноги', 'жители', 'неоднократно', 'видели', 'бегающих', 'мышей', 'это', 'новый', 'дом', 'где', 'толпы', 'народу', 'живут', 'коммуналку', 'платят']","['ооо', 'космосервис', 'третий', 'адрес', 'санкт-петербург', 'лётчик', 'лихолетов', 'огромный', 'двор', 'дом', 'два', 'мусорк', 'ужасный', 'состояние', 'мусор', 'валяться', 'убираться', 'бак', 'плюс', 'наледь', 'горб', 'около', 'мусорк', 'песок', 'посыпать', 'попробовать', 'подойти', 'сломать', 'нога', 'житель', 'неоднократно', 'видеть', 'бегать', 'мышь', 'новый', 'дом', 'где', 'толпа', 'народ', 'жить', 'коммуналка', 'платить']",ооо космосервис третий адрес санкт-петербург лётчик лихолетов огромный двор дом два мусорк ужасный состояние мусор валяться убираться бак плюс наледь горб около мусорк песок посыпать попробовать подойти сломать нога житель неоднократно видеть бегать мышь новый дом где толпа народ жить коммуналка платить,388,0.2,False,2022-02-23,ул летчика лихолетова 14/2,Мусор,Текст,Дата создания,,Направление
274,Мусор,2022-02-23,Переполнение мусорного контейнера. Не вывозится КГМ.,appeal_000274,Переполнение мусорного контейнера. Не вывозится КГМ.,Переполнение мусорного контейнера. Не вывозится КГМ.,"['переполнение', 'мусорного', 'контейнера', 'вывозится', 'кгм']","['переполнение', 'мусорный', 'контейнер', 'вывозиться', 'кгм']",переполнение мусорный контейнер вывозиться кгм,52,0.0,False,2022-02-23,,Мусор,Текст,Дата создания,,Направление
275,Мусор,2022-02-23,"Несколько дней не вывозится мусор, гора растёт!",appeal_000275,"Несколько дней не вывозится мусор, гора растёт!","Несколько дней не вывозится мусор, гора растет!","['несколько', 'дней', 'вывозится', 'мусор', 'гора', 'растет']","['несколько', 'вывозиться', 'мусор', 'гора', 'расти']",несколько вывозиться мусор гора расти,47,0.1,False,2022-02-23,,Мусор,Текст,Дата создания,,Направление
276,Мусор,2022-02-23,"Добрый день, мусор в жк палаццо не вывозится неделями, создаёт антисанитарные условия. Обращения в управляющую компанию не дают результат. Прошу оперативно решить проблему.",appeal_000276,"Добрый день, мусор в жк палаццо не вывозится неделями, создаёт антисанитарные условия. Обращения в управляющую компанию не дают результат. Прошу оперативно решить проблему.","Добрый день, мусор в жк палаццо не вывозится неделями, создает антисанитарные условия. Обращения в управляющую компанию не дают результат. Прошу оперативно решить проблему.","['добрый', 'день', 'мусор', 'палаццо', 'вывозится', 'неделями', 'создает', 'антисанитарные', 'условия', 'обращения', 'управляющую', 'компанию', 'дают', 'результат', 'прошу', 'оперативно', 'решить', 'проблему']","['мусор', 'палаццо', 'вывозиться', 'неделя', 'создавать', 'антисанитарный', 'условие', 'управлять', 'компания', 'давать', 'результат', 'оперативно', 'решить', 'проблема']",мусор палаццо вывозиться неделя создавать антисанитарный условие управлять компания давать результат оперативно решить проблема,172,0.0,False,2022-02-23,,Мусор,Текст,Дата создания,,Направление
277,Мусор,2022-02-23,"Во дворе дома по адресу пр Обуховской Обороны, 243, Огромный мусорный контейнер не вывозят несколько месяцев! Когда уберут этот мусор из двора?",appeal_000277,"Во дворе дома по адресу пр Обуховской Обороны, 243, Огромный мусорный контейнер не вывозят несколько месяцев! Когда уберут этот мусор из двора?","Во дворе дома по адресу пр Обуховской Обороны, 243, Огромный мусорный контейнер не вывозят несколько месяцев! Когда уберут этот мусор из двора?","['дворе', 'дома', 'адресу', 'обуховской', 'обороны', '243', 'огромный', 'мусорный', 'контейнер', 'вывозят', 'несколько', 'месяцев', 'когда', 'уберут', 'этот', 'мусор', 'двора']","['двор', 'дом', 'адрес', 'обуховский', 'оборона', '243', 'огромный', 'мусорный', 'контейнер', 'вывозить', 'несколько', 'месяц', 'убрать', 'мусор', 'двор']",двор дом адрес обуховский оборона 243 огромный мусорный контейнер вывозить несколько месяц убрать мусор двор,143,0.1,False,2022-02-23,,Мусор,Текст,Дата создания,,Направление
278,Мусор,2022-02-23,"Управляющая компания вывозит мусорные баки прямо перед парадными задолго до вывоза мусора и мы все это время ходим мимо гор мусора. Сегодня же вывоз мусора вообще не состоялся и эти горы стоят день с самого утра. Прилагаю несколько фото, но такое происходит у каждой парадной нашего дома.",appeal_000278,"Управляющая компания вывозит мусорные баки прямо перед парадными задолго до вывоза мусора и мы все это время ходим мимо гор мусора. Сегодня же вывоз мусора вообще не состоялся и эти горы стоят день с самого утра. Прилагаю несколько фото, но такое происходит у каждой парадной нашего дома.","Управляющая компания вывозит мусорные баки прямо перед парадными задолго до вывоза мусора и мы все это время ходим мимо гор мусора. Сегодня же вывоз мусора вообще не состоялся и эти горы стоят день с самого утра. Прилагаю несколько фото, но такое происходит у каждой парадной нашего дома.","['управляющая', 'компания', 'вывозит', 'мусорные', 'баки', 'прямо', 'перед', 'парадными', 'задолго', 'вывоза', 'мусора', 'все', 'это', 'время', 'ходим', 'мимо', 'гор', 'мусора', 'сегодня', 'вывоз', 'мусора', 'вообще', 'состоялся', 'эти', 'горы', 'стоят', 'день', 'самого', 'утра', 'прилагаю', 'несколько', 'фото', 'такое', 'происходит', 'каждой', 'парадной', 'нашего', 'дома']","['управлять', 'компания', 'вывозить', 'мусорный', 'бак', 'прямо', 'перед', 'парадное', 'задолго', 'вывоз', 'мусор', 'время', 'ходить', 'мимо', 'гора', 'мусор', 'сегодня', 'вывоз', 'мусор', 'вообще', 'состояться', 'гора', 'стоять', 'сам', 'утро', 'прилагать', 'несколько', 'фото', 'такой', 'происходить', 'каждый', 'парадный', 'наш', 'дом']",управлять компания вывозить мусорный бак прямо перед парадное задолго вывоз мусор время ходить мимо гора мусор сегодня вывоз мусор вообще состояться гора стоять сам утро прилагать несколько фото такой происходить каждый парадный наш дом,288,0.0,False,2022-02-23,,Мусор,Текст,Дата создания,,Направление
279,Мусор,2022-02-23,Не убирается мусор,appeal_000279,Не убирается мусор,Не убирается мусор,"['убирается', 'мусор']","['убираться', 'мусор']",убираться мусор,18,0.0,False,2022-02-23,,Мусор,Текст,Дата создания,,Направление
280,Медицина,2022-02-23,"Недавно я болела и вызывала 24.01.2022 врача по номеру 122. Врач не приехал, когда мне стало лучше,а именно 31.01.2022 я пришла в 88 поликлинику. Меня не выписали, но открыли больничный с даты вызова врача, т е вызывала я его 24го , 25го я не пошла на работу. Сейчас узнала, что больничный был открыт с 26го. Можете вы поднять история вызова врача по номеру 122 24 января по адресу Петергофское шоссе дом 59 кВ 265 для Голубевой Анны. Нужно исправить дату открытия больничного листа . Спасибо",appeal_000280,"Недавно я болела и вызывала 24.01.2022 врача по номеру 122. Врач не приехал, когда мне стало лучше,а именно 31.01.2022 я пришла в 88 поликлинику. Меня не выписали, но открыли больничный с даты вызова врача, т е вызывала я его 24го , 25го я не пошла на работу. Сейчас узнала, что больничный был открыт с 26го. Можете вы поднять история вызова врача по номеру 122 24 января по адресу Петергофское шоссе дом 59 кВ 265 для Голубевой Анны. Нужно исправить дату открытия больничного листа . Спасибо","Недавно я болела и вызывала 24.01.2022 врача по номеру 122. Врач не приехал, когда мне стало лучше,а именно 31.01.2022 я пришла в 88 поликлинику. Меня не выписали, но открыли больничный с даты вызова врача, т е вызывала я его 24го , 25го я не пошла на работу. Сейчас узнала, что больничный был открыт с 26го. Можете вы поднять история вызова врача по номеру 122 24 января по адресу Петергофское шоссе дом 59 кВ 265 для Голубевой Анны. Нужно исправить дату открытия больничного листа . Спасибо","['недавно', 'болела', 'вызывала', '24', '01', '2022', 'врача', 'номеру', '122', 'врач', 'приехал', 'когда', 'мне', 'стало', 'лучше', 'именно', '31', '01', '2022', 'пришла', '88', 'поликлинику', 'меня', 'выписали', 'открыли', 'больничный', 'даты', 'вызова', 'врача', 'вызывала', 'его', '24г', '25г', 'пошла', 'работу', 'сейчас', 'узнала', 'что', 'больничный', 'был', 'открыт', '26г', 'можете', 'поднять', 'история', 'вызова', 'врача', 'номеру', '122', '24', 'января', 'адресу', 'петергофское', 'шоссе', 'дом', '59', '265', 'для', 'голубевой', 'анны', 'нужно', 'исправить', 'дату', 'открытия', 'больничного', 'листа', 'спасибо']","['недавно', 'болеть', 'вызывать', '2022', 'врач', 'номер', '122', 'врач', 'приехать', 'стать', 'хороший', 'именно', '2022', 'прийти', 'поликлиника', 'выписать', 'открыть', 'больничный', 'дата', 'вызов', 'врач', 'вызывать', '24г', '25г', 'пойти', 'работа', 'сейчас', 'узнать', 'больничный', 'открыть', '26г', 'мочь', 'поднять', 'история', 'вызов', 'врач', 'номер', '122', 'январь', 'адрес', 'петергофский', 'шоссе', 'дом', '265', 'голубев', 'анна', 'нужно', 'исправить', 'дата', 'открытие', 'больничный', 'лист', 'спасибо']",недавно болеть вызывать 2022 врач номер 122 врач приехать стать хороший именно 2022 прийти поликлиника выписать открыть больничный дата вызов врач вызывать 24г 25г пойти работа сейчас узнать больничный открыть 26г мочь поднять история вызов врач номер 122 январь адрес петергофский шоссе дом 265 голубев анна нужно исправить дата открытие больничный лист спасибо,492,0.0,False,2022-02-23,болела и вызывала 24,Медицина,Текст,Дата создания,,Направление
281,Мусор,2022-02-23,"У нас частный дом в посёлке Александровская Пушкинского района города Санкт-Петербурга. После мусорной реформы от 01.01.2022, из нашего собственного контейнера, который переполнен до краев, мусор никто не вывозит. Соответственно, уже 2 месяца мы не знаем, что делать с этой проблемой и куда нам носить наш новый мусор, учитывая, что в радиусе даже 1 километра, организованные мусорные контейнеры отсутствуют. По правилам СанПиН, мусорный контейнер должен располагаться на расстоянии от 20 до 100 метров. Самое поразительное то, что в квитанции за январь, нам в счёт была включена услуга НЭО, в размере 320р. Но данная услуга нам не оказывается! Прошу разъяснить сложившуюся ситуацию.",appeal_000281,"У нас частный дом в посёлке Александровская Пушкинского района города Санкт-Петербурга. После мусорной реформы от 01.01.2022, из нашего собственного контейнера, который переполнен до краев, мусор никто не вывозит. Соответственно, уже 2 месяца мы не знаем, что делать с этой проблемой и куда нам носить наш новый мусор, учитывая, что в радиусе даже 1 километра, организованные мусорные контейнеры отсутствуют. По правилам СанПиН, мусорный контейнер должен располагаться на расстоянии от 20 до 100 метров. Самое поразительное то, что в квитанции за январь, нам в счёт была включена услуга НЭО, в размере 320р. Но данная услуга нам не оказывается! Прошу разъяснить сложившуюся ситуацию.","У нас частный дом в поселке Александровская Пушкинского района города Санкт-Петербурга. После мусорной реформы от 01.01.2022, из нашего собственного контейнера, который переполнен до краев, мусор никто не вывозит. Соответственно, уже 2 месяца мы не знаем, что делать с этой проблемой и куда нам носить наш новый мусор, учитывая, что в радиусе даже 1 километра, организованные мусорные контейнеры отсутствуют. По правилам СанПиН, мусорный контейнер должен располагаться на расстоянии от 20 до 100 метров. Самое поразительное то, что в квитанции за январь, нам в счет была включена услуга НЭО, в размере 320р. Но данная услуга нам не оказывается! Прошу разъяснить сложившуюся ситуацию.","['нас', 'частный', 'дом', 'поселке', 'александровская', 'пушкинского', 'района', 'города', 'санкт-петербурга', 'после', 'мусорной', 'реформы', '01', '01', '2022', 'нашего', 'собственного', 'контейнера', 'который', 'переполнен', 'краев', 'мусор', 'никто', 'вывозит', 'соответственно', 'уже', '2', 'месяца', 'знаем', 'что', 'делать', 'этой', 'проблемой', 'куда', 'нам', 'носить', 'наш', 'новый', 'мусор', 'учитывая', 'что', 'радиусе', 'даже', '1', 'километра', 'организованные', 'мусорные', 'контейнеры', 'отсутствуют', 'правилам', 'санпин', 'мусорный', 'контейнер', 'должен', 'располагаться', 'расстоянии', '20', '100', 'метров', 'самое', 'поразительное', 'что', 'квитанции', 'январь', 'нам', 'счет', 'была', 'включена', 'услуга', 'нэо', 'размере', '320р', 'данная', 'услуга', 'нам', 'оказывается', 'прошу', 'разъяснить', 'сложившуюся', 'ситуацию']","['частный', 'дом', 'посёлок', 'александровский', 'пушкинский', 'санкт-петербург', 'после', 'мусорный', 'реформа', '2022', 'наш', 'собственный', 'контейнер', 'который', 'переполненный', 'край', 'мусор', 'никто', 'вывозить', 'соответственно', 'месяц', 'знать', 'делать', 'проблема', 'куда', 'носить', 'наш', 'новый', 'мусор', 'учитывать', 'радиус', 'километр', 'организовать', 'мусорный', 'контейнер', 'отсутствовать', 'правило', 'санпин', 'мусорный', 'контейнер', 'должный', 'располагаться', 'расстояние', '100', 'метр', 'самый', 'поразительный', 'квитанция', 'январь', 'счёт', 'включить', 'услуга', 'нэо', 'размер', '320р', 'дать', 'услуга', 'оказываться', 'разъяснить', 'сложиться', 'ситуация']",частный дом посёлок александровский пушкинский санкт-петербург после мусорный реформа 2022 наш собственный контейнер который переполненный край мусор никто вывозить соответственно месяц знать делать проблема куда носить наш новый мусор учитывать радиус километр организовать мусорный контейнер отсутствовать правило санпин мусорный контейнер должный располагаться расстояние 100 метр самый поразительный квитанция январь счёт включить услуга нэо размер 320р дать услуга оказываться разъяснить сложиться ситуация,683,0.1,False,2022-02-23,мусорной реформы от 01,Мусор,Текст,Дата создания,,Направление
282,Дворы и территории общего пользования,2022-02-23,Вновь демонтируйте незаконную рекламу.,appeal_000282,Вновь демонтируйте незаконную рекламу.,Вновь демонтируйте незаконную рекламу.,"['вновь', 'демонтируйте', 'незаконную', 'рекламу']","['вновь', 'демонтировать', 'незаконный', 'реклама']",вновь демонтировать незаконный реклама,38,0.0,False,2022-02-23,,Дворы и территории общего пользования,Текст,Дата создания,,Направление
283,Автомобильные дороги,2022-02-23,"УК Эксплуатация Главстрой ни разу за 2 года не убрала взъезд в паркинг 27-Н (въезд с ул. Розенштейна) горы песка и мусора, на жалобы жителей не реагирую совсем",appeal_000283,"УК Эксплуатация Главстрой ни разу за 2 года не убрала взъезд в паркинг 27-Н (въезд с ул. Розенштейна) горы песка и мусора, на жалобы жителей не реагирую совсем","УК Эксплуатация Главстрой ни разу за 2 года не убрала взъезд в паркинг 27-Н въезд с ул. Розенштейна горы песка и мусора, на жалобы жителей не реагирую совсем","['эксплуатация', 'главстрой', 'разу', '2', 'года', 'убрала', 'взъезд', 'паркинг', '27', 'въезд', 'розенштейна', 'горы', 'песка', 'мусора', 'жалобы', 'жителей', 'реагирую', 'совсем']","['эксплуатация', 'главстроить', 'раз', 'год', 'убрать', 'взъезд', 'паркинг', 'въезд', 'розенштейн', 'гора', 'песок', 'мусор', 'жалоба', 'житель', 'реагировать', 'совсем']",эксплуатация главстроить раз год убрать взъезд паркинг въезд розенштейн гора песок мусор жалоба житель реагировать совсем,157,0.0,False,2022-02-23,ни разу за 2,Автомобильные дороги,Текст,Дата создания,,Направление
284,Мусор,2022-02-23,"В Колпинском районе г. СПб по адресу бульвар Трудящихся дом 17, рядом с домом находится место для сбора мусора, который не вывозят регулярно, а кроме всего мусор разбросан вокруг контейнера и разносится ветром ещё дальше. Зрелище жуткое, антисанитария полная, территория превратилась в ""свинарник"". Сколько может это продолжаться!??? Огромная просьба наладить регулярный вывоз мусора и очистку прилегающей территории!!!",appeal_000284,"В Колпинском районе г. СПб по адресу бульвар Трудящихся дом 17, рядом с домом находится место для сбора мусора, который не вывозят регулярно, а кроме всего мусор разбросан вокруг контейнера и разносится ветром ещё дальше. Зрелище жуткое, антисанитария полная, территория превратилась в ""свинарник"". Сколько может это продолжаться!??? Огромная просьба наладить регулярный вывоз мусора и очистку прилегающей территории!!!","В Колпинском районе г. СПб по адресу бульвар Трудящихся дом 17, рядом с домом находится место для сбора мусора, который не вывозят регулярно, а кроме всего мусор разбросан вокруг контейнера и разносится ветром еще дальше. Зрелище жуткое, антисанитария полная, территория превратилась в свинарник . Сколько может это продолжаться!??? Огромная просьба наладить регулярный вывоз мусора и очистку прилегающей территории!!!","['колпинском', 'районе', 'спб', 'адресу', 'бульвар', 'трудящихся', 'дом', '17', 'рядом', 'домом', 'находится', 'место', 'для', 'сбора', 'мусора', 'который', 'вывозят', 'регулярно', 'кроме', 'всего', 'мусор', 'разбросан', 'вокруг', 'контейнера', 'разносится', 'ветром', 'еще', 'дальше', 'зрелище', 'жуткое', 'антисанитария', 'полная', 'территория', 'превратилась', 'свинарник', 'сколько', 'может', 'это', 'продолжаться', 'огромная', 'просьба', 'наладить', 'регулярный', 'вывоз', 'мусора', 'очистку', 'прилегающей', 'территории']","['колпинский', 'спб', 'адрес', 'бульвар', 'трудящийся', 'дом', 'рядом', 'дом', 'находиться', 'место', 'сбор', 'мусор', 'который', 'вывозить', 'регулярно', 'кроме', 'весь', 'мусор', 'разбросать', 'вокруг', 'контейнер', 'разноситься', 'ветер', 'далёкий', 'зрелище', 'жуткий', 'антисанитария', 'полный', 'территория', 'превратиться', 'свинарник', 'сколько', 'мочь', 'продолжаться', 'огромный', 'просьба', 'наладить', 'регулярный', 'вывоз', 'мусор', 'очистка', 'прилегать', 'территория']",колпинский спб адрес бульвар трудящийся дом рядом дом находиться место сбор мусор который вывозить регулярно кроме весь мусор разбросать вокруг контейнер разноситься ветер далёкий зрелище жуткий антисанитария полный территория превратиться свинарник сколько мочь продолжаться огромный просьба наладить регулярный вывоз мусор очистка прилегать территория,418,0.3,False,2022-02-23,бульвар Трудящихся дом 17,Мусор,Текст,Дата создания,,Направление
285,Автомобильные дороги,2022-02-23,"Плохая уборка снега на территории МКД, не обработан лёд, не вывозят снег с парковочных мест",appeal_000285,"Плохая уборка снега на территории МКД, не обработан лёд, не вывозят снег с парковочных мест","Плохая уборка снега на территории МКД, не обработан лед, не вывозят снег с парковочных мест","['плохая', 'уборка', 'снега', 'территории', 'мкд', 'обработан', 'лед', 'вывозят', 'снег', 'парковочных', 'мест']","['плохой', 'уборка', 'снег', 'территория', 'мкд', 'обработать', 'лёд', 'вывозить', 'снег', 'парковочный', 'место']",плохой уборка снег территория мкд обработать лёд вывозить снег парковочный место,91,0.0,False,2022-02-23,,Автомобильные дороги,Текст,Дата создания,,Направление
286,Многоквартирные дома,2022-02-23,7 парадная. Постоянно ломается лифт. Сейчас снова сломан. Для ЦУР: Калининский район. пр-т Мечникова д. 11.,appeal_000286,7 парадная. Постоянно ломается лифт. Сейчас снова сломан. Для ЦУР: Калининский район. пр-т Мечникова д. 11.,7 парадная. Постоянно ломается лифт. Сейчас снова сломан. Для ЦУР: Калининский район. пр-т Мечникова д. 11.,"['7', 'парадная', 'постоянно', 'ломается', 'лифт', 'сейчас', 'снова', 'сломан', 'для', 'цур', 'калининский', 'район', 'пр-т', 'мечникова', '11']","['парадный', 'постоянно', 'ломаться', 'лифт', 'сейчас', 'снова', 'сломать', 'цур', 'калининский', 'пр-т', 'мечников']",парадный постоянно ломаться лифт сейчас снова сломать цур калининский пр-т мечников,107,0.0,False,2022-02-23,,Многоквартирные дома,Текст,Дата создания,,Направление
287,Дворы и территории общего пользования,2022-02-23,"Не очищен пандус, гололед",appeal_000287,"Не очищен пандус, гололед","Не очищен пандус, гололед","['очищен', 'пандус', 'гололед']","['очистить', 'пандус', 'гололёд']",очистить пандус гололёд,25,0.0,False,2022-02-23,,Дворы и территории общего пользования,Текст,Дата создания,,Направление
288,Автомобильные дороги,2022-02-23,Разломанная грузовыми машинами дорога,appeal_000288,Разломанная грузовыми машинами дорога,Разломанная грузовыми машинами дорога,"['разломанная', 'грузовыми', 'машинами', 'дорога']","['разломать', 'грузовой', 'машина', 'дорога']",разломать грузовой машина дорога,37,0.0,False,2022-02-23,,Автомобильные дороги,Текст,Дата создания,,Направление
289,Общественный транспорт,2022-02-23,Не работает информационное табло прибытия общественного транспорта. Прошу принять меры для восстановления его работоспособности.,appeal_000289,Не работает информационное табло прибытия общественного транспорта. Прошу принять меры для восстановления его работоспособности.,Не работает информационное табло прибытия общественного транспорта. Прошу принять меры для восстановления его работоспособности.,"['работает', 'информационное', 'табло', 'прибытия', 'общественного', 'транспорта', 'прошу', 'принять', 'меры', 'для', 'восстановления', 'его', 'работоспособности']","['работать', 'информационный', 'табло', 'прибытие', 'общественный', 'транспорт', 'принять', 'восстановление', 'работоспособность']",работать информационный табло прибытие общественный транспорт принять восстановление работоспособность,128,0.0,False,2022-02-23,,Общественный транспорт,Текст,Дата создания,,Направление
290,Дворы и территории общего пользования,2022-02-23,"Спуск по лестнице, к ресторану «Мясо и хлеб» (Коммуны, д. 63) - один сплошной каток.",appeal_000290,"Спуск по лестнице, к ресторану «Мясо и хлеб» (Коммуны, д. 63) - один сплошной каток.","Спуск по лестнице, к ресторану Мясо и хлеб Коммуны, д. 63 - один сплошной каток.","['спуск', 'лестнице', 'ресторану', 'мясо', 'хлеб', 'коммуны', '63', 'один', 'сплошной', 'каток']","['спуск', 'лестница', 'ресторан', 'мясо', 'хлеб', 'коммуна', 'один', 'сплошной', 'каток']",спуск лестница ресторан мясо хлеб коммуна один сплошной каток,80,0.0,False,2022-02-23,,Дворы и территории общего пользования,Текст,Дата создания,,Направление
291,Медицина,2022-02-23,"Добрый вечер. Не можем найти выход из положения. Подскажите пожалуйста. Мой сын учится в одном из вузов Санкт-Петербурга . Ранее проживал за рубежом , где и сделал прививки (3) от ковида P fiber. Последняя прививка была сделана 29 12.2021 года. Имеется справка европейского образца на английском языке. Однако его не пускают в общественные места ( музеи, театры, магазины,...) т.к. он привит P fiber, и нет кода . Что ему делать ведь он не может ещё раз привиться от ковида Спутником С уважением Наталья михайловна",appeal_000291,"Добрый вечер. Не можем найти выход из положения. Подскажите пожалуйста. Мой сын учится в одном из вузов Санкт-Петербурга . Ранее проживал за рубежом , где и сделал прививки (3) от ковида P fiber. Последняя прививка была сделана 29 12.2021 года. Имеется справка европейского образца на английском языке. Однако его не пускают в общественные места ( музеи, театры, магазины,...) т.к. он привит P fiber, и нет кода . Что ему делать ведь он не может ещё раз привиться от ковида Спутником С уважением Наталья михайловна","Добрый вечер. Не можем найти выход из положения. Подскажите пожалуйста. Мой сын учится в одном из вузов Санкт-Петербурга . Ранее проживал за рубежом , где и сделал прививки 3 от ковида P fiber. Последняя прививка была сделана 29 12.2021 года. Имеется справка европейского образца на английском языке. Однако его не пускают в общественные места музеи, театры, магазины,... т.к. он привит P fiber, и нет кода . Что ему делать ведь он не может еще раз привиться от ковида Спутником С уважением Наталья михайловна","['добрый', 'вечер', 'можем', 'найти', 'выход', 'положения', 'подскажите', 'пожалуйста', 'мой', 'сын', 'учится', 'одном', 'вузов', 'санкт-петербурга', 'ранее', 'проживал', 'рубежом', 'где', 'сделал', 'прививки', '3', 'ковида', 'fiber', 'последняя', 'прививка', 'была', 'сделана', '29', '12', '2021', 'года', 'имеется', 'справка', 'европейского', 'образца', 'английском', 'языке', 'однако', 'его', 'пускают', 'общественные', 'места', 'музеи', 'театры', 'магазины', 'привит', 'fiber', 'нет', 'кода', 'что', 'ему', 'делать', 'ведь', 'может', 'еще', 'раз', 'привиться', 'ковида', 'спутником', 'уважением', 'наталья', 'михайловна']","['вечер', 'мочь', 'найти', 'выход', 'положение', 'подсказать', 'пожалуйста', 'мой', 'сын', 'учиться', 'один', 'вуз', 'санкт-петербург', 'ранее', 'проживать', 'рубеж', 'где', 'сделать', 'прививка', 'ковид', 'fiber', 'последний', 'прививка', 'сделать', '2021', 'год', 'иметься', 'справка', 'европейский', 'образец', 'английский', 'язык', 'однако', 'пускать', 'общественный', 'место', 'музей', 'театр', 'магазин', 'привить', 'fiber', 'код', 'делать', 'ведь', 'мочь', 'раз', 'привиться', 'ковид', 'спутник', 'уважение', 'наталья', 'михаилович']",вечер мочь найти выход положение подсказать пожалуйста мой сын учиться один вуз санкт-петербург ранее проживать рубеж где сделать прививка ковид fiber последний прививка сделать 2021 год иметься справка европейский образец английский язык однако пускать общественный место музей театр магазин привить fiber код делать ведь мочь раз привиться ковид спутник уважение наталья михаилович,509,0.0,False,2022-02-23,сделал прививки 3,Медицина,Текст,Дата создания,,Направление
292,Многоквартирные дома,2022-02-23,"В 1-м подъезде по адресу: ул.Ярослава Гашека лом 12/100 по несколько месяцев не убирается 1-ый этаж, лестница убиралась только год назад! стены и углы - с грязью. Фото прилагаю, и так на каждом этаже. На жалобы УК ЖКС 3 не реагирует. Просьба принять соответствующие меры.",appeal_000292,"В 1-м подъезде по адресу: ул.Ярослава Гашека лом 12/100 по несколько месяцев не убирается 1-ый этаж, лестница убиралась только год назад! стены и углы - с грязью. Фото прилагаю, и так на каждом этаже. На жалобы УК ЖКС 3 не реагирует. Просьба принять соответствующие меры.","В 1-м подъезде по адресу: ул.Ярослава Гашека лом 12/100 по несколько месяцев не убирается 1-ый этаж, лестница убиралась только год назад! стены и углы - с грязью. Фото прилагаю, и так на каждом этаже. На жалобы УК ЖКС 3 не реагирует. Просьба принять соответствующие меры.","['1', 'подъезде', 'адресу', 'ярослава', 'гашека', 'лом', '12', '100', 'несколько', 'месяцев', 'убирается', '1', 'этаж', 'лестница', 'убиралась', 'только', 'год', 'назад', 'стены', 'углы', 'грязью', 'фото', 'прилагаю', 'так', 'каждом', 'этаже', 'жалобы', 'жкс', '3', 'реагирует', 'просьба', 'принять', 'соответствующие', 'меры']","['подъезд', 'адрес', 'ярослав', 'гашек', 'лом', '100', 'несколько', 'месяц', 'убираться', 'этаж', 'лестница', 'убираться', 'год', 'назад', 'стена', 'угол', 'грязь', 'фото', 'прилагать', 'каждый', 'этаж', 'жалоба', 'жкс', 'реагировать', 'просьба', 'принять', 'соответствующий']",подъезд адрес ярослав гашек лом 100 несколько месяц убираться этаж лестница убираться год назад стена угол грязь фото прилагать каждый этаж жалоба жкс реагировать просьба принять соответствующий,271,0.1,False,2022-02-23,Ярослава Гашека лом 12/100,Многоквартирные дома,Текст,Дата создания,,Направление
293,Дворы и территории общего пользования,2022-02-23,"темнота, ни одного фонарного столба",appeal_000293,"темнота, ни одного фонарного столба","темнота, ни одного фонарного столба","['темнота', 'одного', 'фонарного', 'столба']","['темнота', 'один', 'фонарный', 'столб']",темнота один фонарный столб,35,0.0,False,2022-02-23,,Дворы и территории общего пользования,Текст,Дата создания,,Направление
294,Дворы и территории общего пользования,2022-02-23,"Добрый день! Второй раз за этот месяц ЖКС 2 вешает такие объявления по адресу Тихорецкий 31/2. Первый раз данное объявление было повешено об уборке 12.02.22, в этот раз уборку планировали на 22.02.22. Во дворе со стороны Тихорецкого было минимальное кол-во машин, но к уборке за весь день Жилконтора даже не притрагивалась. Интересно, проведено ли это было документально, что контора уборкой якобы «занималась» в данные дни. Требую провести проверку по данному вопросу, очень уж интересно, почему объявления у нас появляются, а обещанную зачистку так и не провели. Хотя она нам, вполне себе, нужна.",appeal_000294,"Добрый день! Второй раз за этот месяц ЖКС 2 вешает такие объявления по адресу Тихорецкий 31/2. Первый раз данное объявление было повешено об уборке 12.02.22, в этот раз уборку планировали на 22.02.22. Во дворе со стороны Тихорецкого было минимальное кол-во машин, но к уборке за весь день Жилконтора даже не притрагивалась. Интересно, проведено ли это было документально, что контора уборкой якобы «занималась» в данные дни. Требую провести проверку по данному вопросу, очень уж интересно, почему объявления у нас появляются, а обещанную зачистку так и не провели. Хотя она нам, вполне себе, нужна.","Добрый день! Второй раз за этот месяц ЖКС 2 вешает такие объявления по адресу Тихорецкий 31/2. Первый раз данное объявление было повешено об уборке 12.02.22, в этот раз уборку планировали на 22.02.22. Во дворе со стороны Тихорецкого было минимальное кол-во машин, но к уборке за весь день Жилконтора даже не притрагивалась. Интересно, проведено ли это было документально, что контора уборкой якобы занималась в данные дни. Требую провести проверку по данному вопросу, очень уж интересно, почему объявления у нас появляются, а обещанную зачистку так и не провели. Хотя она нам, вполне себе, нужна.","['добрый', 'день', 'второй', 'раз', 'этот', 'месяц', 'жкс', '2', 'вешает', 'такие', 'объявления', 'адресу', 'тихорецкий', '31', '2', 'первый', 'раз', 'данное', 'объявление', 'было', 'повешено', 'уборке', '12', '02', '22', 'этот', 'раз', 'уборку', 'планировали', '22', '02', '22', 'дворе', 'стороны', 'тихорецкого', 'было', 'минимальное', 'кол-во', 'машин', 'уборке', 'весь', 'день', 'жилконтора', 'даже', 'притрагивалась', 'интересно', 'проведено', 'это', 'было', 'документально', 'что', 'контора', 'уборкой', 'якобы', 'занималась', 'данные', 'дни', 'требую', 'провести', 'проверку', 'данному', 'вопросу', 'очень', 'интересно', 'почему', 'объявления', 'нас', 'появляются', 'обещанную', 'зачистку', 'так', 'провели', 'хотя', 'она', 'нам', 'вполне', 'себе', 'нужна']","['второй', 'раз', 'месяц', 'жкс', 'вешать', 'такой', 'объявление', 'адрес', 'тихорецкий', 'первый', 'раз', 'данный', 'объявление', 'повесить', 'уборка', 'раз', 'уборка', 'планировать', 'двор', 'сторона', 'тихорецкий', 'минимальный', 'кол-в', 'машина', 'уборка', 'весь', 'жилконтора', 'притрагиваться', 'интересно', 'провести', 'документально', 'контора', 'уборка', 'якобы', 'заниматься', 'дать', 'требовать', 'провести', 'проверка', 'дать', 'очень', 'интересно', 'почему', 'объявление', 'появляться', 'обещать', 'зачистка', 'провести', 'хотя', 'вполне', 'себя', 'нужный']",второй раз месяц жкс вешать такой объявление адрес тихорецкий первый раз данный объявление повесить уборка раз уборка планировать двор сторона тихорецкий минимальный кол-в машина уборка весь жилконтора притрагиваться интересно провести документально контора уборка якобы заниматься дать требовать провести проверка дать очень интересно почему объявление появляться обещать зачистка провести хотя вполне себя нужный,596,0.1,False,2022-02-23,этот месяц ЖКС 2,Дворы и территории общего пользования,Текст,Дата создания,,Направление
295,Многоквартирные дома,2022-02-23,"Обещали в январе сделать окна а так никто ничего не сделал, как были они открыты так и остались открыты. За что платим деньги????",appeal_000295,"Обещали в январе сделать окна а так никто ничего не сделал, как были они открыты так и остались открыты. За что платим деньги????","Обещали в январе сделать окна а так никто ничего не сделал, как были они открыты так и остались открыты. За что платим деньги????","['обещали', 'январе', 'сделать', 'окна', 'так', 'никто', 'ничего', 'сделал', 'как', 'были', 'они', 'открыты', 'так', 'остались', 'открыты', 'что', 'платим', 'деньги']","['обещать', 'январь', 'сделать', 'окно', 'никто', 'ничего', 'сделать', 'они', 'открыть', 'остаться', 'открыть', 'платить', 'деньга']",обещать январь сделать окно никто ничего сделать они открыть остаться открыть платить деньга,129,0.0,False,2022-02-23,,Многоквартирные дома,Текст,Дата создания,,Направление
296,Медицина,2022-02-23,Добрый день Я недавно болел ковидом У меня на госуслугах не появился QR-код Мои данные Подгорышев Андрей Викторович 05.02.2022 Полис в пос.Ленсоветовский.,appeal_000296,Добрый день Я недавно болел ковидом У меня на госуслугах не появился QR-код Мои данные Подгорышев Андрей Викторович 05.02.2022 Полис в пос.Ленсоветовский.,Добрый день Я недавно болел ковидом У меня на госуслугах не появился QR-код Мои данные Подгорышев Андрей Викторович 05.02.2022 Полис в пос.Ленсоветовский.,"['добрый', 'день', 'недавно', 'болел', 'ковидом', 'меня', 'госуслугах', 'появился', 'qr-код', 'мои', 'данные', 'подгорышев', 'андрей', 'викторович', '05', '02', '2022', 'полис', 'пос', 'ленсоветовский']","['недавно', 'болеть', 'ковид', 'госуслуга', 'появиться', 'qr-код', 'мой', 'дать', 'подгорышев', 'андрей', 'викторович', '2022', 'полис', 'пос', 'ленсоветовский']",недавно болеть ковид госуслуга появиться qr-код мой дать подгорышев андрей викторович 2022 полис пос ленсоветовский,154,0.0,False,2022-02-23,Подгорышев Андрей Викторович 05,Медицина,Текст,Дата создания,,Направление
297,Многоквартирные дома,2022-02-23,"В кв. 36 уже больше года длиться ремонт. Всё это время мы живём в грязи. Вся парадная включая лестницу, стены, двери квартир, почтовые ящики, окна находятся под толстым слоем строительной пыли. Т. К. Мешки с мусором рабочие скидывали с 5 этажа. А сейчас мусор просто складируется на лестнице. Хозяйка квартиры считает, что она не должна всё это за собой убирать. Просим содействия по наведению порядка и чистоты на лестнице.",appeal_000297,"В кв. 36 уже больше года длиться ремонт. Всё это время мы живём в грязи. Вся парадная включая лестницу, стены, двери квартир, почтовые ящики, окна находятся под толстым слоем строительной пыли. Т. К. Мешки с мусором рабочие скидывали с 5 этажа. А сейчас мусор просто складируется на лестнице. Хозяйка квартиры считает, что она не должна всё это за собой убирать. Просим содействия по наведению порядка и чистоты на лестнице.","В кв. 36 уже больше года длиться ремонт. Все это время мы живем в грязи. Вся парадная включая лестницу, стены, двери квартир, почтовые ящики, окна находятся под толстым слоем строительной пыли. Т. К. Мешки с мусором рабочие скидывали с 5 этажа. А сейчас мусор просто складируется на лестнице. Хозяйка квартиры считает, что она не должна все это за собой убирать. Просим содействия по наведению порядка и чистоты на лестнице.","['36', 'уже', 'больше', 'года', 'длиться', 'ремонт', 'все', 'это', 'время', 'живем', 'грязи', 'вся', 'парадная', 'включая', 'лестницу', 'стены', 'двери', 'квартир', 'почтовые', 'ящики', 'окна', 'находятся', 'под', 'толстым', 'слоем', 'строительной', 'пыли', 'мешки', 'мусором', 'рабочие', 'скидывали', '5', 'этажа', 'сейчас', 'мусор', 'просто', 'складируется', 'лестнице', 'хозяйка', 'квартиры', 'считает', 'что', 'она', 'должна', 'все', 'это', 'собой', 'убирать', 'просим', 'содействия', 'наведению', 'порядка', 'чистоты', 'лестнице']","['большой', 'год', 'длиться', 'ремонт', 'время', 'жить', 'грязь', 'весь', 'парадный', 'включая', 'лестница', 'стена', 'дверь', 'квартира', 'почтовый', 'ящик', 'окно', 'находиться', 'толстый', 'слой', 'строительный', 'пыль', 'мешок', 'мусор', 'рабочий', 'скидывать', 'этаж', 'сейчас', 'мусор', 'просто', 'складироваться', 'лестница', 'хозяйка', 'квартира', 'считать', 'должный', 'себя', 'убирать', 'просить', 'содействие', 'наведение', 'порядок', 'чистота', 'лестница']",большой год длиться ремонт время жить грязь весь парадный включая лестница стена дверь квартира почтовый ящик окно находиться толстый слой строительный пыль мешок мусор рабочий скидывать этаж сейчас мусор просто складироваться лестница хозяйка квартира считать должный себя убирать просить содействие наведение порядок чистота лестница,424,0.0,False,2022-02-23,рабочие скидывали с 5,Многоквартирные дома,Текст,Дата создания,,Направление
298,Автомобильные дороги,2022-02-23,"Паркоматы работают через один. Клавиатура вся стёрта, приходится догадываться где кнопка ""подтвердить"". Прошу привести паркоматы в рабочее состояние и заменить клавиатуры на всей территории платной парковки.",appeal_000298,"Паркоматы работают через один. Клавиатура вся стёрта, приходится догадываться где кнопка ""подтвердить"". Прошу привести паркоматы в рабочее состояние и заменить клавиатуры на всей территории платной парковки.","Паркоматы работают через один. Клавиатура вся стерта, приходится догадываться где кнопка подтвердить . Прошу привести паркоматы в рабочее состояние и заменить клавиатуры на всей территории платной парковки.","['паркоматы', 'работают', 'через', 'один', 'клавиатура', 'вся', 'стерта', 'приходится', 'догадываться', 'где', 'кнопка', 'подтвердить', 'прошу', 'привести', 'паркоматы', 'рабочее', 'состояние', 'заменить', 'клавиатуры', 'всей', 'территории', 'платной', 'парковки']","['паркомат', 'работать', 'через', 'один', 'клавиатура', 'весь', 'стёртый', 'приходиться', 'догадываться', 'где', 'кнопка', 'подтвердить', 'привести', 'паркомат', 'рабочий', 'состояние', 'заменить', 'клавиатура', 'весь', 'территория', 'платный', 'парковка']",паркомат работать через один клавиатура весь стёртый приходиться догадываться где кнопка подтвердить привести паркомат рабочий состояние заменить клавиатура весь территория платный парковка,206,0.0,False,2022-02-23,,Автомобильные дороги,Текст,Дата создания,,Направление
299,Автомобильные дороги,2022-02-23,Разукомплектованое транспортное средство в кармане напротив дома по улице маршала Казакова 82/1,appeal_000299,Разукомплектованое транспортное средство в кармане напротив дома по улице маршала Казакова 82/1,Разукомплектованое транспортное средство в кармане напротив дома по улице маршала Казакова 82/1,"['разукомплектованое', 'транспортное', 'средство', 'кармане', 'напротив', 'дома', 'улице', 'маршала', 'казакова', '82', '1']","['разукомплектованый', 'транспортный', 'средство', 'карман', 'напротив', 'дом', 'улица', 'маршал', 'казаков']",разукомплектованый транспортный средство карман напротив дом улица маршал казаков,95,0.0,False,2022-02-23,улице маршала Казакова 82/1,Автомобильные дороги,Текст,Дата создания,,Направление
300,Автомобильные дороги,2022-02-23,"Самовольное занятие территории юр лица, штраф от 100 т. Р. Зарегистрирована как безвозмездная парковка не имеющая права ограничивать свободный проход, тем не менее всё в заборе, берут деньги. Полное нарушение договора аренды. Прошу взыскать штраф с юр лица и обеспечить свободный проезд.",appeal_000300,"Самовольное занятие территории юр лица, штраф от 100 т. Р. Зарегистрирована как безвозмездная парковка не имеющая права ограничивать свободный проход, тем не менее всё в заборе, берут деньги. Полное нарушение договора аренды. Прошу взыскать штраф с юр лица и обеспечить свободный проезд.","Самовольное занятие территории юр лица, штраф от 100 т. Р. Зарегистрирована как безвозмездная парковка не имеющая права ограничивать свободный проход, тем не менее все в заборе, берут деньги. Полное нарушение договора аренды. Прошу взыскать штраф с юр лица и обеспечить свободный проезд.","['самовольное', 'занятие', 'территории', 'лица', 'штраф', '100', 'зарегистрирована', 'как', 'безвозмездная', 'парковка', 'имеющая', 'права', 'ограничивать', 'свободный', 'проход', 'тем', 'менее', 'все', 'заборе', 'берут', 'деньги', 'полное', 'нарушение', 'договора', 'аренды', 'прошу', 'взыскать', 'штраф', 'лица', 'обеспечить', 'свободный', 'проезд']","['самовольный', 'занятие', 'территория', 'лицо', 'штраф', '100', 'зарегистрировать', 'безвозмездный', 'парковка', 'иметь', 'право', 'ограничивать', 'свободный', 'проход', 'тем', 'менее', 'забор', 'брать', 'деньга', 'полный', 'нарушение', 'договор', 'аренда', 'взыскать', 'штраф', 'лицо', 'обеспечить', 'свободный', 'проезд']",самовольный занятие территория лицо штраф 100 зарегистрировать безвозмездный парковка иметь право ограничивать свободный проход тем менее забор брать деньга полный нарушение договор аренда взыскать штраф лицо обеспечить свободный проезд,287,0.0,False,2022-02-23,штраф от 100,Автомобильные дороги,Текст,Дата создания,,Направление
301,Автомобильные дороги,2022-02-23,Систематическая парковка на газоне,appeal_000301,Систематическая парковка на газоне,Систематическая парковка на газоне,"['систематическая', 'парковка', 'газоне']","['систематический', 'парковка', 'газон']",систематический парковка газон,34,0.0,False,2022-02-23,,Автомобильные дороги,Текст,Дата создания,,Направление
302,Автомобильные дороги,2022-02-23,"Ворота закрыты - предположительно частными физическими лицами на личный замок. Арка меду 4 и 5 подъездом в доме Московский 204 используется как персональная парковка, при необходимости эти люди открывают ворота по собственному желанию, видимо для проезда их собственных автомобилей. Другие жители двора не могут пользоваться этой аркой для проезда машин. Предполагаю, происходит самовольное ограждение общего проезда в пользу нескольких или одного физических лиц и самовольный захват общей территории в качестве парковки для тех же лиц. Прошу разобраться в ситуации и освободить проезд для всех жителей двора, прекратить парковку автомобилей в арке.",appeal_000302,"Ворота закрыты - предположительно частными физическими лицами на личный замок. Арка меду 4 и 5 подъездом в доме Московский 204 используется как персональная парковка, при необходимости эти люди открывают ворота по собственному желанию, видимо для проезда их собственных автомобилей. Другие жители двора не могут пользоваться этой аркой для проезда машин. Предполагаю, происходит самовольное ограждение общего проезда в пользу нескольких или одного физических лиц и самовольный захват общей территории в качестве парковки для тех же лиц. Прошу разобраться в ситуации и освободить проезд для всех жителей двора, прекратить парковку автомобилей в арке.","Ворота закрыты - предположительно частными физическими лицами на личный замок. Арка меду 4 и 5 подъездом в доме Московский 204 используется как персональная парковка, при необходимости эти люди открывают ворота по собственному желанию, видимо для проезда их собственных автомобилей. Другие жители двора не могут пользоваться этой аркой для проезда машин. Предполагаю, происходит самовольное ограждение общего проезда в пользу нескольких или одного физических лиц и самовольный захват общей территории в качестве парковки для тех же лиц. Прошу разобраться в ситуации и освободить проезд для всех жителей двора, прекратить парковку автомобилей в арке.","['ворота', 'закрыты', 'предположительно', 'частными', 'физическими', 'лицами', 'личный', 'замок', 'арка', 'меду', '4', '5', 'подъездом', 'доме', 'московский', '204', 'используется', 'как', 'персональная', 'парковка', 'при', 'необходимости', 'эти', 'люди', 'открывают', 'ворота', 'собственному', 'желанию', 'видимо', 'для', 'проезда', 'собственных', 'автомобилей', 'другие', 'жители', 'двора', 'могут', 'пользоваться', 'этой', 'аркой', 'для', 'проезда', 'машин', 'предполагаю', 'происходит', 'самовольное', 'ограждение', 'общего', 'проезда', 'пользу', 'нескольких', 'или', 'одного', 'физических', 'лиц', 'самовольный', 'захват', 'общей', 'территории', 'качестве', 'парковки', 'для', 'тех', 'лиц', 'прошу', 'разобраться', 'ситуации', 'освободить', 'проезд', 'для', 'всех', 'жителей', 'двора', 'прекратить', 'парковку', 'автомобилей', 'арке']","['ворота', 'закрытый', 'предположительно', 'частный', 'физический', 'лицо', 'личный', 'замок', 'арка', 'мёд', 'подъезд', 'дом', 'московский', '204', 'использоваться', 'персональный', 'парковка', 'необходимость', 'человек', 'открывать', 'ворота', 'собственный', 'желание', 'видимо', 'проезд', 'собственный', 'автомобиль', 'другой', 'житель', 'двор', 'мочь', 'пользоваться', 'арка', 'проезд', 'машина', 'предполагать', 'происходить', 'самовольный', 'ограждение', 'общий', 'проезд', 'польза', 'несколько', 'один', 'физический', 'лицо', 'самовольный', 'захват', 'общий', 'территория', 'качество', 'парковка', 'тот', 'лицо', 'разобраться', 'ситуация', 'освободить', 'проезд', 'весь', 'житель', 'двор', 'прекратить', 'парковка', 'автомобиль', 'арка']",ворота закрытый предположительно частный физический лицо личный замок арка мёд подъезд дом московский 204 использоваться персональный парковка необходимость человек открывать ворота собственный желание видимо проезд собственный автомобиль другой житель двор мочь пользоваться арка проезд машина предполагать происходить самовольный ограждение общий проезд польза несколько один физический лицо самовольный захват общий территория качество парковка тот лицо разобраться ситуация освободить проезд весь житель двор прекратить парковка автомобиль арка,649,0.0,False,2022-02-23,Арка меду 4,Автомобильные дороги,Текст,Дата создания,,Направление
303,Автомобильные дороги,2022-02-23,г. Кронштадт перекрёсток пр. Ленина и ул. Гражданская. На подъездах к перекрёстку ежедневно с 6 и до 21 часа находится припаркованный транспорт в нарушение п. 12.2 ПДД (ближе 5 метров до перекрёстка и менее 3 метров до линии разметки 1.1) из-за чего повороты на перекрёсток водители вынуждены осуществлять с нарушением п. 8.5 ПДД,appeal_000303,г. Кронштадт перекрёсток пр. Ленина и ул. Гражданская. На подъездах к перекрёстку ежедневно с 6 и до 21 часа находится припаркованный транспорт в нарушение п. 12.2 ПДД (ближе 5 метров до перекрёстка и менее 3 метров до линии разметки 1.1) из-за чего повороты на перекрёсток водители вынуждены осуществлять с нарушением п. 8.5 ПДД,г. Кронштадт перекресток пр. Ленина и ул. Гражданская. На подъездах к перекрестку ежедневно с 6 и до 21 часа находится припаркованный транспорт в нарушение п. 12.2 ПДД ближе 5 метров до перекрестка и менее 3 метров до линии разметки 1.1 из-за чего повороты на перекресток водители вынуждены осуществлять с нарушением п. 8.5 ПДД,"['кронштадт', 'перекресток', 'ленина', 'гражданская', 'подъездах', 'перекрестку', 'ежедневно', '6', '21', 'часа', 'находится', 'припаркованный', 'транспорт', 'нарушение', '12', '2', 'пдд', 'ближе', '5', 'метров', 'перекрестка', 'менее', '3', 'метров', 'линии', 'разметки', '1', '1', 'из-за', 'чего', 'повороты', 'перекресток', 'водители', 'вынуждены', 'осуществлять', 'нарушением', '8', '5', 'пдд']","['кронштадт', 'перекрёсток', 'ленин', 'гражданский', 'подъезд', 'перекрёсток', 'ежедневно', 'час', 'находиться', 'припарковать', 'транспорт', 'нарушение', 'пдд', 'близкий', 'метр', 'перекрёсток', 'менее', 'метр', 'линия', 'разметка', 'из-за', 'поворот', 'перекрёсток', 'водитель', 'вынудить', 'осуществлять', 'нарушение', 'пдд']",кронштадт перекрёсток ленин гражданский подъезд перекрёсток ежедневно час находиться припарковать транспорт нарушение пдд близкий метр перекрёсток менее метр линия разметка из-за поворот перекрёсток водитель вынудить осуществлять нарушение пдд,327,0.0,False,2022-02-23,перекрестку ежедневно с 6,Автомобильные дороги,Текст,Дата создания,,Направление
304,Медицина,2022-02-23,"02.02.22 в поликлинике 95 Колпинского района сдавала тест на Ковид! Ответа до сих пор нет. Ходила лично в поликлинику, взяли номер телефона, сказали, что позвонят, как вопрос решится, звонка нет до сих пор. Ранее уже была написана жалоба 175018971 от 05.02.2022 от поликлиники получила «отписку», что якобы сделан повторный запрос в лабораторию, ответа так же нет. ГДЕ МОЙ Qr код?",appeal_000304,"02.02.22 в поликлинике 95 Колпинского района сдавала тест на Ковид! Ответа до сих пор нет. Ходила лично в поликлинику, взяли номер телефона, сказали, что позвонят, как вопрос решится, звонка нет до сих пор. Ранее уже была написана жалоба 175018971 от 05.02.2022 от поликлиники получила «отписку», что якобы сделан повторный запрос в лабораторию, ответа так же нет. ГДЕ МОЙ Qr код?","02.02.22 в поликлинике 95 Колпинского района сдавала тест на Ковид! Ответа до сих пор нет. Ходила лично в поликлинику, взяли номер телефона, сказали, что позвонят, как вопрос решится, звонка нет до сих пор. Ранее уже была написана жалоба 175018971 от 05.02.2022 от поликлиники получила отписку , что якобы сделан повторный запрос в лабораторию, ответа так же нет. ГДЕ МОЙ Qr код?","['02', '02', '22', 'поликлинике', '95', 'колпинского', 'района', 'сдавала', 'тест', 'ковид', 'ответа', 'сих', 'пор', 'нет', 'ходила', 'лично', 'поликлинику', 'взяли', 'номер', 'телефона', 'сказали', 'что', 'позвонят', 'как', 'вопрос', 'решится', 'звонка', 'нет', 'сих', 'пор', 'ранее', 'уже', 'была', 'написана', 'жалоба', '175018971', '05', '02', '2022', 'поликлиники', 'получила', 'отписку', 'что', 'якобы', 'сделан', 'повторный', 'запрос', 'лабораторию', 'ответа', 'так', 'нет', 'где', 'мой', 'код']","['поликлиника', 'колпинский', 'сдавать', 'тест', 'ковид', 'сей', 'пора', 'ходить', 'лично', 'поликлиника', 'взять', 'номер', 'телефон', 'сказать', 'позвонить', 'решиться', 'звонок', 'сей', 'пора', 'ранее', 'написать', 'жалоба', '175018971', '2022', 'поликлиника', 'получить', 'отписка', 'якобы', 'сделать', 'повторный', 'запрос', 'лаборатория', 'где', 'мой', 'код']",поликлиника колпинский сдавать тест ковид сей пора ходить лично поликлиника взять номер телефон сказать позвонить решиться звонок сей пора ранее написать жалоба 175018971 2022 поликлиника получить отписка якобы сделать повторный запрос лаборатория где мой код,379,0.1,False,2022-02-23,поликлинике 95,Медицина,Текст,Дата создания,,Направление
305,Автомобильные дороги,2022-02-23,Незаконная рекламная конструкция KFC.,appeal_000305,Незаконная рекламная конструкция KFC.,Незаконная рекламная конструкция KFC.,"['незаконная', 'рекламная', 'конструкция', 'kfc']","['незаконный', 'рекламный', 'конструкция', 'kfc']",незаконный рекламный конструкция kfc,37,0.0,False,2022-02-23,,Автомобильные дороги,Текст,Дата создания,,Направление
306,Автомобильные дороги,2022-02-23,Незаконная рекламная конструкция KFC.,appeal_000306,Незаконная рекламная конструкция KFC.,Незаконная рекламная конструкция KFC.,"['незаконная', 'рекламная', 'конструкция', 'kfc']","['незаконный', 'рекламный', 'конструкция', 'kfc']",незаконный рекламный конструкция kfc,37,0.0,False,2022-02-23,,Автомобильные дороги,Текст,Дата создания,,Направление
307,Автомобильные дороги,2022-02-23,Незаконная рекламная конструкция KFC.,appeal_000307,Незаконная рекламная конструкция KFC.,Незаконная рекламная конструкция KFC.,"['незаконная', 'рекламная', 'конструкция', 'kfc']","['незаконный', 'рекламный', 'конструкция', 'kfc']",незаконный рекламный конструкция kfc,37,0.0,False,2022-02-23,,Автомобильные дороги,Текст,Дата создания,,Направление
308,Автомобильные дороги,2022-02-23,Перекресток Суздальского и Светлановского. Светофор до сих пор не работает. Очередная авария и разбитые машины. Пора бы починить!!!,appeal_000308,Перекресток Суздальского и Светлановского. Светофор до сих пор не работает. Очередная авария и разбитые машины. Пора бы починить!!!,Перекресток Суздальского и Светлановского. Светофор до сих пор не работает. Очередная авария и разбитые машины. Пора бы починить!!!,"['перекресток', 'суздальского', 'светлановского', 'светофор', 'сих', 'пор', 'работает', 'очередная', 'авария', 'разбитые', 'машины', 'пора', 'починить']","['перекрёсток', 'суздальский', 'светлановский', 'светофор', 'сей', 'пора', 'работать', 'очередной', 'авария', 'разбитый', 'машина', 'пора', 'починить']",перекрёсток суздальский светлановский светофор сей пора работать очередной авария разбитый машина пора починить,131,0.3,True,2022-02-23,,Автомобильные дороги,Текст,Дата создания,,Направление
309,Автомобильные дороги,2022-02-23,Незаконная рекламная конструкция KFC.,appeal_000309,Незаконная рекламная конструкция KFC.,Незаконная рекламная конструкция KFC.,"['незаконная', 'рекламная', 'конструкция', 'kfc']","['незаконный', 'рекламный', 'конструкция', 'kfc']",незаконный рекламный конструкция kfc,37,0.0,False,2022-02-23,,Автомобильные дороги,Текст,Дата создания,,Направление
310,Дворы и территории общего пользования,2022-02-23,"Не производится уборка наледи во дворе дома по адресу ул.Чудновского дом 1. Проезжающие автомобили уже цепляют днищем слой льда из-за образовавшейся колеи. Пешеходы вынуждены передвигаться по колее, рискуя травмами. Никакой обработки песком гололеда не производится, состояние двора опасно для людей",appeal_000310,"Не производится уборка наледи во дворе дома по адресу ул.Чудновского дом 1. Проезжающие автомобили уже цепляют днищем слой льда из-за образовавшейся колеи. Пешеходы вынуждены передвигаться по колее, рискуя травмами. Никакой обработки песком гололеда не производится, состояние двора опасно для людей","Не производится уборка наледи во дворе дома по адресу ул.Чудновского дом 1. Проезжающие автомобили уже цепляют днищем слой льда из-за образовавшейся колеи. Пешеходы вынуждены передвигаться по колее, рискуя травмами. Никакой обработки песком гололеда не производится, состояние двора опасно для людей","['производится', 'уборка', 'наледи', 'дворе', 'дома', 'адресу', 'чудновского', 'дом', '1', 'проезжающие', 'автомобили', 'уже', 'цепляют', 'днищем', 'слой', 'льда', 'из-за', 'образовавшейся', 'колеи', 'пешеходы', 'вынуждены', 'передвигаться', 'колее', 'рискуя', 'травмами', 'никакой', 'обработки', 'песком', 'гололеда', 'производится', 'состояние', 'двора', 'опасно', 'для', 'людей']","['производиться', 'уборка', 'наледь', 'двор', 'дом', 'адрес', 'чудновский', 'дом', 'проезжать', 'автомобиль', 'цеплять', 'днище', 'слой', 'лёд', 'из-за', 'образоваться', 'колея', 'пешеход', 'вынудить', 'передвигаться', 'колея', 'рисковать', 'травма', 'никакой', 'обработка', 'песок', 'гололёд', 'производиться', 'состояние', 'двор', 'опасно', 'человек']",производиться уборка наледь двор дом адрес чудновский дом проезжать автомобиль цеплять днище слой лёд из-за образоваться колея пешеход вынудить передвигаться колея рисковать травма никакой обработка песок гололёд производиться состояние двор опасно человек,299,0.2,True,2022-02-23,Чудновского дом 1,Дворы и территории общего пользования,Текст,Дата создания,,Направление
311,Автомобильные дороги,2022-02-23,Незаконная рекламная конструкция АВТОСЕРВИС.,appeal_000311,Незаконная рекламная конструкция АВТОСЕРВИС.,Незаконная рекламная конструкция АВТОСЕРВИС.,"['незаконная', 'рекламная', 'конструкция', 'автосервис']","['незаконный', 'рекламный', 'конструкция', 'автосервис']",незаконный рекламный конструкция автосервис,44,0.0,False,2022-02-23,,Автомобильные дороги,Текст,Дата создания,,Направление
312,Многоквартирные дома,2022-02-23,"В новом ЖК «Живи в курортном» происходит невыполнение управляющей компанией многоквартирного дома минимальных услуг по обеспечению дома. В разных парадных протечки, которые приводят к образованию ржавчин и коррозий материалов и в последствии образованию плесени в вентиляционных шахтах. В парадных запах сырости/канализации/гниения, в квартире ( ванная/туалет/кухня) из раковины/ вентиляционных шахт летят насекомые, появляющиеся в сырых местах и запах канализации.",appeal_000312,"В новом ЖК «Живи в курортном» происходит невыполнение управляющей компанией многоквартирного дома минимальных услуг по обеспечению дома. В разных парадных протечки, которые приводят к образованию ржавчин и коррозий материалов и в последствии образованию плесени в вентиляционных шахтах. В парадных запах сырости/канализации/гниения, в квартире ( ванная/туалет/кухня) из раковины/ вентиляционных шахт летят насекомые, появляющиеся в сырых местах и запах канализации.","В новом ЖК Живи в курортном происходит невыполнение управляющей компанией многоквартирного дома минимальных услуг по обеспечению дома. В разных парадных протечки, которые приводят к образованию ржавчин и коррозий материалов и в последствии образованию плесени в вентиляционных шахтах. В парадных запах сырости/канализации/гниения, в квартире ванная/туалет/кухня из раковины/ вентиляционных шахт летят насекомые, появляющиеся в сырых местах и запах канализации.","['новом', 'живи', 'курортном', 'происходит', 'невыполнение', 'управляющей', 'компанией', 'многоквартирного', 'дома', 'минимальных', 'услуг', 'обеспечению', 'дома', 'разных', 'парадных', 'протечки', 'которые', 'приводят', 'образованию', 'ржавчин', 'коррозий', 'материалов', 'последствии', 'образованию', 'плесени', 'вентиляционных', 'шахтах', 'парадных', 'запах', 'сырости', 'канализации', 'гниения', 'квартире', 'ванная', 'туалет', 'кухня', 'раковины', 'вентиляционных', 'шахт', 'летят', 'насекомые', 'появляющиеся', 'сырых', 'местах', 'запах', 'канализации']","['новый', 'живить', 'курортный', 'происходить', 'невыполнение', 'управлять', 'компания', 'многоквартирный', 'дом', 'минимальный', 'услуга', 'обеспечение', 'дом', 'разный', 'парадное', 'протечка', 'который', 'приводить', 'образование', 'ржавчина', 'коррозия', 'материал', 'последствие', 'образование', 'плесень', 'вентиляционный', 'шахта', 'парадное', 'запах', 'сырость', 'канализация', 'гниение', 'квартира', 'ванная', 'туалет', 'кухня', 'раковина', 'вентиляционный', 'шахта', 'лететь', 'насекомое', 'появляться', 'сырой', 'место', 'запах', 'канализация']",новый живить курортный происходить невыполнение управлять компания многоквартирный дом минимальный услуга обеспечение дом разный парадное протечка который приводить образование ржавчина коррозия материал последствие образование плесень вентиляционный шахта парадное запах сырость канализация гниение квартира ванная туалет кухня раковина вентиляционный шахта лететь насекомое появляться сырой место запах канализация,460,0.0,False,2022-02-23,,Многоквартирные дома,Текст,Дата создания,,Направление
313,Дворы и территории общего пользования,2022-02-23,"На протяжении недели наблюдаю неудовлетворительную уборку пешеходных дорожек на пешеходной зоне на улице Турку от Бухарестской до Будапештской улиц. В чем проблемы? Нет песка посыпать дорожки, нет техники или горючего для неё? Нет личного состава в подразделениях службы? Да именно службы, которая подразумевает перечень необходимых действий для выполнения поставленных задач. Когда работать начнут? Или уже весна на носу, само всё растает?",appeal_000313,"На протяжении недели наблюдаю неудовлетворительную уборку пешеходных дорожек на пешеходной зоне на улице Турку от Бухарестской до Будапештской улиц. В чем проблемы? Нет песка посыпать дорожки, нет техники или горючего для неё? Нет личного состава в подразделениях службы? Да именно службы, которая подразумевает перечень необходимых действий для выполнения поставленных задач. Когда работать начнут? Или уже весна на носу, само всё растает?","На протяжении недели наблюдаю неудовлетворительную уборку пешеходных дорожек на пешеходной зоне на улице Турку от Бухарестской до Будапештской улиц. В чем проблемы? Нет песка посыпать дорожки, нет техники или горючего для нее? Нет личного состава в подразделениях службы? Да именно службы, которая подразумевает перечень необходимых действий для выполнения поставленных задач. Когда работать начнут? Или уже весна на носу, само все растает?","['протяжении', 'недели', 'наблюдаю', 'неудовлетворительную', 'уборку', 'пешеходных', 'дорожек', 'пешеходной', 'зоне', 'улице', 'турку', 'бухарестской', 'будапештской', 'улиц', 'чем', 'проблемы', 'нет', 'песка', 'посыпать', 'дорожки', 'нет', 'техники', 'или', 'горючего', 'для', 'нее', 'нет', 'личного', 'состава', 'подразделениях', 'службы', 'именно', 'службы', 'которая', 'подразумевает', 'перечень', 'необходимых', 'действий', 'для', 'выполнения', 'поставленных', 'задач', 'когда', 'работать', 'начнут', 'или', 'уже', 'весна', 'носу', 'само', 'все', 'растает']","['протяжение', 'неделя', 'наблюдать', 'неудовлетворительный', 'уборка', 'пешеходный', 'дорожка', 'пешеходный', 'зона', 'улица', 'турок', 'бухарестский', 'будапештский', 'улица', 'чем', 'проблема', 'песок', 'посыпать', 'дорожка', 'техника', 'горючее', 'личный', 'состав', 'подразделение', 'служба', 'именно', 'служба', 'который', 'подразумевать', 'перечень', 'необходимый', 'действие', 'выполнение', 'поставить', 'задача', 'работать', 'начать', 'весна', 'нос', 'сам', 'растаять']",протяжение неделя наблюдать неудовлетворительный уборка пешеходный дорожка пешеходный зона улица турок бухарестский будапештский улица чем проблема песок посыпать дорожка техника горючее личный состав подразделение служба именно служба который подразумевать перечень необходимый действие выполнение поставить задача работать начать весна нос сам растаять,440,0.0,False,2022-02-23,,Дворы и территории общего пользования,Текст,Дата создания,,Направление
314,Многоквартирные дома,2022-02-23,"Прошу установить личность и привлечь к ответственности соседей, проживающих в д.90 по СПб шоссе, в кв.17, установивших камеру видеонаблюдения на своём балконе. По предварительной информации камера на их балконе установлена по просьбе местной администрации, чтобы охранять незаконно установленный предмет (скамейку) на общедомовой территории. Скамейка была установлена так же незаконно, по письменному заявлению одной из соседок, которая принесла заявление в местную администрацию. Моя мама тоже приносила заявление, где было 8 подписей против установки этой скамейки. У местной администрации 1 подпись ЗА скамейку получилась больше, чем 8 подписей ПРОТИВ и они установили. Протокола собрания тоже нет. 1. Прошу привлечь к ответственности соседей из 17 квартиры за видеонаблюдение за соседями с последующим демонтажем камеры. 2. Прошу привлечь к ответственности местную администрацию за самоуправство и превышение должностных полномочий за установку скамейки и демонтировать этот незаконно установленный предмет с общедомовой территории. Санкт-петербургское ш., д. 90. 23.02.2022 18:00",appeal_000314,"Прошу установить личность и привлечь к ответственности соседей, проживающих в д.90 по СПб шоссе, в кв.17, установивших камеру видеонаблюдения на своём балконе. По предварительной информации камера на их балконе установлена по просьбе местной администрации, чтобы охранять незаконно установленный предмет (скамейку) на общедомовой территории. Скамейка была установлена так же незаконно, по письменному заявлению одной из соседок, которая принесла заявление в местную администрацию. Моя мама тоже приносила заявление, где было 8 подписей против установки этой скамейки. У местной администрации 1 подпись ЗА скамейку получилась больше, чем 8 подписей ПРОТИВ и они установили. Протокола собрания тоже нет. 1. Прошу привлечь к ответственности соседей из 17 квартиры за видеонаблюдение за соседями с последующим демонтажем камеры. 2. Прошу привлечь к ответственности местную администрацию за самоуправство и превышение должностных полномочий за установку скамейки и демонтировать этот незаконно установленный предмет с общедомовой территории. Санкт-петербургское ш., д. 90. 23.02.2022 18:00","Прошу установить личность и привлечь к ответственности соседей, проживающих в д.90 по СПб шоссе, в кв.17, установивших камеру видеонаблюдения на своем балконе. По предварительной информации камера на их балконе установлена по просьбе местной администрации, чтобы охранять незаконно установленный предмет скамейку на общедомовой территории. Скамейка была установлена так же незаконно, по письменному заявлению одной из соседок, которая принесла заявление в местную администрацию. Моя мама тоже приносила заявление, где было 8 подписей против установки этой скамейки. У местной администрации 1 подпись ЗА скамейку получилась больше, чем 8 подписей ПРОТИВ и они установили. Протокола собрания тоже нет. 1. Прошу привлечь к ответственности соседей из 17 квартиры за видеонаблюдение за соседями с последующим демонтажем камеры. 2. Прошу привлечь к ответственности местную администрацию за самоуправство и превышение должностных полномочий за установку скамейки и демонтировать этот незаконно установленный предмет с общедомовой территории. Санкт-петербургское ш., д. 90. 23.02.2022 18:00","['прошу', 'установить', 'личность', 'привлечь', 'ответственности', 'соседей', 'проживающих', '90', 'спб', 'шоссе', '17', 'установивших', 'камеру', 'видеонаблюдения', 'своем', 'балконе', 'предварительной', 'информации', 'камера', 'балконе', 'установлена', 'просьбе', 'местной', 'администрации', 'чтобы', 'охранять', 'незаконно', 'установленный', 'предмет', 'скамейку', 'общедомовой', 'территории', 'скамейка', 'была', 'установлена', 'так', 'незаконно', 'письменному', 'заявлению', 'одной', 'соседок', 'которая', 'принесла', 'заявление', 'местную', 'администрацию', 'моя', 'мама', 'тоже', 'приносила', 'заявление', 'где', 'было', '8', 'подписей', 'против', 'установки', 'этой', 'скамейки', 'местной', 'администрации', '1', 'подпись', 'скамейку', 'получилась', 'больше', 'чем', '8', 'подписей', 'против', 'они', 'установили', 'протокола', 'собрания', 'тоже', 'нет', '1', 'прошу', 'привлечь', 'ответственности', 'соседей', '17', 'квартиры', 'видеонаблюдение', 'соседями', 'последующим', 'демонтажем', 'камеры', '2', 'прошу', 'привлечь', 'ответственности', 'местную', 'администрацию', 'самоуправство', 'превышение', 'должностных', 'полномочий', 'установку', 'скамейки', 'демонтировать', 'этот', 'незаконно', 'установленный', 'предмет', 'общедомовой', 'территории', 'санкт-петербургское', '90', '23', '02', '2022', '18', '00']","['установить', 'личность', 'привлечь', 'ответственность', 'сосед', 'проживать', 'спб', 'шоссе', 'установить', 'камера', 'видеонаблюдение', 'свой', 'балкон', 'предварительный', 'информация', 'камера', 'балкон', 'установить', 'просьба', 'местный', 'чтобы', 'охранять', 'незаконно', 'установленный', 'предмет', 'скамейка', 'общедомовой', 'территория', 'скамейка', 'установить', 'незаконно', 'письменный', 'заявление', 'один', 'соседка', 'который', 'принести', 'заявление', 'местный', 'мой', 'мама', 'тоже', 'приносить', 'заявление', 'где', 'подпись', 'против', 'установка', 'скамейка', 'местный', 'подпись', 'скамейка', 'получиться', 'большой', 'чем', 'подпись', 'против', 'они', 'установить', 'протокол', 'собрание', 'тоже', 'привлечь', 'ответственность', 'сосед', 'квартира', 'видеонаблюдение', 'сосед', 'последующий', 'демонтаж', 'камера', 'привлечь', 'ответственность', 'местный', 'самоуправство', 'превышение', 'должностной', 'полномочие', 'установка', 'скамейка', 'демонтировать', 'незаконно', 'установленный', 'предмет', 'общедомовой', 'территория', 'санкт-петербургский', '2022']",установить личность привлечь ответственность сосед проживать спб шоссе установить камера видеонаблюдение свой балкон предварительный информация камера балкон установить просьба местный чтобы охранять незаконно установленный предмет скамейка общедомовой территория скамейка установить незаконно письменный заявление один соседка который принести заявление местный мой мама тоже приносить заявление где подпись против установка скамейка местный подпись скамейка получиться большой чем подпись против они установить протокол собрание тоже привлечь ответственность сосед квартира видеонаблюдение сосед последующий демонтаж камера привлечь ответственность местный самоуправство превышение должностной полномочие установка скамейка демонтировать незаконно установленный предмет общедомовой территория санкт-петербургский 2022,1082,0.0,False,2022-02-23,где было 8,Многоквартирные дома,Текст,Дата создания,,Направление
315,Многоквартирные дома,2022-02-23,"Санкт-Петербург, Колпино, ул. Павловская д17. Повалились 2 сточные трубы, вода течёт по стене, куски трубы висят в воздухе, могут упасть на прохожих.",appeal_000315,"Санкт-Петербург, Колпино, ул. Павловская д17. Повалились 2 сточные трубы, вода течёт по стене, куски трубы висят в воздухе, могут упасть на прохожих.","Санкт-Петербург, Колпино, ул. Павловская д17. Повалились 2 сточные трубы, вода течет по стене, куски трубы висят в воздухе, могут упасть на прохожих.","['санкт-петербург', 'колпино', 'павловская', '17', 'повалились', '2', 'сточные', 'трубы', 'вода', 'течет', 'стене', 'куски', 'трубы', 'висят', 'воздухе', 'могут', 'упасть', 'прохожих']","['санкт-петербург', 'колпино', 'павловский', 'повалиться', 'сточный', 'труба', 'вода', 'течь', 'стена', 'кусок', 'труба', 'висеть', 'воздух', 'мочь', 'упасть', 'прохожий']",санкт-петербург колпино павловский повалиться сточный труба вода течь стена кусок труба висеть воздух мочь упасть прохожий,149,0.0,False,2022-02-23,ул. Павловская д17,Многоквартирные дома,Текст,Дата создания,,Направление
316,Дворы и территории общего пользования,2022-02-23,"Добрый день. Возмущению нет предела ! Пишу каждую неделю, а проблема не решается! Присылают отчет о проделанной работе в чужих дворах! Не на моей улице! Гололед и колии уже выше щиколотки! Дети падают,машинам не припарковаться! В соседнем доме вычислили до асфальта(Добровольцев 24) а в добровольцев 26 как был ужас внутри двора так и остался! Очистить дорогу до асфальта! И фотоотчет сс нашим домом,а не чужим",appeal_000316,"Добрый день. Возмущению нет предела ! Пишу каждую неделю, а проблема не решается! Присылают отчет о проделанной работе в чужих дворах! Не на моей улице! Гололед и колии уже выше щиколотки! Дети падают,машинам не припарковаться! В соседнем доме вычислили до асфальта(Добровольцев 24) а в добровольцев 26 как был ужас внутри двора так и остался! Очистить дорогу до асфальта! И фотоотчет сс нашим домом,а не чужим","Добрый день. Возмущению нет предела ! Пишу каждую неделю, а проблема не решается! Присылают отчет о проделанной работе в чужих дворах! Не на моей улице! Гололед и колии уже выше щиколотки! Дети падают,машинам не припарковаться! В соседнем доме вычислили до асфальта Добровольцев 24 а в добровольцев 26 как был ужас внутри двора так и остался! Очистить дорогу до асфальта! И фотоотчет сс нашим домом,а не чужим","['добрый', 'день', 'возмущению', 'нет', 'предела', 'пишу', 'каждую', 'неделю', 'проблема', 'решается', 'присылают', 'отчет', 'проделанной', 'работе', 'чужих', 'дворах', 'моей', 'улице', 'гололед', 'колии', 'уже', 'выше', 'щиколотки', 'дети', 'падают', 'машинам', 'припарковаться', 'соседнем', 'доме', 'вычислили', 'асфальта', 'добровольцев', '24', 'добровольцев', '26', 'как', 'был', 'ужас', 'внутри', 'двора', 'так', 'остался', 'очистить', 'дорогу', 'асфальта', 'фотоотчет', 'нашим', 'домом', 'чужим']","['возмущение', 'предел', 'писать', 'каждый', 'неделя', 'проблема', 'решаться', 'присылать', 'отчёт', 'проделать', 'работа', 'чужой', 'двор', 'мой', 'улица', 'гололёд', 'колия', 'выше', 'щиколотка', 'ребёнок', 'падать', 'машина', 'припарковаться', 'соседний', 'дом', 'вычислить', 'асфальт', 'доброволец', 'доброволец', 'ужас', 'внутри', 'двор', 'остаться', 'очистить', 'дорога', 'асфальт', 'фотоотчёт', 'наш', 'дом', 'чужой']",возмущение предел писать каждый неделя проблема решаться присылать отчёт проделать работа чужой двор мой улица гололёд колия выше щиколотка ребёнок падать машина припарковаться соседний дом вычислить асфальт доброволец доброволец ужас внутри двор остаться очистить дорога асфальт фотоотчёт наш дом чужой,409,0.5,False,2022-02-23,до асфальта Добровольцев 24,Дворы и территории общего пользования,Текст,Дата создания,,Направление
317,Многоквартирные дома,2022-02-23,"Добрый день. Дом по адресу : проспект Луначарского 84к4 постройки 1988 года. С этого момента фановая труба не менялась. В августе месяце приходил Ваш сантехник и сказал, цитирую ""раз не лопнуло, то и менять ничего не надо"". Посмотрите сами на состояние трубы и какой будет ущерб, если она в любой момент лопнет. Халатное отношение сотрудников ЖКС 1, срок службы данной трубы 30 лет.",appeal_000317,"Добрый день. Дом по адресу : проспект Луначарского 84к4 постройки 1988 года. С этого момента фановая труба не менялась. В августе месяце приходил Ваш сантехник и сказал, цитирую ""раз не лопнуло, то и менять ничего не надо"". Посмотрите сами на состояние трубы и какой будет ущерб, если она в любой момент лопнет. Халатное отношение сотрудников ЖКС 1, срок службы данной трубы 30 лет.","Добрый день. Дом по адресу : проспект Луначарского 84к4 постройки 1988 года. С этого момента фановая труба не менялась. В августе месяце приходил Ваш сантехник и сказал, цитирую раз не лопнуло, то и менять ничего не надо . Посмотрите сами на состояние трубы и какой будет ущерб, если она в любой момент лопнет. Халатное отношение сотрудников ЖКС 1, срок службы данной трубы 30 лет.","['добрый', 'день', 'дом', 'адресу', 'проспект', 'луначарского', '84к', '4', 'постройки', '1988', 'года', 'этого', 'момента', 'фановая', 'труба', 'менялась', 'августе', 'месяце', 'приходил', 'ваш', 'сантехник', 'сказал', 'цитирую', 'раз', 'лопнуло', 'менять', 'ничего', 'надо', 'посмотрите', 'сами', 'состояние', 'трубы', 'какой', 'будет', 'ущерб', 'если', 'она', 'любой', 'момент', 'лопнет', 'халатное', 'отношение', 'сотрудников', 'жкс', '1', 'срок', 'службы', 'данной', 'трубы', '30', 'лет']","['дом', 'адрес', 'проспект', 'луначарский', '84к', 'постройка', '1988', 'год', 'момент', 'фановый', 'труба', 'меняться', 'август', 'месяц', 'приходить', 'ваш', 'сантехник', 'сказать', 'цитировать', 'раз', 'лопнуть', 'менять', 'ничего', 'надо', 'посмотреть', 'сам', 'состояние', 'труба', 'какой', 'ущерб', 'любой', 'момент', 'лопнуть', 'халатный', 'отношение', 'сотрудник', 'жкс', 'срок', 'служба', 'дать', 'труба', 'год']",дом адрес проспект луначарский 84к постройка 1988 год момент фановый труба меняться август месяц приходить ваш сантехник сказать цитировать раз лопнуть менять ничего надо посмотреть сам состояние труба какой ущерб любой момент лопнуть халатный отношение сотрудник жкс срок служба дать труба год,381,0.0,False,2022-02-23,проспект Луначарского 84к4,Многоквартирные дома,Текст,Дата создания,,Направление
318,Многоквартирные дома,2022-02-23,"Добрый день! Дом постройки 1988,с этого момента труба не менялась. В августе месяце был вызван сантехник из жилкомсервиса 1, для осмотра и регистрации факта изношености трубы. На что сантехник сказал, что цитирую ""раз ничего не лопнуло, то менять и не надо"". Данная труба может лопнуть в любой момент и затопить соседей снизу, что приведёт к дорогому ремонту. ЖКС 1 халатео относится к своим прямым обязанностям.",appeal_000318,"Добрый день! Дом постройки 1988,с этого момента труба не менялась. В августе месяце был вызван сантехник из жилкомсервиса 1, для осмотра и регистрации факта изношености трубы. На что сантехник сказал, что цитирую ""раз ничего не лопнуло, то менять и не надо"". Данная труба может лопнуть в любой момент и затопить соседей снизу, что приведёт к дорогому ремонту. ЖКС 1 халатео относится к своим прямым обязанностям.","Добрый день! Дом постройки 1988,с этого момента труба не менялась. В августе месяце был вызван сантехник из жилкомсервиса 1, для осмотра и регистрации факта изношености трубы. На что сантехник сказал, что цитирую раз ничего не лопнуло, то менять и не надо . Данная труба может лопнуть в любой момент и затопить соседей снизу, что приведет к дорогому ремонту. ЖКС 1 халатео относится к своим прямым обязанностям.","['добрый', 'день', 'дом', 'постройки', '1988', 'этого', 'момента', 'труба', 'менялась', 'августе', 'месяце', 'был', 'вызван', 'сантехник', 'жилкомсервиса', '1', 'для', 'осмотра', 'регистрации', 'факта', 'изношености', 'трубы', 'что', 'сантехник', 'сказал', 'что', 'цитирую', 'раз', 'ничего', 'лопнуло', 'менять', 'надо', 'данная', 'труба', 'может', 'лопнуть', 'любой', 'момент', 'затопить', 'соседей', 'снизу', 'что', 'приведет', 'дорогому', 'ремонту', 'жкс', '1', 'халатео', 'относится', 'своим', 'прямым', 'обязанностям']","['дом', 'постройка', '1988', 'момент', 'труба', 'меняться', 'август', 'месяц', 'вызвать', 'сантехник', 'жилкомсервис', 'осмотр', 'регистрация', 'факт', 'изношеность', 'труба', 'сантехник', 'сказать', 'цитировать', 'раз', 'ничего', 'лопнуть', 'менять', 'надо', 'дать', 'труба', 'мочь', 'лопнуть', 'любой', 'момент', 'затопить', 'сосед', 'снизу', 'привести', 'дорогой', 'ремонт', 'жкс', 'халатео', 'относиться', 'свой', 'прямой', 'обязанность']",дом постройка 1988 момент труба меняться август месяц вызвать сантехник жилкомсервис осмотр регистрация факт изношеность труба сантехник сказать цитировать раз ничего лопнуть менять надо дать труба мочь лопнуть любой момент затопить сосед снизу привести дорогой ремонт жкс халатео относиться свой прямой обязанность,411,0.1,False,2022-02-23,Дом постройки 1988,Многоквартирные дома,Текст,Дата создания,,Направление
319,Водоснабжение,2022-02-23,"Данное заведение регулярно сливает отходы своей деятельности на соседний участок нарушение всех санитарных норм, нечистоты стекают по всему участку попадают в дренажную канаву и дальше в дренажную систему города. Прошу проверить есть ли у них реальное подключение к канализации, свидетелями слива являются более 15 жилых домов. К система водоснабжения в нашем районе очень старая Мы переживаем что нечистоты могут попасть в систему водоснабжения.",appeal_000319,"Данное заведение регулярно сливает отходы своей деятельности на соседний участок нарушение всех санитарных норм, нечистоты стекают по всему участку попадают в дренажную канаву и дальше в дренажную систему города. Прошу проверить есть ли у них реальное подключение к канализации, свидетелями слива являются более 15 жилых домов. К система водоснабжения в нашем районе очень старая Мы переживаем что нечистоты могут попасть в систему водоснабжения.","Данное заведение регулярно сливает отходы своей деятельности на соседний участок нарушение всех санитарных норм, нечистоты стекают по всему участку попадают в дренажную канаву и дальше в дренажную систему города. Прошу проверить есть ли у них реальное подключение к канализации, свидетелями слива являются более 15 жилых домов. К система водоснабжения в нашем районе очень старая Мы переживаем что нечистоты могут попасть в систему водоснабжения.","['данное', 'заведение', 'регулярно', 'сливает', 'отходы', 'своей', 'деятельности', 'соседний', 'участок', 'нарушение', 'всех', 'санитарных', 'норм', 'нечистоты', 'стекают', 'всему', 'участку', 'попадают', 'дренажную', 'канаву', 'дальше', 'дренажную', 'систему', 'города', 'прошу', 'проверить', 'есть', 'них', 'реальное', 'подключение', 'канализации', 'свидетелями', 'слива', 'являются', 'более', '15', 'жилых', 'домов', 'система', 'водоснабжения', 'нашем', 'районе', 'очень', 'старая', 'переживаем', 'что', 'нечистоты', 'могут', 'попасть', 'систему', 'водоснабжения']","['данный', 'заведение', 'регулярно', 'сливать', 'отход', 'свой', 'деятельность', 'соседний', 'участок', 'нарушение', 'весь', 'санитарный', 'норма', 'нечистота', 'стекать', 'весь', 'участок', 'попадать', 'дренажный', 'канава', 'далёкий', 'дренажный', 'система', 'проверить', 'есть', 'они', 'реальный', 'подключение', 'канализация', 'свидетель', 'слива', 'являться', 'более', 'жилой', 'дом', 'система', 'водоснабжение', 'наш', 'очень', 'старый', 'переживать', 'нечистота', 'мочь', 'попасть', 'система', 'водоснабжение']",данный заведение регулярно сливать отход свой деятельность соседний участок нарушение весь санитарный норма нечистота стекать весь участок попадать дренажный канава далёкий дренажный система проверить есть они реальный подключение канализация свидетель слива являться более жилой дом система водоснабжение наш очень старый переживать нечистота мочь попасть система водоснабжение,446,0.0,False,2022-02-23,слива являются более 15,Водоснабжение,Текст,Дата создания,,Направление
320,Многоквартирные дома,2022-02-23,Реклама на водосточных трубах,appeal_000320,Реклама на водосточных трубах,Реклама на водосточных трубах,"['реклама', 'водосточных', 'трубах']","['реклама', 'водосточный', 'труба']",реклама водосточный труба,29,0.0,False,2022-02-23,,Многоквартирные дома,Текст,Дата создания,,Направление
321,Многоквартирные дома,2022-02-23,Дальневосточный проспект дом 80 кв 87 живёт нелегальный мигрант более 10 лет. Его никто не проверяет. У него просрочен паспорт. Он ни разу не сделал патент и регистрации по месту жительства. Мы обратили в органы полиции 24 -отделу. Там оказывается его знакомые работают. Его не пробивали а наоборот ему дали справку об утрате документы. Мы хотим чтобы его выгнали из России. Он человек пьющий и скандальный,appeal_000321,Дальневосточный проспект дом 80 кв 87 живёт нелегальный мигрант более 10 лет. Его никто не проверяет. У него просрочен паспорт. Он ни разу не сделал патент и регистрации по месту жительства. Мы обратили в органы полиции 24 -отделу. Там оказывается его знакомые работают. Его не пробивали а наоборот ему дали справку об утрате документы. Мы хотим чтобы его выгнали из России. Он человек пьющий и скандальный,Дальневосточный проспект дом 80 кв 87 живет нелегальный мигрант более 10 лет. Его никто не проверяет. У него просрочен паспорт. Он ни разу не сделал патент и регистрации по месту жительства. Мы обратили в органы полиции 24 -отделу. Там оказывается его знакомые работают. Его не пробивали а наоборот ему дали справку об утрате документы. Мы хотим чтобы его выгнали из России. Он человек пьющий и скандальный,"['дальневосточный', 'проспект', 'дом', '80', '87', 'живет', 'нелегальный', 'мигрант', 'более', '10', 'лет', 'его', 'никто', 'проверяет', 'него', 'просрочен', 'паспорт', 'разу', 'сделал', 'патент', 'регистрации', 'месту', 'жительства', 'обратили', 'органы', 'полиции', '24', 'отделу', 'там', 'оказывается', 'его', 'знакомые', 'работают', 'его', 'пробивали', 'наоборот', 'ему', 'дали', 'справку', 'утрате', 'документы', 'хотим', 'чтобы', 'его', 'выгнали', 'россии', 'человек', 'пьющий', 'скандальный']","['дальневосточный', 'проспект', 'дом', 'жить', 'нелегальный', 'мигрант', 'более', 'год', 'никто', 'проверять', 'просрочить', 'паспорт', 'раз', 'сделать', 'патент', 'регистрация', 'место', 'жительство', 'обратить', 'орган', 'полиция', 'отдел', 'там', 'оказываться', 'знакомый', 'работать', 'пробивать', 'наоборот', 'дать', 'справка', 'утрата', 'документ', 'хотеть', 'чтобы', 'выгнать', 'россия', 'человек', 'пьющий', 'скандальный']",дальневосточный проспект дом жить нелегальный мигрант более год никто проверять просрочить паспорт раз сделать патент регистрация место жительство обратить орган полиция отдел там оказываться знакомый работать пробивать наоборот дать справка утрата документ хотеть чтобы выгнать россия человек пьющий скандальный,406,0.0,False,2022-02-23,Дальневосточный проспект дом 80,Многоквартирные дома,Текст,Дата создания,,Направление
322,Многоквартирные дома,2022-02-23,"Отсутствует козырёк над парадной у дома по Костромскому 42, 3я парадная. У соседних парадных этого же дома он есть. Фото прилагаю. Крыша у дома покатая, в оттепель с неё падает снег, это не безопасно! Страшно стоять около парадной зимой, а летом под дождём мокнуть.",appeal_000322,"Отсутствует козырёк над парадной у дома по Костромскому 42, 3я парадная. У соседних парадных этого же дома он есть. Фото прилагаю. Крыша у дома покатая, в оттепель с неё падает снег, это не безопасно! Страшно стоять около парадной зимой, а летом под дождём мокнуть.","Отсутствует козырек над парадной у дома по Костромскому 42, 3я парадная. У соседних парадных этого же дома он есть. Фото прилагаю. Крыша у дома покатая, в оттепель с нее падает снег, это не безопасно! Страшно стоять около парадной зимой, а летом под дождем мокнуть.","['отсутствует', 'козырек', 'над', 'парадной', 'дома', 'костромскому', '42', '3я', 'парадная', 'соседних', 'парадных', 'этого', 'дома', 'есть', 'фото', 'прилагаю', 'крыша', 'дома', 'покатая', 'оттепель', 'нее', 'падает', 'снег', 'это', 'безопасно', 'страшно', 'стоять', 'около', 'парадной', 'зимой', 'летом', 'под', 'дождем', 'мокнуть']","['отсутствовать', 'козырёк', 'парадный', 'дом', 'костромской', 'парадный', 'соседний', 'парадное', 'дом', 'есть', 'фото', 'прилагать', 'крыша', 'дом', 'покатый', 'оттепель', 'падать', 'снег', 'безопасно', 'страшно', 'стоять', 'около', 'парадный', 'зимой', 'лето', 'дождь', 'мокнуть']",отсутствовать козырёк парадный дом костромской парадный соседний парадное дом есть фото прилагать крыша дом покатый оттепель падать снег безопасно страшно стоять около парадный зимой лето дождь мокнуть,265,0.3,True,2022-02-23,дома по Костромскому 42,Многоквартирные дома,Текст,Дата создания,,Направление
323,Многоквартирные дома,2022-02-23,"Требуется ремонт фасада, у парадной во дворе.",appeal_000323,"Требуется ремонт фасада, у парадной во дворе.","Требуется ремонт фасада, у парадной во дворе.","['требуется', 'ремонт', 'фасада', 'парадной', 'дворе']","['требоваться', 'ремонт', 'фасад', 'парадный', 'двор']",требоваться ремонт фасад парадный двор,45,0.0,False,2022-02-23,,Многоквартирные дома,Текст,Дата создания,,Направление
324,Дворы и территории общего пользования,2022-02-23,Заблокирован проход по тротуару кучей льда и снега.,appeal_000324,Заблокирован проход по тротуару кучей льда и снега.,Заблокирован проход по тротуару кучей льда и снега.,"['заблокирован', 'проход', 'тротуару', 'кучей', 'льда', 'снега']","['заблокировать', 'проход', 'тротуар', 'куча', 'лёд', 'снег']",заблокировать проход тротуар куча лёд снег,51,0.0,False,2022-02-23,,Дворы и территории общего пользования,Текст,Дата создания,,Направление
325,Дворы и территории общего пользования,2022-02-23,Заблокирован проход по тротуару кучей льда и снега.,appeal_000325,Заблокирован проход по тротуару кучей льда и снега.,Заблокирован проход по тротуару кучей льда и снега.,"['заблокирован', 'проход', 'тротуару', 'кучей', 'льда', 'снега']","['заблокировать', 'проход', 'тротуар', 'куча', 'лёд', 'снег']",заблокировать проход тротуар куча лёд снег,51,0.0,False,2022-02-23,,Дворы и территории общего пользования,Текст,Дата создания,,Направление
326,Дворы и территории общего пользования,2022-02-23,Заблокирован проход по тротуару кучей льда и снега.,appeal_000326,Заблокирован проход по тротуару кучей льда и снега.,Заблокирован проход по тротуару кучей льда и снега.,"['заблокирован', 'проход', 'тротуару', 'кучей', 'льда', 'снега']","['заблокировать', 'проход', 'тротуар', 'куча', 'лёд', 'снег']",заблокировать проход тротуар куча лёд снег,51,0.0,False,2022-02-23,,Дворы и территории общего пользования,Текст,Дата создания,,Направление
327,Дворы и территории общего пользования,2022-02-23,Требуется ремонт брусчатки под трубой водостока,appeal_000327,Требуется ремонт брусчатки под трубой водостока,Требуется ремонт брусчатки под трубой водостока,"['требуется', 'ремонт', 'брусчатки', 'под', 'трубой', 'водостока']","['требоваться', 'ремонт', 'брусчатка', 'труба', 'водосток']",требоваться ремонт брусчатка труба водосток,47,0.0,False,2022-02-23,,Дворы и территории общего пользования,Текст,Дата создания,,Направление
328,Образование,2022-02-23,"Здравствуйте. Мы составляли заявление на определение ребёнка в детский сад. Ребенок имеет право на льготу при зачислении (мать ребенка имеет инвалидность 3 группы), но в изменении заявления в плане предоставления документов, подтверждающих право на льготу мне было отказано без комментариев. Формирование групп началось с февраля, однако до сих пор никаких изменений в статусе заявления не произошло. Заявление подавалось через главный сайт госуслуг, поскольку на локальном сайте услуга имела статус ""недоступной"". Заявление номер 1565467864",appeal_000328,"Здравствуйте. Мы составляли заявление на определение ребёнка в детский сад. Ребенок имеет право на льготу при зачислении (мать ребенка имеет инвалидность 3 группы), но в изменении заявления в плане предоставления документов, подтверждающих право на льготу мне было отказано без комментариев. Формирование групп началось с февраля, однако до сих пор никаких изменений в статусе заявления не произошло. Заявление подавалось через главный сайт госуслуг, поскольку на локальном сайте услуга имела статус ""недоступной"". Заявление номер 1565467864","Здравствуйте. Мы составляли заявление на определение ребенка в детский сад. Ребенок имеет право на льготу при зачислении мать ребенка имеет инвалидность 3 группы , но в изменении заявления в плане предоставления документов, подтверждающих право на льготу мне было отказано без комментариев. Формирование групп началось с февраля, однако до сих пор никаких изменений в статусе заявления не произошло. Заявление подавалось через главный сайт госуслуг, поскольку на локальном сайте услуга имела статус недоступной . Заявление номер 1565467864","['здравствуйте', 'составляли', 'заявление', 'определение', 'ребенка', 'детский', 'сад', 'ребенок', 'имеет', 'право', 'льготу', 'при', 'зачислении', 'мать', 'ребенка', 'имеет', 'инвалидность', '3', 'группы', 'изменении', 'заявления', 'плане', 'предоставления', 'документов', 'подтверждающих', 'право', 'льготу', 'мне', 'было', 'отказано', 'без', 'комментариев', 'формирование', 'групп', 'началось', 'февраля', 'однако', 'сих', 'пор', 'никаких', 'изменений', 'статусе', 'заявления', 'произошло', 'заявление', 'подавалось', 'через', 'главный', 'сайт', 'госуслуг', 'поскольку', 'локальном', 'сайте', 'услуга', 'имела', 'статус', 'недоступной', 'заявление', 'номер', '1565467864']","['составлять', 'заявление', 'определение', 'ребёнок', 'детский', 'сад', 'ребёнок', 'иметь', 'право', 'льгота', 'зачисление', 'мать', 'ребёнок', 'иметь', 'инвалидность', 'группа', 'изменение', 'заявление', 'план', 'предоставление', 'документ', 'подтверждать', 'право', 'льгота', 'отказать', 'комментарий', 'формирование', 'группа', 'начаться', 'февраль', 'однако', 'сей', 'пора', 'никакой', 'изменение', 'статус', 'заявление', 'произойти', 'заявление', 'подаваться', 'через', 'главный', 'сайт', 'госуслуга', 'поскольку', 'локальный', 'сайт', 'услуга', 'иметь', 'статус', 'недоступный', 'заявление', 'номер', '1565467864']",составлять заявление определение ребёнок детский сад ребёнок иметь право льгота зачисление мать ребёнок иметь инвалидность группа изменение заявление план предоставление документ подтверждать право льгота отказать комментарий формирование группа начаться февраль однако сей пора никакой изменение статус заявление произойти заявление подаваться через главный сайт госуслуга поскольку локальный сайт услуга иметь статус недоступный заявление номер 1565467864,539,0.0,False,2022-02-23,ребенка имеет инвалидность 3,Образование,Текст,Дата создания,,Направление
329,Дворы и территории общего пользования,2022-02-23,Незаконная рекламная конструкция,appeal_000329,Незаконная рекламная конструкция,Незаконная рекламная конструкция,"['незаконная', 'рекламная', 'конструкция']","['незаконный', 'рекламный', 'конструкция']",незаконный рекламный конструкция,32,0.0,False,2022-02-23,,Дворы и территории общего пользования,Текст,Дата создания,,Направление
330,Многоквартирные дома,2022-02-23,"В доме по адресу пр Обуховской Обороны, 243, подъезд 4, открыта дверь выхода на крышу. Этим пользуются дети, они заходят в подъезд и выходят на крышу! Это угрожает из безопасности! Необходимо закрыть выход на крышу на замок.",appeal_000330,"В доме по адресу пр Обуховской Обороны, 243, подъезд 4, открыта дверь выхода на крышу. Этим пользуются дети, они заходят в подъезд и выходят на крышу! Это угрожает из безопасности! Необходимо закрыть выход на крышу на замок.","В доме по адресу пр Обуховской Обороны, 243, подъезд 4, открыта дверь выхода на крышу. Этим пользуются дети, они заходят в подъезд и выходят на крышу! Это угрожает из безопасности! Необходимо закрыть выход на крышу на замок.","['доме', 'адресу', 'обуховской', 'обороны', '243', 'подъезд', '4', 'открыта', 'дверь', 'выхода', 'крышу', 'этим', 'пользуются', 'дети', 'они', 'заходят', 'подъезд', 'выходят', 'крышу', 'это', 'угрожает', 'безопасности', 'необходимо', 'закрыть', 'выход', 'крышу', 'замок']","['дом', 'адрес', 'обуховский', 'оборона', '243', 'подъезд', 'открыть', 'дверь', 'выход', 'крыша', 'пользоваться', 'ребёнок', 'они', 'заходить', 'подъезд', 'выходить', 'крыша', 'угрожать', 'безопасность', 'необходимо', 'закрыть', 'выход', 'крыша', 'замок']",дом адрес обуховский оборона 243 подъезд открыть дверь выход крыша пользоваться ребёнок они заходить подъезд выходить крыша угрожать безопасность необходимо закрыть выход крыша замок,224,0.4,True,2022-02-23,подъезд 4,Многоквартирные дома,Текст,Дата создания,,Направление
331,Автомобильные дороги,2022-02-23,"г. Кронштадт перекрёсток пр. Ленина и ул. Гражданская, введён в эксплуатацию светофорный объект, все светофоры типа Т1 по ГОСТ 52289-2019. Не учтёно, что ул. Гражданская является односторонней к пр. Ленина. В связи с чем светофоры по пр. Ленина (направление движения от ул. Флотской) должны быть в исполнении Т2 со стрелками ""прямо и налево"".",appeal_000331,"г. Кронштадт перекрёсток пр. Ленина и ул. Гражданская, введён в эксплуатацию светофорный объект, все светофоры типа Т1 по ГОСТ 52289-2019. Не учтёно, что ул. Гражданская является односторонней к пр. Ленина. В связи с чем светофоры по пр. Ленина (направление движения от ул. Флотской) должны быть в исполнении Т2 со стрелками ""прямо и налево"".","г. Кронштадт перекресток пр. Ленина и ул. Гражданская, введен в эксплуатацию светофорный объект, все светофоры типа Т1 по ГОСТ 52289-2019. Не учтено, что ул. Гражданская является односторонней к пр. Ленина. В связи с чем светофоры по пр. Ленина направление движения от ул. Флотской должны быть в исполнении Т2 со стрелками прямо и налево .","['кронштадт', 'перекресток', 'ленина', 'гражданская', 'введен', 'эксплуатацию', 'светофорный', 'объект', 'все', 'светофоры', 'типа', '1', 'гост', '52289', '2019', 'учтено', 'что', 'гражданская', 'является', 'односторонней', 'ленина', 'связи', 'чем', 'светофоры', 'ленина', 'направление', 'движения', 'флотской', 'должны', 'быть', 'исполнении', '2', 'стрелками', 'прямо', 'налево']","['кронштадт', 'перекрёсток', 'ленин', 'гражданский', 'ввести', 'эксплуатация', 'светофорный', 'объект', 'светофор', 'тип', 'гост', '52289', '2019', 'учесть', 'гражданский', 'являться', 'односторонний', 'ленин', 'связь', 'чем', 'светофор', 'ленин', 'направление', 'движение', 'флотский', 'должный', 'исполнение', 'стрелка', 'прямо', 'налево']",кронштадт перекрёсток ленин гражданский ввести эксплуатация светофорный объект светофор тип гост 52289 2019 учесть гражданский являться односторонний ленин связь чем светофор ленин направление движение флотский должный исполнение стрелка прямо налево,339,0.0,False,2022-02-23,по ГОСТ 52289-2019,Автомобильные дороги,Текст,Дата создания,,Направление
332,Многоквартирные дома,2022-02-23,"4.2.2022 при очистке крыши дома 52 по ул.Бабушкина от снега и наледи, в моей квартире 15 (последний этаж) было разбито балконное окно, о чем я сразу же 4.2.2022 в 15.00 информировала аварийно-диспетчерскую службу УК – ООО ЖКС 2 Невского р-она. В ответ 23.2.2022! мною получен некорректный ответ и УК, нарушающий нормы законодательства РФ, а также с нарушением сроков ответа по подобному обращению, а именно, мне было сообщено, что очистку кровли в соответствии с контрактом между УК и сторонней организаций, производило ИП Хангану И. (ОГРНИП 317784700151816) и все проблемы я должна решать с данной организацией. 1) у меня есть договорные отношения только с УК – ООО ЖКС 2 Невского р-она 2) срок принятия мер по проблеме в зимний период – 24 часа, что было нарушено (понятно, что жить с разбитым окном я не могу и ремонт произвела за свой счет). Никаких извинений и т.п. от ООО ЖКС 2 Невского р-она мною также не получено. ПРОШУ обратить внимание на систематическое уклонение ООО ЖКС 2 Невского р-она от выполнения договорных обязательств, некачественное оказание услуг, некорректное поведение сотрудников и т.п. и рассмотреть целесообразность наличие у данной организации лицензии на оказание жилищно-коммунальных услуг по обслуживанию МКД.",appeal_000332,"4.2.2022 при очистке крыши дома 52 по ул.Бабушкина от снега и наледи, в моей квартире 15 (последний этаж) было разбито балконное окно, о чем я сразу же 4.2.2022 в 15.00 информировала аварийно-диспетчерскую службу УК – ООО ЖКС 2 Невского р-она. В ответ 23.2.2022! мною получен некорректный ответ и УК, нарушающий нормы законодательства РФ, а также с нарушением сроков ответа по подобному обращению, а именно, мне было сообщено, что очистку кровли в соответствии с контрактом между УК и сторонней организаций, производило ИП Хангану И. (ОГРНИП 317784700151816) и все проблемы я должна решать с данной организацией. 1) у меня есть договорные отношения только с УК – ООО ЖКС 2 Невского р-она 2) срок принятия мер по проблеме в зимний период – 24 часа, что было нарушено (понятно, что жить с разбитым окном я не могу и ремонт произвела за свой счет). Никаких извинений и т.п. от ООО ЖКС 2 Невского р-она мною также не получено. ПРОШУ обратить внимание на систематическое уклонение ООО ЖКС 2 Невского р-она от выполнения договорных обязательств, некачественное оказание услуг, некорректное поведение сотрудников и т.п. и рассмотреть целесообразность наличие у данной организации лицензии на оказание жилищно-коммунальных услуг по обслуживанию МКД.","4.2.2022 при очистке крыши дома 52 по ул.Бабушкина от снега и наледи, в моей квартире 15 последний этаж было разбито балконное окно, о чем я сразу же 4.2.2022 в 15.00 информировала аварийно-диспетчерскую службу УК ООО ЖКС 2 Невского р-она. В ответ 23.2.2022! мною получен некорректный ответ и УК, нарушающий нормы законодательства РФ, а также с нарушением сроков ответа по подобному обращению, а именно, мне было сообщено, что очистку кровли в соответствии с контрактом между УК и сторонней организаций, производило ИП Хангану И. ОГРНИП 317784700151816 и все проблемы я должна решать с данной организацией. 1 у меня есть договорные отношения только с УК ООО ЖКС 2 Невского р-она 2 срок принятия мер по проблеме в зимний период 24 часа, что было нарушено понятно, что жить с разбитым окном я не могу и ремонт произвела за свой счет . Никаких извинений и т.п. от ООО ЖКС 2 Невского р-она мною также не получено. ПРОШУ обратить внимание на систематическое уклонение ООО ЖКС 2 Невского р-она от выполнения договорных обязательств, некачественное оказание услуг, некорректное поведение сотрудников и т.п. и рассмотреть целесообразность наличие у данной организации лицензии на оказание жилищно-коммунальных услуг по обслуживанию МКД.","['4', '2', '2022', 'при', 'очистке', 'крыши', 'дома', '52', 'бабушкина', 'снега', 'наледи', 'моей', 'квартире', '15', 'последний', 'этаж', 'было', 'разбито', 'балконное', 'окно', 'чем', 'сразу', '4', '2', '2022', '15', '00', 'информировала', 'аварийно-диспетчерскую', 'службу', 'ооо', 'жкс', '2', 'невского', 'р-она', 'ответ', '23', '2', '2022', 'мною', 'получен', 'некорректный', 'ответ', 'нарушающий', 'нормы', 'законодательства', 'также', 'нарушением', 'сроков', 'ответа', 'подобному', 'обращению', 'именно', 'мне', 'было', 'сообщено', 'что', 'очистку', 'кровли', 'соответствии', 'контрактом', 'между', 'сторонней', 'организаций', 'производило', 'хангану', 'огрнип', '317784700151816', 'все', 'проблемы', 'должна', 'решать', 'данной', 'организацией', '1', 'меня', 'есть', 'договорные', 'отношения', 'только', 'ооо', 'жкс', '2', 'невского', 'р-она', '2', 'срок', 'принятия', 'мер', 'проблеме', 'зимний', 'период', '24', 'часа', 'что', 'было', 'нарушено', 'понятно', 'что', 'жить', 'разбитым', 'окном', 'могу', 'ремонт', 'произвела', 'свой', 'счет', 'никаких', 'извинений', 'ооо', 'жкс', '2', 'невского', 'р-она', 'мною', 'также', 'получено', 'прошу', 'обратить', 'внимание', 'систематическое', 'уклонение', 'ооо', 'жкс', '2', 'невского', 'р-она', 'выполнения', 'договорных', 'обязательств', 'некачественное', 'оказание', 'услуг', 'некорректное', 'поведение', 'сотрудников', 'рассмотреть', 'целесообразность', 'наличие', 'данной', 'организации', 'лицензии', 'оказание', 'жилищно-коммунальных', 'услуг', 'обслуживанию', 'мкд']","['2022', 'очистка', 'крыша', 'дом', 'бабушкин', 'снег', 'наледь', 'мой', 'квартира', 'последний', 'этаж', 'разбитый', 'балконный', 'окно', 'чем', 'сразу', '2022', 'информировать', 'аварийно-диспетчерская', 'служба', 'ооо', 'жкс', 'невский', 'р-она', '2022', 'получить', 'некорректный', 'нарушать', 'норма', 'законодательство', 'также', 'нарушение', 'срок', 'подобный', 'именно', 'сообщить', 'очистка', 'кровля', 'соответствие', 'контракт', 'между', 'сторонний', 'организация', 'производить', 'хангана', 'огрнип', '317784700151816', 'проблема', 'должный', 'решать', 'дать', 'организация', 'есть', 'договорный', 'отношение', 'ооо', 'жкс', 'невский', 'р-она', 'срок', 'принятие', 'проблема', 'зимний', 'период', 'час', 'нарушить', 'понятно', 'жить', 'разбитый', 'окно', 'мочь', 'ремонт', 'произвести', 'свой', 'счёт', 'никакой', 'извинение', 'ооо', 'жкс', 'невский', 'р-она', 'также', 'получить', 'обратить', 'внимание', 'систематический', 'уклонение', 'ооо', 'жкс', 'невский', 'р-она', 'выполнение', 'договорный', 'обязательство', 'некачественный', 'оказание', 'услуга', 'некорректный', 'поведение', 'сотрудник', 'рассмотреть', 'целесообразность', 'наличие', 'дать', 'организация', 'лицензия', 'оказание', 'жилищно-коммунальный', 'услуга', 'обслуживание', 'мкд']",2022 очистка крыша дом бабушкин снег наледь мой квартира последний этаж разбитый балконный окно чем сразу 2022 информировать аварийно-диспетчерская служба ооо жкс невский р-она 2022 получить некорректный нарушать норма законодательство также нарушение срок подобный именно сообщить очистка кровля соответствие контракт между сторонний организация производить хангана огрнип 317784700151816 проблема должный решать дать организация есть договорный отношение ооо жкс невский р-она срок принятие проблема зимний период час нарушить понятно жить разбитый окно мочь ремонт произвести свой счёт никакой извинение ооо жкс невский р-она также получить обратить внимание систематический уклонение ооо жкс невский р-она выполнение договорный обязательство некачественный оказание услуга некорректный поведение сотрудник рассмотреть целесообразность наличие дать организация лицензия оказание жилищно-коммунальный услуга обслуживание мкд,1228,0.1,False,2022-02-23,очистке крыши дома 52,Многоквартирные дома,Текст,Дата создания,,Направление
333,Автомобильные дороги,2022-02-23,"г. Кронштадт перекрёсток Кроншоссе с ул. Зосимова и Восстания. Подключенный светофорный объект переведён в режим ""жёлтый мигающий"". 1. Когда вернут в эксплуатацию светофор? 2. Для оптимизации работы светофора необходимо установить допсекцию ""поворот направо"" для потока транспорта по ул. Восстания для включения с основным красным сигналом светофора",appeal_000333,"г. Кронштадт перекрёсток Кроншоссе с ул. Зосимова и Восстания. Подключенный светофорный объект переведён в режим ""жёлтый мигающий"". 1. Когда вернут в эксплуатацию светофор? 2. Для оптимизации работы светофора необходимо установить допсекцию ""поворот направо"" для потока транспорта по ул. Восстания для включения с основным красным сигналом светофора",г. Кронштадт перекресток Кроншоссе с ул. Зосимова и Восстания. Подключенный светофорный объект переведен в режим желтый мигающий . 1. Когда вернут в эксплуатацию светофор? 2. Для оптимизации работы светофора необходимо установить допсекцию поворот направо для потока транспорта по ул. Восстания для включения с основным красным сигналом светофора,"['кронштадт', 'перекресток', 'кроншоссе', 'зосимова', 'восстания', 'подключенный', 'светофорный', 'объект', 'переведен', 'режим', 'желтый', 'мигающий', '1', 'когда', 'вернут', 'эксплуатацию', 'светофор', '2', 'для', 'оптимизации', 'работы', 'светофора', 'необходимо', 'установить', 'допсекцию', 'поворот', 'направо', 'для', 'потока', 'транспорта', 'восстания', 'для', 'включения', 'основным', 'красным', 'сигналом', 'светофора']","['кронштадт', 'перекрёсток', 'кроншоссе', 'зосимов', 'восстание', 'подключить', 'светофорный', 'объект', 'перевести', 'режим', 'жёлтый', 'мигать', 'вернуть', 'эксплуатация', 'светофор', 'оптимизация', 'работа', 'светофор', 'необходимо', 'установить', 'допсекция', 'поворот', 'направо', 'поток', 'транспорт', 'восстание', 'включение', 'основный', 'красный', 'сигнал', 'светофор']",кронштадт перекрёсток кроншоссе зосимов восстание подключить светофорный объект перевести режим жёлтый мигать вернуть эксплуатация светофор оптимизация работа светофор необходимо установить допсекция поворот направо поток транспорт восстание включение основный красный сигнал светофор,346,0.0,False,2022-02-23,,Автомобильные дороги,Текст,Дата создания,,Направление
334,Дворы и территории общего пользования,2022-02-23,"Утром в 9:00 началась уборка льда трактором, в выходной день! После чего работники вытащили полусферу , которая была около дома (под окнами, которая установлена, чтобы не ставили машины) и выкинули ее на газон. Сдвинули клумбу, которая была установлена в тех же целях. Зачем убрана полусфера и выкинута на газон?",appeal_000334,"Утром в 9:00 началась уборка льда трактором, в выходной день! После чего работники вытащили полусферу , которая была около дома (под окнами, которая установлена, чтобы не ставили машины) и выкинули ее на газон. Сдвинули клумбу, которая была установлена в тех же целях. Зачем убрана полусфера и выкинута на газон?","Утром в 9:00 началась уборка льда трактором, в выходной день! После чего работники вытащили полусферу , которая была около дома под окнами, которая установлена, чтобы не ставили машины и выкинули ее на газон. Сдвинули клумбу, которая была установлена в тех же целях. Зачем убрана полусфера и выкинута на газон?","['утром', '9', '00', 'началась', 'уборка', 'льда', 'трактором', 'выходной', 'день', 'после', 'чего', 'работники', 'вытащили', 'полусферу', 'которая', 'была', 'около', 'дома', 'под', 'окнами', 'которая', 'установлена', 'чтобы', 'ставили', 'машины', 'выкинули', 'газон', 'сдвинули', 'клумбу', 'которая', 'была', 'установлена', 'тех', 'целях', 'зачем', 'убрана', 'полусфера', 'выкинута', 'газон']","['утром', 'начаться', 'уборка', 'лёд', 'трактор', 'выходной', 'после', 'работник', 'вытащить', 'полусфера', 'который', 'около', 'дом', 'окно', 'который', 'установить', 'чтобы', 'ставить', 'машина', 'выкинуть', 'газон', 'сдвинуть', 'клумба', 'который', 'установить', 'тот', 'цель', 'зачем', 'убрать', 'полусфера', 'выкинуть', 'газон']",утром начаться уборка лёд трактор выходной после работник вытащить полусфера который около дом окно который установить чтобы ставить машина выкинуть газон сдвинуть клумба который установить тот цель зачем убрать полусфера выкинуть газон,310,0.1,False,2022-02-23,Утром в 9,Дворы и территории общего пользования,Текст,Дата создания,,Направление
335,Автомобильные дороги,2022-02-23,"г. Кронштадт перекрёсток Кронштадтского шоссе - Цитадельская дорога со стороны ул. Адмирала Грейга при установке дублирующего светофора не убрали остатки дерева, из-за чего дублирующий светофор виден только уже на самом перекрёстке и свою функцию не выполняет",appeal_000335,"г. Кронштадт перекрёсток Кронштадтского шоссе - Цитадельская дорога со стороны ул. Адмирала Грейга при установке дублирующего светофора не убрали остатки дерева, из-за чего дублирующий светофор виден только уже на самом перекрёстке и свою функцию не выполняет","г. Кронштадт перекресток Кронштадтского шоссе - Цитадельская дорога со стороны ул. Адмирала Грейга при установке дублирующего светофора не убрали остатки дерева, из-за чего дублирующий светофор виден только уже на самом перекрестке и свою функцию не выполняет","['кронштадт', 'перекресток', 'кронштадтского', 'шоссе', 'цитадельская', 'дорога', 'стороны', 'адмирала', 'грейга', 'при', 'установке', 'дублирующего', 'светофора', 'убрали', 'остатки', 'дерева', 'из-за', 'чего', 'дублирующий', 'светофор', 'виден', 'только', 'уже', 'самом', 'перекрестке', 'свою', 'функцию', 'выполняет']","['кронштадт', 'перекрёсток', 'кронштадтский', 'шоссе', 'цитадельский', 'дорога', 'сторона', 'адмирал', 'грейг', 'установка', 'дублировать', 'светофор', 'убрать', 'остаток', 'дерево', 'из-за', 'дублировать', 'светофор', 'видный', 'сам', 'перекрёсток', 'свой', 'функция', 'выполнять']",кронштадт перекрёсток кронштадтский шоссе цитадельский дорога сторона адмирал грейг установка дублировать светофор убрать остаток дерево из-за дублировать светофор видный сам перекрёсток свой функция выполнять,259,0.0,False,2022-02-23,,Автомобильные дороги,Текст,Дата создания,,Направление
336,Дворы и территории общего пользования,2022-02-23,Складирован снег на газоне больше 1 метра,appeal_000336,Складирован снег на газоне больше 1 метра,Складирован снег на газоне больше 1 метра,"['складирован', 'снег', 'газоне', 'больше', '1', 'метра']","['складировать', 'снег', 'газон', 'большой', 'метр']",складировать снег газон большой метр,41,0.0,False,2022-02-23,на газоне больше 1,Дворы и территории общего пользования,Текст,Дата создания,,Направление
337,Мусор,2022-02-23,Уже много месяцев (по субъективным ощущениям с лета 2021 года) никто не убирает урну между домами по ул. Беринга 3 и Беринга 5. На месте этой урны уже образовалась свалка. С каждым днём она только растёт. Прошу разобраться в ситуации и устранить эти антисанитарные условия! Прикреплённое фото сделано 23.02.2022. Заранее спасибо.,appeal_000337,Уже много месяцев (по субъективным ощущениям с лета 2021 года) никто не убирает урну между домами по ул. Беринга 3 и Беринга 5. На месте этой урны уже образовалась свалка. С каждым днём она только растёт. Прошу разобраться в ситуации и устранить эти антисанитарные условия! Прикреплённое фото сделано 23.02.2022. Заранее спасибо.,Уже много месяцев по субъективным ощущениям с лета 2021 года никто не убирает урну между домами по ул. Беринга 3 и Беринга 5. На месте этой урны уже образовалась свалка. С каждым днем она только растет. Прошу разобраться в ситуации и устранить эти антисанитарные условия! Прикрепленное фото сделано 23.02.2022. Заранее спасибо.,"['уже', 'много', 'месяцев', 'субъективным', 'ощущениям', 'лета', '2021', 'года', 'никто', 'убирает', 'урну', 'между', 'домами', 'беринга', '3', 'беринга', '5', 'месте', 'этой', 'урны', 'уже', 'образовалась', 'свалка', 'каждым', 'днем', 'она', 'только', 'растет', 'прошу', 'разобраться', 'ситуации', 'устранить', 'эти', 'антисанитарные', 'условия', 'прикрепленное', 'фото', 'сделано', '23', '02', '2022', 'заранее', 'спасибо']","['много', 'месяц', 'субъективный', 'ощущение', 'лето', '2021', 'год', 'никто', 'убирать', 'урна', 'между', 'дом', 'беринг', 'беринг', 'место', 'урна', 'образоваться', 'свалка', 'каждый', 'расти', 'разобраться', 'ситуация', 'устранить', 'антисанитарный', 'условие', 'прикрепить', 'фото', 'сделать', '2022', 'заранее', 'спасибо']",много месяц субъективный ощущение лето 2021 год никто убирать урна между дом беринг беринг место урна образоваться свалка каждый расти разобраться ситуация устранить антисанитарный условие прикрепить фото сделать 2022 заранее спасибо,327,0.1,False,2022-02-23,ул. Беринга 3,Мусор,Текст,Дата создания,,Направление
338,Дворы и территории общего пользования,2022-02-23,Скидывают кучи грязного снега на территорию детской площадки и ближайших газонов,appeal_000338,Скидывают кучи грязного снега на территорию детской площадки и ближайших газонов,Скидывают кучи грязного снега на территорию детской площадки и ближайших газонов,"['скидывают', 'кучи', 'грязного', 'снега', 'территорию', 'детской', 'площадки', 'ближайших', 'газонов']","['скидывать', 'куча', 'грязный', 'снег', 'территория', 'детский', 'площадка', 'близкий', 'газон']",скидывать куча грязный снег территория детский площадка близкий газон,80,0.0,False,2022-02-23,,Дворы и территории общего пользования,Текст,Дата создания,,Направление
339,Мусор,2022-02-23,"Здравствуйте. Прошу наконец навести порядок и поддерживать его должным образом в районе арки по ростовской 14-16. С уважением, Мальков Дмитрий.",appeal_000339,"Здравствуйте. Прошу наконец навести порядок и поддерживать его должным образом в районе арки по ростовской 14-16. С уважением, Мальков Дмитрий.","Здравствуйте. Прошу наконец навести порядок и поддерживать его должным образом в районе арки по ростовской 14-16. С уважением, Мальков Дмитрий.","['здравствуйте', 'прошу', 'наконец', 'навести', 'порядок', 'поддерживать', 'его', 'должным', 'образом', 'районе', 'арки', 'ростовской', '14', '16', 'уважением', 'мальков', 'дмитрий']","['наконец', 'навести', 'порядок', 'поддерживать', 'должный', 'образ', 'арка', 'ростовский', 'уважение', 'малёк', 'дмитрий']",наконец навести порядок поддерживать должный образ арка ростовский уважение малёк дмитрий,143,0.0,False,2022-02-23,арки по ростовской 14-16,Мусор,Текст,Дата создания,,Направление
340,Многоквартирные дома,2022-02-23,"Нарушена целостность стены/фундамента дома по периметру, уо - ООО ЖКС 2 Невского р-она свои обязанности по текущему ремонту игнорирует.",appeal_000340,"Нарушена целостность стены/фундамента дома по периметру, уо - ООО ЖКС 2 Невского р-она свои обязанности по текущему ремонту игнорирует.","Нарушена целостность стены/фундамента дома по периметру, уо - ООО ЖКС 2 Невского р-она свои обязанности по текущему ремонту игнорирует.","['нарушена', 'целостность', 'стены', 'фундамента', 'дома', 'периметру', 'ооо', 'жкс', '2', 'невского', 'р-она', 'свои', 'обязанности', 'текущему', 'ремонту', 'игнорирует']","['нарушить', 'целостность', 'стена', 'фундамент', 'дом', 'периметр', 'ооо', 'жкс', 'невский', 'р-она', 'свой', 'обязанность', 'текущий', 'ремонт', 'игнорировать']",нарушить целостность стена фундамент дом периметр ооо жкс невский р-она свой обязанность текущий ремонт игнорировать,135,0.0,False,2022-02-23,ООО ЖКС 2,Многоквартирные дома,Текст,Дата создания,,Направление
341,Дворы и территории общего пользования,2022-02-23,"Всю зиму не убирают снег у парадной по адресу Дунайский пр., д. 3, к. 2, 3 подъезд. Жалобы диспетчеру аварийной службы не помогли. Сейчас невозможно выйти из дома, вся дорожка сплошной каток. Так же совершенно не убирают и дороги на территории всего Пулковского посада. Ходить невозможно, сплошной лёд.",appeal_000341,"Всю зиму не убирают снег у парадной по адресу Дунайский пр., д. 3, к. 2, 3 подъезд. Жалобы диспетчеру аварийной службы не помогли. Сейчас невозможно выйти из дома, вся дорожка сплошной каток. Так же совершенно не убирают и дороги на территории всего Пулковского посада. Ходить невозможно, сплошной лёд.","Всю зиму не убирают снег у парадной по адресу Дунайский пр., д. 3, к. 2, 3 подъезд. Жалобы диспетчеру аварийной службы не помогли. Сейчас невозможно выйти из дома, вся дорожка сплошной каток. Так же совершенно не убирают и дороги на территории всего Пулковского посада. Ходить невозможно, сплошной лед.","['всю', 'зиму', 'убирают', 'снег', 'парадной', 'адресу', 'дунайский', '3', '2', '3', 'подъезд', 'жалобы', 'диспетчеру', 'аварийной', 'службы', 'помогли', 'сейчас', 'невозможно', 'выйти', 'дома', 'вся', 'дорожка', 'сплошной', 'каток', 'так', 'совершенно', 'убирают', 'дороги', 'территории', 'всего', 'пулковского', 'посада', 'ходить', 'невозможно', 'сплошной', 'лед']","['весь', 'зима', 'убирать', 'снег', 'парадный', 'адрес', 'дунайский', 'подъезд', 'жалоба', 'диспетчер', 'аварийный', 'служба', 'помочь', 'сейчас', 'невозможно', 'выйти', 'дом', 'весь', 'дорожка', 'сплошной', 'каток', 'совершенно', 'убирать', 'дорога', 'территория', 'весь', 'пулковский', 'посад', 'ходить', 'невозможно', 'сплошной', 'лёд']",весь зима убирать снег парадный адрес дунайский подъезд жалоба диспетчер аварийный служба помочь сейчас невозможно выйти дом весь дорожка сплошной каток совершенно убирать дорога территория весь пулковский посад ходить невозможно сплошной лёд,302,0.2,False,2022-02-23,,Дворы и территории общего пользования,Текст,Дата создания,,Направление
342,Дворы и территории общего пользования,2022-02-23,Прошу очистить территорию от старого брошенного сарая на колёсах,appeal_000342,Прошу очистить территорию от старого брошенного сарая на колёсах,Прошу очистить территорию от старого брошенного сарая на колесах,"['прошу', 'очистить', 'территорию', 'старого', 'брошенного', 'сарая', 'колесах']","['очистить', 'территория', 'старое', 'бросить', 'сарай', 'колесо']",очистить территория старое бросить сарай колесо,64,0.0,False,2022-02-23,,Дворы и территории общего пользования,Текст,Дата создания,,Направление
343,Дворы и территории общего пользования,2022-02-23,"Жалоба на УК ООО ""Космосервис третья"". Адрес: Санкт-Петербург, ул летчика лихолетова 14/2 парадные 9, 10, 11. Сплошной каток в дни морозов и лужи по щиколотку в дни оттепели. Не чистят, и не посыпают песком. Сегодня 23.02. не знала, как выйти из парадной. Оба выхода ""заблокированы"" наледью. Пришлось мелкими шажками ползти с внутренней стороны, со двора, там хоть горизонтальная поверхность. С улицы ни разу тротуар не чистили. Требую убрать, коммуналку, повышенную с нового года, платим исправно.",appeal_000343,"Жалоба на УК ООО ""Космосервис третья"". Адрес: Санкт-Петербург, ул летчика лихолетова 14/2 парадные 9, 10, 11. Сплошной каток в дни морозов и лужи по щиколотку в дни оттепели. Не чистят, и не посыпают песком. Сегодня 23.02. не знала, как выйти из парадной. Оба выхода ""заблокированы"" наледью. Пришлось мелкими шажками ползти с внутренней стороны, со двора, там хоть горизонтальная поверхность. С улицы ни разу тротуар не чистили. Требую убрать, коммуналку, повышенную с нового года, платим исправно.","Жалоба на УК ООО Космосервис третья . Адрес: Санкт-Петербург, ул летчика лихолетова 14/2 парадные 9, 10, 11. Сплошной каток в дни морозов и лужи по щиколотку в дни оттепели. Не чистят, и не посыпают песком. Сегодня 23.02. не знала, как выйти из парадной. Оба выхода заблокированы наледью. Пришлось мелкими шажками ползти с внутренней стороны, со двора, там хоть горизонтальная поверхность. С улицы ни разу тротуар не чистили. Требую убрать, коммуналку, повышенную с нового года, платим исправно.","['жалоба', 'ооо', 'космосервис', 'третья', 'адрес', 'санкт-петербург', 'летчика', 'лихолетова', '14', '2', 'парадные', '9', '10', '11', 'сплошной', 'каток', 'дни', 'морозов', 'лужи', 'щиколотку', 'дни', 'оттепели', 'чистят', 'посыпают', 'песком', 'сегодня', '23', '02', 'знала', 'как', 'выйти', 'парадной', 'оба', 'выхода', 'заблокированы', 'наледью', 'пришлось', 'мелкими', 'шажками', 'ползти', 'внутренней', 'стороны', 'двора', 'там', 'хоть', 'горизонтальная', 'поверхность', 'улицы', 'разу', 'тротуар', 'чистили', 'требую', 'убрать', 'коммуналку', 'повышенную', 'нового', 'года', 'платим', 'исправно']","['жалоба', 'ооо', 'космосервис', 'третий', 'адрес', 'санкт-петербург', 'лётчик', 'лихолетов', 'парадный', 'сплошной', 'каток', 'морозов', 'лужа', 'щиколотка', 'оттепель', 'чистить', 'посыпать', 'песок', 'сегодня', 'знать', 'выйти', 'парадный', 'оба', 'выход', 'заблокировать', 'наледь', 'прийтись', 'мелкий', 'шажок', 'ползти', 'внутренний', 'сторона', 'двор', 'там', 'хоть', 'горизонтальный', 'поверхность', 'улица', 'раз', 'тротуар', 'чистить', 'требовать', 'убрать', 'коммуналка', 'повышенный', 'новый', 'год', 'платить', 'исправно']",жалоба ооо космосервис третий адрес санкт-петербург лётчик лихолетов парадный сплошной каток морозов лужа щиколотка оттепель чистить посыпать песок сегодня знать выйти парадный оба выход заблокировать наледь прийтись мелкий шажок ползти внутренний сторона двор там хоть горизонтальный поверхность улица раз тротуар чистить требовать убрать коммуналка повышенный новый год платить исправно,495,0.0,False,2022-02-23,ул летчика лихолетова 14/2,Дворы и территории общего пользования,Текст,Дата создания,,Направление
344,Дворы и территории общего пользования,2022-02-23,"Закрыт проезд к дому, при этом обьезда не сделано",appeal_000344,"Закрыт проезд к дому, при этом обьезда не сделано","Закрыт проезд к дому, при этом обьезда не сделано","['закрыт', 'проезд', 'дому', 'при', 'этом', 'обьезда', 'сделано']","['закрытый', 'проезд', 'дом', 'обьезда', 'сделать']",закрытый проезд дом обьезда сделать,49,0.0,False,2022-02-23,,Дворы и территории общего пользования,Текст,Дата создания,,Направление
345,Автомобильные дороги,2022-02-23,"Прошу вас сделать светофорный объект по адресу Красное село пр. Ленина д.6 с кнопкой для пешеходов. Дело в том что 90% времени пешеходов здесь нет, а светофор постоянно тормозит движение на шестиполосной дороге. Что существенно снижает пропускную способность дороги. Пешеходы при необходимости будут нажимать кнопку и безопасно переходить проезжую часть.",appeal_000345,"Прошу вас сделать светофорный объект по адресу Красное село пр. Ленина д.6 с кнопкой для пешеходов. Дело в том что 90% времени пешеходов здесь нет, а светофор постоянно тормозит движение на шестиполосной дороге. Что существенно снижает пропускную способность дороги. Пешеходы при необходимости будут нажимать кнопку и безопасно переходить проезжую часть.","Прошу вас сделать светофорный объект по адресу Красное село пр. Ленина д.6 с кнопкой для пешеходов. Дело в том что 90 времени пешеходов здесь нет, а светофор постоянно тормозит движение на шестиполосной дороге. Что существенно снижает пропускную способность дороги. Пешеходы при необходимости будут нажимать кнопку и безопасно переходить проезжую часть.","['прошу', 'вас', 'сделать', 'светофорный', 'объект', 'адресу', 'красное', 'село', 'ленина', '6', 'кнопкой', 'для', 'пешеходов', 'дело', 'том', 'что', '90', 'времени', 'пешеходов', 'здесь', 'нет', 'светофор', 'постоянно', 'тормозит', 'движение', 'шестиполосной', 'дороге', 'что', 'существенно', 'снижает', 'пропускную', 'способность', 'дороги', 'пешеходы', 'при', 'необходимости', 'будут', 'нажимать', 'кнопку', 'безопасно', 'переходить', 'проезжую', 'часть']","['сделать', 'светофорный', 'объект', 'адрес', 'красный', 'село', 'ленин', 'кнопка', 'пешеход', 'дело', 'тот', 'время', 'пешеход', 'здесь', 'светофор', 'постоянно', 'тормозить', 'движение', 'шестиполосный', 'дорога', 'существенно', 'снижать', 'пропускной', 'способность', 'дорога', 'пешеход', 'необходимость', 'нажимать', 'кнопка', 'безопасно', 'переходить', 'проезжий', 'часть']",сделать светофорный объект адрес красный село ленин кнопка пешеход дело тот время пешеход здесь светофор постоянно тормозить движение шестиполосный дорога существенно снижать пропускной способность дорога пешеход необходимость нажимать кнопка безопасно переходить проезжий часть,353,0.2,True,2022-02-23,том что 90,Автомобильные дороги,Текст,Дата создания,,Направление
346,Мусор,2022-02-23,Кругом один мусор! Уборка не производится! Жители близлежащих домов живут как на помойке!,appeal_000346,Кругом один мусор! Уборка не производится! Жители близлежащих домов живут как на помойке!,Кругом один мусор! Уборка не производится! Жители близлежащих домов живут как на помойке!,"['кругом', 'один', 'мусор', 'уборка', 'производится', 'жители', 'близлежащих', 'домов', 'живут', 'как', 'помойке']","['кругом', 'один', 'мусор', 'уборка', 'производиться', 'житель', 'близлежащий', 'дом', 'жить', 'помойка']",кругом один мусор уборка производиться житель близлежащий дом жить помойка,89,0.3,False,2022-02-23,,Мусор,Текст,Дата создания,,Направление
347,Многоквартирные дома,2022-02-23,"Я Петухова Надежда Михайловна, с 27 декабря 21г. обращаюсь в ООО Жилкомсервис №3 Центрального района с просьбой выяснить причину протечки с потолка выше расположенного помещения по адресу: Невский пр. д. 150, Лит.Е, пом 14Н. 28 января повторила свое обращение с просьбой составить акт. Акт составлен не был. По рекомендации домоуправа разобрали потолок с целью подготовки его для осмотра. 09.02.22г. при обращении к главному инженеру, получила устный ответ о том, что с проблемой будут разбираться. 14.02.22 на мой объект вышли домоуправ и мастер участка ЭУ№2., которые осмотрели потолок, убедились в протечке сверху, т.е в междуэтажных перекрытиях, где проходят коммуникации, принадлежащие УК. С тех пор протечка не устранена, мер никто не принимает В моём помещении вода проникает все сильнее и угрожает электрике, что в результате может привести к короткому замыканию и пожару. В общей сложности данная протечка не устраняется 2 месяца. К обращению прикладываю 4 заявления в ООО ЖКС№3 Центрального района.",appeal_000347,"Я Петухова Надежда Михайловна, с 27 декабря 21г. обращаюсь в ООО Жилкомсервис №3 Центрального района с просьбой выяснить причину протечки с потолка выше расположенного помещения по адресу: Невский пр. д. 150, Лит.Е, пом 14Н. 28 января повторила свое обращение с просьбой составить акт. Акт составлен не был. По рекомендации домоуправа разобрали потолок с целью подготовки его для осмотра. 09.02.22г. при обращении к главному инженеру, получила устный ответ о том, что с проблемой будут разбираться. 14.02.22 на мой объект вышли домоуправ и мастер участка ЭУ№2., которые осмотрели потолок, убедились в протечке сверху, т.е в междуэтажных перекрытиях, где проходят коммуникации, принадлежащие УК. С тех пор протечка не устранена, мер никто не принимает В моём помещении вода проникает все сильнее и угрожает электрике, что в результате может привести к короткому замыканию и пожару. В общей сложности данная протечка не устраняется 2 месяца. К обращению прикладываю 4 заявления в ООО ЖКС№3 Центрального района.","Я Петухова Надежда Михайловна, с 27 декабря 21г. обращаюсь в ООО Жилкомсервис №3 Центрального района с просьбой выяснить причину протечки с потолка выше расположенного помещения по адресу: Невский пр. д. 150, Лит.Е, пом 14Н. 28 января повторила свое обращение с просьбой составить акт. Акт составлен не был. По рекомендации домоуправа разобрали потолок с целью подготовки его для осмотра. 09.02.22г. при обращении к главному инженеру, получила устный ответ о том, что с проблемой будут разбираться. 14.02.22 на мой объект вышли домоуправ и мастер участка ЭУ№2., которые осмотрели потолок, убедились в протечке сверху, т.е в междуэтажных перекрытиях, где проходят коммуникации, принадлежащие УК. С тех пор протечка не устранена, мер никто не принимает В моем помещении вода проникает все сильнее и угрожает электрике, что в результате может привести к короткому замыканию и пожару. В общей сложности данная протечка не устраняется 2 месяца. К обращению прикладываю 4 заявления в ООО ЖКС№3 Центрального района.","['петухова', 'надежда', 'михайловна', '27', 'декабря', '21г', 'обращаюсь', 'ооо', 'жилкомсервис', '3', 'центрального', 'района', 'просьбой', 'выяснить', 'причину', 'протечки', 'потолка', 'выше', 'расположенного', 'помещения', 'адресу', 'невский', '150', 'лит', 'пом', '14н', '28', 'января', 'повторила', 'свое', 'обращение', 'просьбой', 'составить', 'акт', 'акт', 'составлен', 'был', 'рекомендации', 'домоуправа', 'разобрали', 'потолок', 'целью', 'подготовки', 'его', 'для', 'осмотра', '09', '02', '22г', 'при', 'обращении', 'главному', 'инженеру', 'получила', 'устный', 'ответ', 'том', 'что', 'проблемой', 'будут', 'разбираться', '14', '02', '22', 'мой', 'объект', 'вышли', 'домоуправ', 'мастер', 'участка', '2', 'которые', 'осмотрели', 'потолок', 'убедились', 'протечке', 'сверху', 'междуэтажных', 'перекрытиях', 'где', 'проходят', 'коммуникации', 'принадлежащие', 'тех', 'пор', 'протечка', 'устранена', 'мер', 'никто', 'принимает', 'моем', 'помещении', 'вода', 'проникает', 'все', 'сильнее', 'угрожает', 'электрике', 'что', 'результате', 'может', 'привести', 'короткому', 'замыканию', 'пожару', 'общей', 'сложности', 'данная', 'протечка', 'устраняется', '2', 'месяца', 'обращению', 'прикладываю', '4', 'заявления', 'ооо', 'жкс', '3', 'центрального', 'района']","['петухов', 'надежда', 'михаилович', 'декабрь', '21г', 'обращаться', 'ооо', 'жилкомсервис', 'центральный', 'просьба', 'выяснить', 'причина', 'протечка', 'потолок', 'выше', 'расположить', 'помещение', 'адрес', 'невский', '150', 'лита', 'пом', '14н', 'январь', 'повторить', 'свой', 'просьба', 'составить', 'акт', 'акт', 'составить', 'рекомендация', 'домоуправа', 'разобрать', 'потолок', 'цель', 'подготовка', 'осмотр', '22г', 'главный', 'инженер', 'получить', 'устный', 'тот', 'проблема', 'разбираться', 'мой', 'объект', 'выйти', 'домоуправа', 'мастер', 'участок', 'который', 'осмотреть', 'потолок', 'убедиться', 'протечка', 'сверху', 'междуэтажный', 'перекрытие', 'где', 'проходить', 'коммуникация', 'принадлежащий', 'тот', 'пора', 'протечка', 'устранить', 'никто', 'принимать', 'мой', 'помещение', 'вода', 'проникать', 'сильный', 'угрожать', 'электрик', 'результат', 'мочь', 'привести', 'короткий', 'замыкание', 'пожар', 'общий', 'сложность', 'дать', 'протечка', 'устраняться', 'месяц', 'прикладывать', 'заявление', 'ооо', 'жкс', 'центральный']",петухов надежда михаилович декабрь 21г обращаться ооо жилкомсервис центральный просьба выяснить причина протечка потолок выше расположить помещение адрес невский 150 лита пом 14н январь повторить свой просьба составить акт акт составить рекомендация домоуправа разобрать потолок цель подготовка осмотр 22г главный инженер получить устный тот проблема разбираться мой объект выйти домоуправа мастер участок который осмотреть потолок убедиться протечка сверху междуэтажный перекрытие где проходить коммуникация принадлежащий тот пора протечка устранить никто принимать мой помещение вода проникать сильный угрожать электрик результат мочь привести короткий замыкание пожар общий сложность дать протечка устраняться месяц прикладывать заявление ооо жкс центральный,1008,0.0,True,2022-02-23,декабря 21г,Многоквартирные дома,Текст,Дата создания,,Направление
348,Мусор,2022-02-23,Кругом мусор!!! Никто ничего не убирает!!,appeal_000348,Кругом мусор!!! Никто ничего не убирает!!,Кругом мусор!!! Никто ничего не убирает!!,"['кругом', 'мусор', 'никто', 'ничего', 'убирает']","['кругом', 'мусор', 'никто', 'ничего', 'убирать']",кругом мусор никто ничего убирать,41,0.3,False,2022-02-23,,Мусор,Текст,Дата создания,,Направление
349,Мусор,2022-02-23,Груды мусора!!! Никто не убирает!!,appeal_000349,Груды мусора!!! Никто не убирает!!,Груды мусора!!! Никто не убирает!!,"['груды', 'мусора', 'никто', 'убирает']","['груда', 'мусор', 'никто', 'убирать']",груда мусор никто убирать,34,0.3,False,2022-02-23,,Мусор,Текст,Дата создания,,Направление
350,Общественный транспорт,2022-02-23,"Стоит автобус нарушая пдд 12.4. Остановка запрещается:в местах, где расстояние между сплошной линией разметки (кроме обозначающей край проезжей части), разделительной полосой или противоположным краем проезжей части и остановившимся транспортным средством менее 3 м; (в ред. Постановления Правительства РФ от 24.01.2001 N 67) (см. текст в предыдущей редакции)",appeal_000350,"Стоит автобус нарушая пдд 12.4. Остановка запрещается:в местах, где расстояние между сплошной линией разметки (кроме обозначающей край проезжей части), разделительной полосой или противоположным краем проезжей части и остановившимся транспортным средством менее 3 м; (в ред. Постановления Правительства РФ от 24.01.2001 N 67) (см. текст в предыдущей редакции)","Стоит автобус нарушая пдд 12.4. Остановка запрещается:в местах, где расстояние между сплошной линией разметки кроме обозначающей край проезжей части , разделительной полосой или противоположным краем проезжей части и остановившимся транспортным средством менее 3 м; в ред. Постановления Правительства РФ от 24.01.2001 N 67 см. текст в предыдущей редакции","['стоит', 'автобус', 'нарушая', 'пдд', '12', '4', 'остановка', 'запрещается', 'местах', 'где', 'расстояние', 'между', 'сплошной', 'линией', 'разметки', 'кроме', 'обозначающей', 'край', 'проезжей', 'части', 'разделительной', 'полосой', 'или', 'противоположным', 'краем', 'проезжей', 'части', 'остановившимся', 'транспортным', 'средством', 'менее', '3', 'ред', 'постановления', 'правительства', '24', '01', '2001', '67', 'текст', 'предыдущей', 'редакции']","['стоить', 'автобус', 'нарушать', 'пдд', 'остановка', 'запрещаться', 'место', 'где', 'расстояние', 'между', 'сплошной', 'линия', 'разметка', 'кроме', 'обозначать', 'край', 'проезжий', 'часть', 'разделительный', 'полоса', 'противоположный', 'край', 'проезжий', 'часть', 'остановиться', 'транспортный', 'средство', 'менее', 'ред', 'постановление', 'правительство', '2001', 'текст', 'предыдущий', 'редакция']",стоить автобус нарушать пдд остановка запрещаться место где расстояние между сплошной линия разметка кроме обозначать край проезжий часть разделительный полоса противоположный край проезжий часть остановиться транспортный средство менее ред постановление правительство 2001 текст предыдущий редакция,354,0.0,False,2022-02-23,автобус нарушая пдд 12,Общественный транспорт,Текст,Дата создания,,Направление
351,Автомобильные дороги,2022-02-23,Устроили парковку на пешеходной зоне. Просьба принять меры.,appeal_000351,Устроили парковку на пешеходной зоне. Просьба принять меры.,Устроили парковку на пешеходной зоне. Просьба принять меры.,"['устроили', 'парковку', 'пешеходной', 'зоне', 'просьба', 'принять', 'меры']","['устроить', 'парковка', 'пешеходный', 'зона', 'просьба', 'принять']",устроить парковка пешеходный зона просьба принять,59,0.0,False,2022-02-23,,Автомобильные дороги,Текст,Дата создания,,Направление
352,Дворы и территории общего пользования,2022-02-23,Автомобиль без колеса припаркован в проезде. Проезд - не место для хранения неисправных машин,appeal_000352,Автомобиль без колеса припаркован в проезде. Проезд - не место для хранения неисправных машин,Автомобиль без колеса припаркован в проезде. Проезд - не место для хранения неисправных машин,"['автомобиль', 'без', 'колеса', 'припаркован', 'проезде', 'проезд', 'место', 'для', 'хранения', 'неисправных', 'машин']","['автомобиль', 'колесо', 'припарковать', 'проезд', 'проезд', 'место', 'хранение', 'неисправный', 'машина']",автомобиль колесо припарковать проезд проезд место хранение неисправный машина,93,0.0,False,2022-02-23,,Дворы и территории общего пользования,Текст,Дата создания,,Направление
353,Многоквартирные дома,2022-02-23,"В первой парадной не закрыт чердак, прошу починить дверь чердака и закрыть на замок.",appeal_000353,"В первой парадной не закрыт чердак, прошу починить дверь чердака и закрыть на замок.","В первой парадной не закрыт чердак, прошу починить дверь чердака и закрыть на замок.","['первой', 'парадной', 'закрыт', 'чердак', 'прошу', 'починить', 'дверь', 'чердака', 'закрыть', 'замок']","['первый', 'парадный', 'закрытый', 'чердак', 'починить', 'дверь', 'чердак', 'закрыть', 'замок']",первый парадный закрытый чердак починить дверь чердак закрыть замок,84,0.0,False,2022-02-23,,Многоквартирные дома,Текст,Дата создания,,Направление
354,Автомобильные дороги,2022-02-23,Не проехать! Не заехать на парковку!,appeal_000354,Не проехать! Не заехать на парковку!,Не проехать! Не заехать на парковку!,"['проехать', 'заехать', 'парковку']","['проехать', 'заехать', 'парковка']",проехать заехать парковка,36,0.2,False,2022-02-23,,Автомобильные дороги,Текст,Дата создания,,Направление
355,Медицина,2022-02-23,Нужна запись к спортивному врачу. Не можем дозвониться.,appeal_000355,Нужна запись к спортивному врачу. Не можем дозвониться.,Нужна запись к спортивному врачу. Не можем дозвониться.,"['нужна', 'запись', 'спортивному', 'врачу', 'можем', 'дозвониться']","['нужный', 'запись', 'спортивный', 'врач', 'мочь', 'дозвониться']",нужный запись спортивный врач мочь дозвониться,55,0.0,False,2022-02-23,,Медицина,Текст,Дата создания,,Направление
356,Дворы и территории общего пользования,2022-02-23,"Сломано оборудование на детской площадке ( одна качель отсутствует, вторая сломана ). Звездная 14, Космонавтов 94.",appeal_000356,"Сломано оборудование на детской площадке ( одна качель отсутствует, вторая сломана ). Звездная 14, Космонавтов 94.","Сломано оборудование на детской площадке одна качель отсутствует, вторая сломана . Звездная 14, Космонавтов 94.","['сломано', 'оборудование', 'детской', 'площадке', 'одна', 'качель', 'отсутствует', 'вторая', 'сломана', 'звездная', '14', 'космонавтов', '94']","['сломать', 'оборудование', 'детский', 'площадка', 'один', 'качели', 'отсутствовать', 'второй', 'сломать', 'звёздный', 'космонавт']",сломать оборудование детский площадка один качели отсутствовать второй сломать звёздный космонавт,111,0.0,False,2022-02-23,Звездная 14,Дворы и территории общего пользования,Текст,Дата создания,,Направление
357,Дворы и территории общего пользования,2022-02-23,Добрый день. Граффити на заборе с рекламой магазина нелегальных веществ. Просьба устранить,appeal_000357,Добрый день. Граффити на заборе с рекламой магазина нелегальных веществ. Просьба устранить,Добрый день. Граффити на заборе с рекламой магазина нелегальных веществ. Просьба устранить,"['добрый', 'день', 'граффити', 'заборе', 'рекламой', 'магазина', 'нелегальных', 'веществ', 'просьба', 'устранить']","['граффити', 'забор', 'реклама', 'магазин', 'нелегальный', 'вещество', 'просьба', 'устранить']",граффити забор реклама магазин нелегальный вещество просьба устранить,90,0.0,False,2022-02-23,,Дворы и территории общего пользования,Текст,Дата создания,,Направление
358,Многоквартирные дома,2022-02-23,"Засор фановый трубы от дворового колодца до 2 этажа. На первом этаже труба проходит без подключения к квартире, требуется прочистка горизонтального лежака трубы от дворового колодца до 2 этажа. На данный момент все жильцы 1 парадной над квартирой 9 не могут пользоваться водой, так как сразу затапливает квартиру 9.",appeal_000358,"Засор фановый трубы от дворового колодца до 2 этажа. На первом этаже труба проходит без подключения к квартире, требуется прочистка горизонтального лежака трубы от дворового колодца до 2 этажа. На данный момент все жильцы 1 парадной над квартирой 9 не могут пользоваться водой, так как сразу затапливает квартиру 9.","Засор фановый трубы от дворового колодца до 2 этажа. На первом этаже труба проходит без подключения к квартире, требуется прочистка горизонтального лежака трубы от дворового колодца до 2 этажа. На данный момент все жильцы 1 парадной над квартирой 9 не могут пользоваться водой, так как сразу затапливает квартиру 9.","['засор', 'фановый', 'трубы', 'дворового', 'колодца', '2', 'этажа', 'первом', 'этаже', 'труба', 'проходит', 'без', 'подключения', 'квартире', 'требуется', 'прочистка', 'горизонтального', 'лежака', 'трубы', 'дворового', 'колодца', '2', 'этажа', 'данный', 'момент', 'все', 'жильцы', '1', 'парадной', 'над', 'квартирой', '9', 'могут', 'пользоваться', 'водой', 'так', 'как', 'сразу', 'затапливает', 'квартиру', '9']","['засор', 'фановый', 'труба', 'дворовый', 'колодец', 'этаж', 'первый', 'этаж', 'труба', 'проходить', 'подключение', 'квартира', 'требоваться', 'прочистка', 'горизонтальный', 'лежак', 'труба', 'дворовый', 'колодец', 'этаж', 'данный', 'момент', 'жилец', 'парадный', 'квартира', 'мочь', 'пользоваться', 'вода', 'сразу', 'затапливать', 'квартира']",засор фановый труба дворовый колодец этаж первый этаж труба проходить подключение квартира требоваться прочистка горизонтальный лежак труба дворовый колодец этаж данный момент жилец парадный квартира мочь пользоваться вода сразу затапливать квартира,315,0.0,False,2022-02-23,дворового колодца до 2,Многоквартирные дома,Текст,Дата создания,,Направление
359,Многоквартирные дома,2022-02-23,3 дня не работает освещение в 3м подъезде (кв. 17-24) Дмитровский пер. 8 Аварийная служба заявки на ремонт игнорирует. Прошу принять меры.,appeal_000359,3 дня не работает освещение в 3м подъезде (кв. 17-24) Дмитровский пер. 8 Аварийная служба заявки на ремонт игнорирует. Прошу принять меры.,3 дня не работает освещение в 3м подъезде кв. 17-24 Дмитровский пер. 8 Аварийная служба заявки на ремонт игнорирует. Прошу принять меры.,"['3', 'дня', 'работает', 'освещение', '3м', 'подъезде', '17', '24', 'дмитровский', 'пер', '8', 'аварийная', 'служба', 'заявки', 'ремонт', 'игнорирует', 'прошу', 'принять', 'меры']","['работать', 'освещение', 'подъезд', 'дмитровский', 'пер', 'аварийный', 'служба', 'заявка', 'ремонт', 'игнорировать', 'принять']",работать освещение подъезд дмитровский пер аварийный служба заявка ремонт игнорировать принять,136,0.0,False,2022-02-23,работает освещение в 3м,Многоквартирные дома,Текст,Дата создания,,Направление
360,Автомобильные дороги,2022-02-23,Неправильная парковка !!! Загородил проход всем службам,appeal_000360,Неправильная парковка !!! Загородил проход всем службам,Неправильная парковка !!! Загородил проход всем службам,"['неправильная', 'парковка', 'загородил', 'проход', 'всем', 'службам']","['неправильный', 'парковка', 'загородить', 'проход', 'весь', 'служба']",неправильный парковка загородить проход весь служба,55,0.3,False,2022-02-23,,Автомобильные дороги,Текст,Дата создания,,Направление
361,Медицина,2022-02-23,"С 04.02.2022 по 18.02.2022 я находилась на больничном. С 21.02.2022 приступила к работе. До сих пор нигде не зафиксировано ни открытие больничного листа ни закрытие. В поликлинике N88 по адресу : ул. Генерала Симоняка, 6 моё обращение игнорировано. Что делать? Что говорить работодателю, который требует лист нетрудоспособности? Надеюсь на вашу поддержку. Спасибо.",appeal_000361,"С 04.02.2022 по 18.02.2022 я находилась на больничном. С 21.02.2022 приступила к работе. До сих пор нигде не зафиксировано ни открытие больничного листа ни закрытие. В поликлинике N88 по адресу : ул. Генерала Симоняка, 6 моё обращение игнорировано. Что делать? Что говорить работодателю, который требует лист нетрудоспособности? Надеюсь на вашу поддержку. Спасибо.","С 04.02.2022 по 18.02.2022 я находилась на больничном. С 21.02.2022 приступила к работе. До сих пор нигде не зафиксировано ни открытие больничного листа ни закрытие. В поликлинике N88 по адресу : ул. Генерала Симоняка, 6 мое обращение игнорировано. Что делать? Что говорить работодателю, который требует лист нетрудоспособности? Надеюсь на вашу поддержку. Спасибо.","['04', '02', '2022', '18', '02', '2022', 'находилась', 'больничном', '21', '02', '2022', 'приступила', 'работе', 'сих', 'пор', 'нигде', 'зафиксировано', 'открытие', 'больничного', 'листа', 'закрытие', 'поликлинике', '88', 'адресу', 'генерала', 'симоняка', '6', 'мое', 'обращение', 'игнорировано', 'что', 'делать', 'что', 'говорить', 'работодателю', 'который', 'требует', 'лист', 'нетрудоспособности', 'надеюсь', 'вашу', 'поддержку', 'спасибо']","['2022', '2022', 'находиться', 'больничный', '2022', 'приступить', 'работа', 'сей', 'пора', 'нигде', 'зафиксировать', 'открытие', 'больничный', 'лист', 'закрытие', 'поликлиника', 'адрес', 'генерал', 'симоняк', 'мой', 'игнорировать', 'делать', 'говорить', 'работодатель', 'который', 'требовать', 'лист', 'нетрудоспособность', 'надеяться', 'ваш', 'поддержка', 'спасибо']",2022 2022 находиться больничный 2022 приступить работа сей пора нигде зафиксировать открытие больничный лист закрытие поликлиника адрес генерал симоняк мой игнорировать делать говорить работодатель который требовать лист нетрудоспособность надеяться ваш поддержка спасибо,364,0.0,False,2022-02-23,по 18,Медицина,Текст,Дата создания,,Направление
362,Мусор,2022-02-23,"Двор завален мусором, никто не убирает. Местные дворники этому способствуют.",appeal_000362,"Двор завален мусором, никто не убирает. Местные дворники этому способствуют.","Двор завален мусором, никто не убирает. Местные дворники этому способствуют.","['двор', 'завален', 'мусором', 'никто', 'убирает', 'местные', 'дворники', 'этому', 'способствуют']","['двор', 'завалить', 'мусор', 'никто', 'убирать', 'местный', 'дворник', 'способствовать']",двор завалить мусор никто убирать местный дворник способствовать,76,0.0,False,2022-02-23,,Мусор,Текст,Дата создания,,Направление
363,Многоквартирные дома,2022-02-23,Сбила душка от замка на двери на чердак во 2 подъезде. Дверь на чердак открыта. Фарфоровская 20,appeal_000363,Сбила душка от замка на двери на чердак во 2 подъезде. Дверь на чердак открыта. Фарфоровская 20,Сбила душка от замка на двери на чердак во 2 подъезде. Дверь на чердак открыта. Фарфоровская 20,"['сбила', 'душка', 'замка', 'двери', 'чердак', '2', 'подъезде', 'дверь', 'чердак', 'открыта', 'фарфоровская', '20']","['сбить', 'душка', 'замок', 'дверь', 'чердак', 'подъезд', 'дверь', 'чердак', 'открыть', 'фарфоровский']",сбить душка замок дверь чердак подъезд дверь чердак открыть фарфоровский,95,0.0,False,2022-02-23,на чердак во 2,Многоквартирные дома,Текст,Дата создания,,Направление
364,Дворы и территории общего пользования,2022-02-23,Парковка на пешеходном тротуаре и газоне,appeal_000364,Парковка на пешеходном тротуаре и газоне,Парковка на пешеходном тротуаре и газоне,"['парковка', 'пешеходном', 'тротуаре', 'газоне']","['парковка', 'пешеходный', 'тротуар', 'газон']",парковка пешеходный тротуар газон,40,0.0,False,2022-02-23,,Дворы и территории общего пользования,Текст,Дата создания,,Направление
365,Социальное обслуживание и защита,2022-02-23,"Подавали заявление на продление социальной выплаты как малоимущие (2 ребёнка 2-х лет, родители 1 и 3 Группа инвалидности) именно на продление. Тк с рождения выплата была согласована. Выплату согласовали, но те месяца что доилось согласование и постоянно переносилось решение, а именно август-декабрь д/с не возместили. Хотя задержка не по нашей вине и говорили возместят все месяца. И в Новом году опять: выплата пришла за январь, в феврале сново ничего нет. Прошу разобраться.",appeal_000365,"Подавали заявление на продление социальной выплаты как малоимущие (2 ребёнка 2-х лет, родители 1 и 3 Группа инвалидности) именно на продление. Тк с рождения выплата была согласована. Выплату согласовали, но те месяца что доилось согласование и постоянно переносилось решение, а именно август-декабрь д/с не возместили. Хотя задержка не по нашей вине и говорили возместят все месяца. И в Новом году опять: выплата пришла за январь, в феврале сново ничего нет. Прошу разобраться.","Подавали заявление на продление социальной выплаты как малоимущие 2 ребенка 2-х лет, родители 1 и 3 Группа инвалидности именно на продление. Тк с рождения выплата была согласована. Выплату согласовали, но те месяца что доилось согласование и постоянно переносилось решение, а именно август-декабрь д/с не возместили. Хотя задержка не по нашей вине и говорили возместят все месяца. И в Новом году опять: выплата пришла за январь, в феврале сново ничего нет. Прошу разобраться.","['подавали', 'заявление', 'продление', 'социальной', 'выплаты', 'как', 'малоимущие', '2', 'ребенка', '2', 'лет', 'родители', '1', '3', 'группа', 'инвалидности', 'именно', 'продление', 'рождения', 'выплата', 'была', 'согласована', 'выплату', 'согласовали', 'месяца', 'что', 'доилось', 'согласование', 'постоянно', 'переносилось', 'решение', 'именно', 'август-декабрь', 'возместили', 'хотя', 'задержка', 'нашей', 'вине', 'говорили', 'возместят', 'все', 'месяца', 'новом', 'году', 'опять', 'выплата', 'пришла', 'январь', 'феврале', 'сново', 'ничего', 'нет', 'прошу', 'разобраться']","['подавать', 'заявление', 'продление', 'социальный', 'выплата', 'малоимущий', 'ребёнок', 'год', 'родитель', 'группа', 'инвалидность', 'именно', 'продление', 'рождение', 'выплата', 'согласовать', 'выплата', 'согласовать', 'месяц', 'доиться', 'согласование', 'постоянно', 'переноситься', 'решение', 'именно', 'август-декабрь', 'возместить', 'хотя', 'задержка', 'наш', 'вина', 'говорить', 'возместить', 'месяц', 'новый', 'год', 'опять', 'выплата', 'прийти', 'январь', 'февраль', 'сново', 'ничего', 'разобраться']",подавать заявление продление социальный выплата малоимущий ребёнок год родитель группа инвалидность именно продление рождение выплата согласовать выплата согласовать месяц доиться согласование постоянно переноситься решение именно август-декабрь возместить хотя задержка наш вина говорить возместить месяц новый год опять выплата прийти январь февраль сново ничего разобраться,475,0.0,False,2022-02-23,выплаты как малоимущие 2,Социальное обслуживание и защита,Текст,Дата создания,,Направление
366,Многоквартирные дома,2022-02-23,Система вентиляции не очищалась и не проверялась в течение 40 лет. Прошу произвести чистку системы вентиляции.,appeal_000366,Система вентиляции не очищалась и не проверялась в течение 40 лет. Прошу произвести чистку системы вентиляции.,Система вентиляции не очищалась и не проверялась в течение 40 лет. Прошу произвести чистку системы вентиляции.,"['система', 'вентиляции', 'очищалась', 'проверялась', 'течение', '40', 'лет', 'прошу', 'произвести', 'чистку', 'системы', 'вентиляции']","['система', 'вентиляция', 'очищаться', 'проверяться', 'течение', 'год', 'произвести', 'чистка', 'система', 'вентиляция']",система вентиляция очищаться проверяться течение год произвести чистка система вентиляция,110,0.0,False,2022-02-23,проверялась в течение 40,Многоквартирные дома,Текст,Дата создания,,Направление
367,Медицина,2022-02-23,Не могу записаться к врачу на приём. Сайт Госуслуги выдаёт ошибку,appeal_000367,Не могу записаться к врачу на приём. Сайт Госуслуги выдаёт ошибку,Не могу записаться к врачу на прием. Сайт Госуслуги выдает ошибку,"['могу', 'записаться', 'врачу', 'прием', 'сайт', 'госуслуги', 'выдает', 'ошибку']","['мочь', 'записаться', 'врач', 'приём', 'сайт', 'госуслуга', 'выдавать', 'ошибка']",мочь записаться врач приём сайт госуслуга выдавать ошибка,65,0.0,False,2022-02-23,,Медицина,Текст,Дата создания,,Направление
368,Иное,2022-02-23,"ФСИН-почта очень медленно работает, я написала письмо Александру Коновалову 16.02 в 01:40, на 23:02 01:40 его до сих пор не доставили. Расцениваю этот факт как вредность со стороны администрации города за то, что Коновалов отказался исполнять незаконные постановления правительства и унижать своих клиентов проверкой куркодов 16,17,18 - будни V 19,20 - выходные 21,22 - будни V 23 - выходной За 5 рабочих дней не доставили письмо Прошу разобраться с этим ведомством.",appeal_000368,"ФСИН-почта очень медленно работает, я написала письмо Александру Коновалову 16.02 в 01:40, на 23:02 01:40 его до сих пор не доставили. Расцениваю этот факт как вредность со стороны администрации города за то, что Коновалов отказался исполнять незаконные постановления правительства и унижать своих клиентов проверкой куркодов 16,17,18 - будни V 19,20 - выходные 21,22 - будни V 23 - выходной За 5 рабочих дней не доставили письмо Прошу разобраться с этим ведомством.","ФСИН-почта очень медленно работает, я написала письмо Александру Коновалову 16.02 в 01:40, на 23:02 01:40 его до сих пор не доставили. Расцениваю этот факт как вредность со стороны администрации города за то, что Коновалов отказался исполнять незаконные постановления правительства и унижать своих клиентов проверкой куркодов 16,17,18 - будни V 19,20 - выходные 21,22 - будни V 23 - выходной За 5 рабочих дней не доставили письмо Прошу разобраться с этим ведомством.","['фсин-почта', 'очень', 'медленно', 'работает', 'написала', 'письмо', 'александру', 'коновалову', '16', '02', '01', '40', '23', '02', '01', '40', 'его', 'сих', 'пор', 'доставили', 'расцениваю', 'этот', 'факт', 'как', 'вредность', 'стороны', 'администрации', 'города', 'что', 'коновалов', 'отказался', 'исполнять', 'незаконные', 'постановления', 'правительства', 'унижать', 'своих', 'клиентов', 'проверкой', 'куркодов', '16', '17', '18', 'будни', '19', '20', 'выходные', '21', '22', 'будни', '23', 'выходной', '5', 'рабочих', 'дней', 'доставили', 'письмо', 'прошу', 'разобраться', 'этим', 'ведомством']","['фсин-почта', 'очень', 'медленно', 'работать', 'написать', 'письмо', 'александр', 'коновалов', 'сей', 'пора', 'доставить', 'расценивать', 'факт', 'вредность', 'сторона', 'коновалов', 'отказаться', 'исполнять', 'незаконный', 'постановление', 'правительство', 'унижать', 'свой', 'клиент', 'проверка', 'куркод', 'будни', 'выходной', 'будни', 'выходной', 'рабочий', 'доставить', 'письмо', 'разобраться', 'ведомство']",фсин-почта очень медленно работать написать письмо александр коновалов сей пора доставить расценивать факт вредность сторона коновалов отказаться исполнять незаконный постановление правительство унижать свой клиент проверка куркод будни выходной будни выходной рабочий доставить письмо разобраться ведомство,466,0.0,False,2022-02-23,письмо Александру Коновалову 16,Иное,Текст,Дата создания,,Направление
369,Мусор,2022-02-23,Двор не убирается,appeal_000369,Двор не убирается,Двор не убирается,"['двор', 'убирается']","['двор', 'убираться']",двор убираться,17,0.0,False,2022-02-23,,Мусор,Текст,Дата создания,,Направление
370,Торговля,2022-02-23,,appeal_000370,,,[],[],,0,0.0,False,2022-02-23,,Торговля,Текст,Дата создания,,Направление
371,Торговля,2022-02-23,,appeal_000371,,,[],[],,0,0.0,False,2022-02-23,,Торговля,Текст,Дата создания,,Направление
372,Торговля,2022-02-23,,appeal_000372,,,[],[],,0,0.0,False,2022-02-23,,Торговля,Текст,Дата создания,,Направление
373,Телефонные обращения по вопросам здравоохранения,2022-02-23,Не дозвонился: долго (более 10 минут) ждал ответа,appeal_000373,Не дозвонился: долго (более 10 минут) ждал ответа,Не дозвонился: долго более 10 минут ждал ответа,"['дозвонился', 'долго', 'более', '10', 'минут', 'ждал', 'ответа']","['дозвониться', 'долго', 'более', 'минута', 'ждать']",дозвониться долго более минута ждать,47,0.0,False,2022-02-23,долго более 10,Телефонные обращения по вопросам здравоохранения,Текст,Дата создания,,Направление
374,Телефонные обращения по вопросам здравоохранения,2022-02-23,Не удалось оформить электронный больничный,appeal_000374,Не удалось оформить электронный больничный,Не удалось оформить электронный больничный,"['удалось', 'оформить', 'электронный', 'больничный']","['удаться', 'оформить', 'электронный', 'больничный']",удаться оформить электронный больничный,42,0.0,False,2022-02-23,,Телефонные обращения по вопросам здравоохранения,Текст,Дата создания,,Направление
375,Пушкинская карта,2022-02-23,Другое,appeal_000375,Другое,Другое,['другое'],['другой'],другой,6,0.0,False,2022-02-23,,Пушкинская карта,Текст,Дата создания,,Направление
376,Телефонные обращения по вопросам здравоохранения,2022-02-23,Другое,appeal_000376,Другое,Другое,['другое'],['другой'],другой,6,0.0,False,2022-02-23,,Телефонные обращения по вопросам здравоохранения,Текст,Дата создания,,Направление
377,Телефонные обращения по вопросам здравоохранения,2022-02-23,"Не дозвонился: оператор переадресовал звонок, но его сбросили",appeal_000377,"Не дозвонился: оператор переадресовал звонок, но его сбросили","Не дозвонился: оператор переадресовал звонок, но его сбросили","['дозвонился', 'оператор', 'переадресовал', 'звонок', 'его', 'сбросили']","['дозвониться', 'оператор', 'переадресовать', 'звонок', 'сбросить']",дозвониться оператор переадресовать звонок сбросить,61,0.0,False,2022-02-23,,Телефонные обращения по вопросам здравоохранения,Текст,Дата создания,,Направление
378,Торговля,2022-02-23,,appeal_000378,,,[],[],,0,0.0,False,2022-02-23,,Торговля,Текст,Дата создания,,Направление
379,Торговля,2022-02-23,,appeal_000379,,,[],[],,0,0.0,False,2022-02-23,,Торговля,Текст,Дата создания,,Направление
380,Торговля,2022-02-23,,appeal_000380,,,[],[],,0,0.0,False,2022-02-23,,Торговля,Текст,Дата создания,,Направление
381,Портал госуслуг (Региональный),2022-02-23,,appeal_000381,,,[],[],,0,0.0,False,2022-02-23,,Портал госуслуг (Региональный),Текст,Дата создания,,Направление
382,Торговля,2022-02-23,,appeal_000382,,,[],[],,0,0.0,False,2022-02-23,,Торговля,Текст,Дата создания,,Направление
383,Благоустройство,2022-02-23,"Добрый день! Когда будут убраны придворовые дороги ы кубика улице Ткачей 46, 48, 50,52 ,70, 68 и др.? Сколько можно летать?",appeal_000383,"Добрый день! Когда будут убраны придворовые дороги ы кубика улице Ткачей 46, 48, 50,52 ,70, 68 и др.? Сколько можно летать?","Добрый день! Когда будут убраны придворовые дороги ы кубика улице Ткачей 46, 48, 50,52 ,70, 68 и др.? Сколько можно летать?","['добрый', 'день', 'когда', 'будут', 'убраны', 'придворовые', 'дороги', 'кубика', 'улице', 'ткачей', '46', '48', '50', '52', '70', '68', 'сколько', 'можно', 'летать']","['убрать', 'придворовый', 'дорога', 'кубик', 'улица', 'ткач', 'сколько', 'можно', 'летать']",убрать придворовый дорога кубик улица ткач сколько можно летать,123,0.1,False,2022-02-23,кубика улице Ткачей 46,Благоустройство,Текст,Дата создания,,Направление
384,Дороги,2022-02-23,"[id153083756|Катя], вот возьмём Курортный район, снег убирают , в Выборгском нет, Показывали Ситцевую улицу, там как после взрыва, кто не убирает ? Везде есть перегибы на местах",appeal_000384,"[id153083756|Катя], вот возьмём Курортный район, снег убирают , в Выборгском нет, Показывали Ситцевую улицу, там как после взрыва, кто не убирает ? Везде есть перегибы на местах","id153083756 Катя , вот возьмем Курортный район, снег убирают , в Выборгском нет, Показывали Ситцевую улицу, там как после взрыва, кто не убирает ? Везде есть перегибы на местах","['153083756', 'катя', 'вот', 'возьмем', 'курортный', 'район', 'снег', 'убирают', 'выборгском', 'нет', 'показывали', 'ситцевую', 'улицу', 'там', 'как', 'после', 'взрыва', 'кто', 'убирает', 'везде', 'есть', 'перегибы', 'местах']","['153083756', 'катя', 'взять', 'курортный', 'снег', 'убирать', 'выборгский', 'показывать', 'ситцевый', 'улица', 'там', 'после', 'взрыв', 'кто', 'убирать', 'везде', 'есть', 'перегиб', 'место']",153083756 катя взять курортный снег убирать выборгский показывать ситцевый улица там после взрыв кто убирать везде есть перегиб место,176,0.0,False,2022-02-23,,Дороги,Текст,Дата создания,,Направление
385,Дороги,2022-02-23,Уберите перекрёсток затрудняет движение,appeal_000385,Уберите перекрёсток затрудняет движение,Уберите перекресток затрудняет движение,"['уберите', 'перекресток', 'затрудняет', 'движение']","['убрать', 'перекрёсток', 'затруднять', 'движение']",убрать перекрёсток затруднять движение,39,0.0,False,2022-02-23,,Дороги,Текст,Дата создания,,Направление
386,Дороги,2022-02-23,"Вот за такую ""уборку Санкт-Петербурга"" Администрация города платит Исполнителям сотни миллионов рублей. Подробности:<br>https://www.fontanka.ru/2022/02/23/70464980/",appeal_000386,"Вот за такую ""уборку Санкт-Петербурга"" Администрация города платит Исполнителям сотни миллионов рублей. Подробности:<br>https://www.fontanka.ru/2022/02/23/70464980/",Вот за такую уборку Санкт-Петербурга Администрация города платит Исполнителям сотни миллионов рублей. Подробности:,"['вот', 'такую', 'уборку', 'санкт-петербурга', 'администрация', 'города', 'платит', 'исполнителям', 'сотни', 'миллионов', 'рублей', 'подробности']","['такой', 'уборка', 'санкт-петербург', 'платить', 'исполнитель', 'сотня', 'миллион', 'рубль', 'подробность']",такой уборка санкт-петербург платить исполнитель сотня миллион рубль подробность,114,0.0,False,2022-02-23,,Дороги,Текст,Дата создания,,Направление
387,Дороги,2022-02-23,"А пешеходные зоны? А вывозить то, что откололи?",appeal_000387,"А пешеходные зоны? А вывозить то, что откололи?","А пешеходные зоны? А вывозить то, что откололи?","['пешеходные', 'зоны', 'вывозить', 'что', 'откололи']","['пешеходный', 'зона', 'вывозить', 'отколоть']",пешеходный зона вывозить отколоть,47,0.0,False,2022-02-23,,Дороги,Текст,Дата создания,,Направление
388,Благоустройство,2022-02-23,"Доброе утро , прошу срочно разобраться с комунальщиками !!!что за дела кому деньги платят за плохую работу ,на Композиторов 29 кор 3 не убирается дорога !!!бабушки падают, дети падают, из-за колдобин ,которые должны выкалывать ЛОМОМ !!!,машины царапают дно ,не выехать и буксуют постоянно, кто будет платить за испорченные машины !!!!Прошу срочно взять под ваш контроль , звонили в службы ,кормят завтраками ,ваши избиратели не знают куда уже обращаться",appeal_000388,"Доброе утро , прошу срочно разобраться с комунальщиками !!!что за дела кому деньги платят за плохую работу ,на Композиторов 29 кор 3 не убирается дорога !!!бабушки падают, дети падают, из-за колдобин ,которые должны выкалывать ЛОМОМ !!!,машины царапают дно ,не выехать и буксуют постоянно, кто будет платить за испорченные машины !!!!Прошу срочно взять под ваш контроль , звонили в службы ,кормят завтраками ,ваши избиратели не знают куда уже обращаться","Доброе утро , прошу срочно разобраться с комунальщиками !!!что за дела кому деньги платят за плохую работу ,на Композиторов 29 кор 3 не убирается дорога !!!бабушки падают, дети падают, из-за колдобин ,которые должны выкалывать ЛОМОМ !!!,машины царапают дно ,не выехать и буксуют постоянно, кто будет платить за испорченные машины !!!!Прошу срочно взять под ваш контроль , звонили в службы ,кормят завтраками ,ваши избиратели не знают куда уже обращаться","['доброе', 'утро', 'прошу', 'срочно', 'разобраться', 'комунальщиками', 'что', 'дела', 'кому', 'деньги', 'платят', 'плохую', 'работу', 'композиторов', '29', 'кор', '3', 'убирается', 'дорога', 'бабушки', 'падают', 'дети', 'падают', 'из-за', 'колдобин', 'которые', 'должны', 'выкалывать', 'ломом', 'машины', 'царапают', 'дно', 'выехать', 'буксуют', 'постоянно', 'кто', 'будет', 'платить', 'испорченные', 'машины', 'прошу', 'срочно', 'взять', 'под', 'ваш', 'контроль', 'звонили', 'службы', 'кормят', 'завтраками', 'ваши', 'избиратели', 'знают', 'куда', 'уже', 'обращаться']","['утро', 'срочно', 'разобраться', 'комунальщик', 'дело', 'кто', 'деньга', 'платить', 'плохой', 'работа', 'композитор', 'кор', 'убираться', 'дорога', 'бабушка', 'падать', 'ребёнок', 'падать', 'из-за', 'колдобина', 'который', 'должный', 'выкалывать', 'лом', 'машина', 'царапать', 'дно', 'выехать', 'буксовать', 'постоянно', 'кто', 'платить', 'испортить', 'машина', 'срочно', 'взять', 'ваш', 'контроль', 'звонить', 'служба', 'кормить', 'завтрак', 'ваш', 'избиратель', 'знать', 'куда', 'обращаться']",утро срочно разобраться комунальщик дело кто деньга платить плохой работа композитор кор убираться дорога бабушка падать ребёнок падать из-за колдобина который должный выкалывать лом машина царапать дно выехать буксовать постоянно кто платить испортить машина срочно взять ваш контроль звонить служба кормить завтрак ваш избиратель знать куда обращаться,453,0.3,True,2022-02-23,на Композиторов 29,Благоустройство,Текст,Дата создания,,Направление
389,Благоустройство,2022-02-23,"[club59565200|Петроградский район Санкт-Петербурга], Малый пр,,д<br>32.Между Красносельской и Ропшинской ул.",appeal_000389,"[club59565200|Петроградский район Санкт-Петербурга], Малый пр,,д<br>32.Между Красносельской и Ропшинской ул.","club59565200 Петроградский район Санкт-Петербурга , Малый пр,,д 32.Между Красносельской и Ропшинской ул.","['club', '59565200', 'петроградский', 'район', 'санкт-петербурга', 'малый', '32', 'между', 'красносельской', 'ропшинской']","['club', '59565200', 'петроградский', 'санкт-петербург', 'малый', 'между', 'красносельский', 'ропшинский']",club 59565200 петроградский санкт-петербург малый между красносельский ропшинский,104,0.0,False,2022-02-23,,Благоустройство,Текст,Дата создания,,Направление
390,Благоустройство,2022-02-23,Ситуация не поменялась,appeal_000390,Ситуация не поменялась,Ситуация не поменялась,"['ситуация', 'поменялась']","['ситуация', 'поменяться']",ситуация поменяться,22,0.0,False,2022-02-23,,Благоустройство,Текст,Дата создания,,Направление
391,Автомобильные дороги,2022-02-23,Снежная глыба почти на Чернышевской!!!,appeal_000391,Снежная глыба почти на Чернышевской!!!,Снежная глыба почти на Чернышевской!!!,"['снежная', 'глыба', 'почти', 'чернышевской']","['снежный', 'глыба', 'почти', 'чернышевский']",снежный глыба почти чернышевский,38,0.3,False,2022-02-23,,Автомобильные дороги,Текст,Дата создания,,Направление
392,Дворы и территории общего пользования,2022-02-23,"Здравствуйте! В понедельник (21 февраля) я подала жалобу где рассказала о том, что в посёлке Стрельна по улице Балтийской были частично разбиты сугробы вдоль дороги и сброшены в канавы, которые служат единственным водоотводом. Эти канавы мы вынуждены чистить самостоятельно!!! 23февраля все сугробы были свалены в канаву!!!!! Ещё и утрамбованы!!! У кого хватило ума такое сделать? Чем вообще думают??? Теперь при таянии снега у нас будет подтопление находящегося в собственности земельного участка, зданий и сооружений на нем расположенных. В связи с чем прошу незамедлительно расчистить канаву забитую и утрамбованную снежными массами расположенную вдоль нашего земельного участка!!!",appeal_000392,"Здравствуйте! В понедельник (21 февраля) я подала жалобу где рассказала о том, что в посёлке Стрельна по улице Балтийской были частично разбиты сугробы вдоль дороги и сброшены в канавы, которые служат единственным водоотводом. Эти канавы мы вынуждены чистить самостоятельно!!! 23февраля все сугробы были свалены в канаву!!!!! Ещё и утрамбованы!!! У кого хватило ума такое сделать? Чем вообще думают??? Теперь при таянии снега у нас будет подтопление находящегося в собственности земельного участка, зданий и сооружений на нем расположенных. В связи с чем прошу незамедлительно расчистить канаву забитую и утрамбованную снежными массами расположенную вдоль нашего земельного участка!!!","Здравствуйте! В понедельник 21 февраля я подала жалобу где рассказала о том, что в поселке Стрельна по улице Балтийской были частично разбиты сугробы вдоль дороги и сброшены в канавы, которые служат единственным водоотводом. Эти канавы мы вынуждены чистить самостоятельно!!! 23февраля все сугробы были свалены в канаву!!!!! Еще и утрамбованы!!! У кого хватило ума такое сделать? Чем вообще думают??? Теперь при таянии снега у нас будет подтопление находящегося в собственности земельного участка, зданий и сооружений на нем расположенных. В связи с чем прошу незамедлительно расчистить канаву забитую и утрамбованную снежными массами расположенную вдоль нашего земельного участка!!!","['здравствуйте', 'понедельник', '21', 'февраля', 'подала', 'жалобу', 'где', 'рассказала', 'том', 'что', 'поселке', 'стрельна', 'улице', 'балтийской', 'были', 'частично', 'разбиты', 'сугробы', 'вдоль', 'дороги', 'сброшены', 'канавы', 'которые', 'служат', 'единственным', 'водоотводом', 'эти', 'канавы', 'вынуждены', 'чистить', 'самостоятельно', '23ф', 'евраля', 'все', 'сугробы', 'были', 'свалены', 'канаву', 'еще', 'утрамбованы', 'кого', 'хватило', 'ума', 'такое', 'сделать', 'чем', 'вообще', 'думают', 'теперь', 'при', 'таянии', 'снега', 'нас', 'будет', 'подтопление', 'находящегося', 'собственности', 'земельного', 'участка', 'зданий', 'сооружений', 'нем', 'расположенных', 'связи', 'чем', 'прошу', 'незамедлительно', 'расчистить', 'канаву', 'забитую', 'утрамбованную', 'снежными', 'массами', 'расположенную', 'вдоль', 'нашего', 'земельного', 'участка']","['понедельник', 'февраль', 'подать', 'жалоба', 'где', 'рассказать', 'тот', 'посёлок', 'стрельна', 'улица', 'балтийский', 'частично', 'разбитый', 'сугроб', 'вдоль', 'дорога', 'сбросить', 'канава', 'который', 'служить', 'единственный', 'водоотвод', 'канава', 'вынудить', 'чистить', 'самостоятельно', '23ф', 'евраль', 'сугроб', 'свалить', 'канава', 'утрамбовать', 'кто', 'хватить', 'ум', 'такой', 'сделать', 'чем', 'вообще', 'думать', 'таяние', 'снег', 'подтопление', 'находиться', 'собственность', 'земельный', 'участок', 'здание', 'сооружение', 'немой', 'расположить', 'связь', 'чем', 'незамедлительно', 'расчистить', 'канава', 'забитый', 'утрамбовать', 'снежный', 'масса', 'расположить', 'вдоль', 'наш', 'земельный', 'участок']",понедельник февраль подать жалоба где рассказать тот посёлок стрельна улица балтийский частично разбитый сугроб вдоль дорога сбросить канава который служить единственный водоотвод канава вынудить чистить самостоятельно 23ф евраль сугроб свалить канава утрамбовать кто хватить ум такой сделать чем вообще думать таяние снег подтопление находиться собственность земельный участок здание сооружение немой расположить связь чем незамедлительно расчистить канава забитый утрамбовать снежный масса расположить вдоль наш земельный участок,682,0.3,False,2022-02-23,понедельник 21,Дворы и территории общего пользования,Текст,Дата создания,,Направление
393,Автомобильные дороги,2022-02-23,"Всю зиму систематически не убирался снег, не расчищались дороги и тротуары от сугробов и наледи. Невозможно ходить.",appeal_000393,"Всю зиму систематически не убирался снег, не расчищались дороги и тротуары от сугробов и наледи. Невозможно ходить.","Всю зиму систематически не убирался снег, не расчищались дороги и тротуары от сугробов и наледи. Невозможно ходить.","['всю', 'зиму', 'систематически', 'убирался', 'снег', 'расчищались', 'дороги', 'тротуары', 'сугробов', 'наледи', 'невозможно', 'ходить']","['весь', 'зима', 'систематически', 'убираться', 'снег', 'расчищаться', 'дорога', 'тротуар', 'сугроб', 'наледь', 'невозможно', 'ходить']",весь зима систематически убираться снег расчищаться дорога тротуар сугроб наледь невозможно ходить,115,0.2,False,2022-02-23,,Автомобильные дороги,Текст,Дата создания,,Направление
394,Автомобильные дороги,2022-02-23,"Прошу в срочном порядке произвести очистку проезжей части (дороги общего пользования) между ЖК Солнцепарк и ЖК Образцовый квартал. Текущее состояние дороги делает затруднительным безаварийное движение ТС, в том числе экстренных служб! В случае бездействия со стороны администрации Пушкинского района будут направлены жалобы в органы Прокуратуры и АП РФ.",appeal_000394,"Прошу в срочном порядке произвести очистку проезжей части (дороги общего пользования) между ЖК Солнцепарк и ЖК Образцовый квартал. Текущее состояние дороги делает затруднительным безаварийное движение ТС, в том числе экстренных служб! В случае бездействия со стороны администрации Пушкинского района будут направлены жалобы в органы Прокуратуры и АП РФ.","Прошу в срочном порядке произвести очистку проезжей части дороги общего пользования между ЖК Солнцепарк и ЖК Образцовый квартал. Текущее состояние дороги делает затруднительным безаварийное движение ТС, в том числе экстренных служб! В случае бездействия со стороны администрации Пушкинского района будут направлены жалобы в органы Прокуратуры и АП РФ.","['прошу', 'срочном', 'порядке', 'произвести', 'очистку', 'проезжей', 'части', 'дороги', 'общего', 'пользования', 'между', 'солнцепарк', 'образцовый', 'квартал', 'текущее', 'состояние', 'дороги', 'делает', 'затруднительным', 'безаварийное', 'движение', 'том', 'числе', 'экстренных', 'служб', 'случае', 'бездействия', 'стороны', 'администрации', 'пушкинского', 'района', 'будут', 'направлены', 'жалобы', 'органы', 'прокуратуры']","['срочный', 'порядок', 'произвести', 'очистка', 'проезжий', 'часть', 'дорога', 'общий', 'пользование', 'между', 'солнцепарк', 'образцовый', 'квартал', 'текущий', 'состояние', 'дорога', 'делать', 'затруднительный', 'безаварийный', 'движение', 'тот', 'число', 'экстренный', 'служба', 'случай', 'бездействие', 'сторона', 'пушкинский', 'направить', 'жалоба', 'орган', 'прокуратура']",срочный порядок произвести очистка проезжий часть дорога общий пользование между солнцепарк образцовый квартал текущий состояние дорога делать затруднительный безаварийный движение тот число экстренный служба случай бездействие сторона пушкинский направить жалоба орган прокуратура,351,0.3,True,2022-02-23,,Автомобильные дороги,Текст,Дата создания,,Направление
395,Дворы и территории общего пользования,2022-02-23,"Сведения о снежном навале (""привозимый городской снег""/горы из снега, вблизи АЗС) по адресу: наб. реки Пряжки, д.7А, лит. (как некоторое продолжение/ приложение к Проблеме, опубликованной на Портале ""Наш Санкт-Петербург"", №3961528, а также дополнение к №ОБ-1397-11/22-0-0(1).",appeal_000395,"Сведения о снежном навале (""привозимый городской снег""/горы из снега, вблизи АЗС) по адресу: наб. реки Пряжки, д.7А, лит. (как некоторое продолжение/ приложение к Проблеме, опубликованной на Портале ""Наш Санкт-Петербург"", №3961528, а также дополнение к №ОБ-1397-11/22-0-0(1).","Сведения о снежном навале привозимый городской снег /горы из снега, вблизи АЗС по адресу: наб. реки Пряжки, д.7А, лит. как некоторое продолжение/ приложение к Проблеме, опубликованной на Портале Наш Санкт-Петербург , №3961528, а также дополнение к №ОБ-1397-11/22-0-0 1 .","['сведения', 'снежном', 'навале', 'привозимый', 'городской', 'снег', 'горы', 'снега', 'вблизи', 'азс', 'адресу', 'наб', 'реки', 'пряжки', '7а', 'лит', 'как', 'некоторое', 'продолжение', 'приложение', 'проблеме', 'опубликованной', 'портале', 'наш', 'санкт-петербург', '3961528', 'также', 'дополнение', 'об-', '1397', '11', '22', '0', '0', '1']","['сведение', 'снежный', 'навал', 'привозить', 'городской', 'снег', 'гора', 'снег', 'вблизи', 'азс', 'адрес', 'наб', 'река', 'пряжка', 'лита', 'некоторый', 'продолжение', 'приложение', 'проблема', 'опубликовать', 'портал', 'наш', 'санкт-петербург', '3961528', 'также', 'дополнение', 'об-', '1397']",сведение снежный навал привозить городской снег гора снег вблизи азс адрес наб река пряжка лита некоторый продолжение приложение проблема опубликовать портал наш санкт-петербург 3961528 также дополнение об- 1397,270,0.0,False,2022-02-23,,Дворы и территории общего пользования,Текст,Дата создания,,Направление
396,Автомобильные дороги,2022-02-23,"Дорога не убирается! Один раз вчера засыпали песком, но колец такая, что машина виснут на них! Ни одного раза за зиму эта часть дороги не была убрана спецтранспортом!",appeal_000396,"Дорога не убирается! Один раз вчера засыпали песком, но колец такая, что машина виснут на них! Ни одного раза за зиму эта часть дороги не была убрана спецтранспортом!","Дорога не убирается! Один раз вчера засыпали песком, но колец такая, что машина виснут на них! Ни одного раза за зиму эта часть дороги не была убрана спецтранспортом!","['дорога', 'убирается', 'один', 'раз', 'вчера', 'засыпали', 'песком', 'колец', 'такая', 'что', 'машина', 'виснут', 'них', 'одного', 'раза', 'зиму', 'эта', 'часть', 'дороги', 'была', 'убрана', 'спецтранспортом']","['дорога', 'убираться', 'один', 'раз', 'вчера', 'засыпать', 'песок', 'кольцо', 'такой', 'машина', 'виснуть', 'они', 'один', 'раз', 'зима', 'часть', 'дорога', 'убрать', 'спецтранспорт']",дорога убираться один раз вчера засыпать песок кольцо такой машина виснуть они один раз зима часть дорога убрать спецтранспорт,166,0.3,False,2022-02-23,,Автомобильные дороги,Текст,Дата создания,,Направление
397,Автомобильные дороги,2022-02-23,"Дороги не чищены больше месяца. Чистим сами периодически, надоело",appeal_000397,"Дороги не чищены больше месяца. Чистим сами периодически, надоело","Дороги не чищены больше месяца. Чистим сами периодически, надоело","['дороги', 'чищены', 'больше', 'месяца', 'чистим', 'сами', 'периодически', 'надоело']","['дорога', 'чищеный', 'большой', 'месяц', 'чистить', 'сам', 'периодически', 'надоесть']",дорога чищеный большой месяц чистить сам периодически надоесть,65,0.2,False,2022-02-23,,Автомобильные дороги,Текст,Дата создания,,Направление
398,Автомобильные дороги,2022-02-23,"СНТ ""Красная Заря"", (координаты: 60.116365, 30.189253) дорогу не чистят от снега. На дороге от наледи образована большая колейность. Антигололедными средствами дорога не обрабатывается.",appeal_000398,"СНТ ""Красная Заря"", (координаты: 60.116365, 30.189253) дорогу не чистят от снега. На дороге от наледи образована большая колейность. Антигололедными средствами дорога не обрабатывается.","СНТ Красная Заря , координаты: 60.116365, 30.189253 дорогу не чистят от снега. На дороге от наледи образована большая колейность. Антигололедными средствами дорога не обрабатывается.","['снт', 'красная', 'заря', 'координаты', '60', '116365', '30', '189253', 'дорогу', 'чистят', 'снега', 'дороге', 'наледи', 'образована', 'большая', 'колейность', 'антигололедными', 'средствами', 'дорога', 'обрабатывается']","['снт', 'красный', 'заря', 'координата', '116365', '189253', 'дорога', 'чистить', 'снег', 'дорога', 'наледь', 'образовать', 'больший', 'колейность', 'антигололёдный', 'средство', 'дорога', 'обрабатываться']",снт красный заря координата 116365 189253 дорога чистить снег дорога наледь образовать больший колейность антигололёдный средство дорога обрабатываться,182,0.0,False,2022-02-23,,Автомобильные дороги,Текст,Дата создания,,Направление
399,Благоустройство,2022-02-23,Владимир Ушаков лучше бы дорогами занялся. Кошмар что творится во дворах Московского района!,appeal_000399,Владимир Ушаков лучше бы дорогами занялся. Кошмар что творится во дворах Московского района!,Владимир Ушаков лучше бы дорогами занялся. Кошмар что творится во дворах Московского района!,"['владимир', 'ушаков', 'лучше', 'дорогами', 'занялся', 'кошмар', 'что', 'творится', 'дворах', 'московского', 'района']","['владимир', 'ушаков', 'хороший', 'дорога', 'заняться', 'кошмар', 'твориться', 'двор', 'московский']",владимир ушаков хороший дорога заняться кошмар твориться двор московский,92,0.3,False,2022-02-23,,Благоустройство,Текст,Дата создания,,Направление
400,Благоустройство,2022-02-23,> ['Вот так у нас посыпают тротуары 😂'],appeal_000400,> ['Вот так у нас посыпают тротуары 😂'],Вот так у нас посыпают тротуары,"['вот', 'так', 'нас', 'посыпают', 'тротуары']","['посыпать', 'тротуар']",посыпать тротуар,31,0.0,False,2022-02-23,,Благоустройство,Текст,Дата создания,,Направление
401,Дороги,2022-02-23,"Автобусная станция Ручьи. Автобусы застривают в ямах, скоро будет ни вьехать, ни выехать со станции.",appeal_000401,"Автобусная станция Ручьи. Автобусы застривают в ямах, скоро будет ни вьехать, ни выехать со станции.","Автобусная станция Ручьи. Автобусы застривают в ямах, скоро будет ни вьехать, ни выехать со станции.","['автобусная', 'станция', 'ручьи', 'автобусы', 'застривают', 'ямах', 'скоро', 'будет', 'вьехать', 'выехать', 'станции']","['автобусный', 'станция', 'ручей', 'автобус', 'застривать', 'ям', 'скоро', 'вьехать', 'выехать', 'станция']",автобусный станция ручей автобус застривать ям скоро вьехать выехать станция,100,0.0,False,2022-02-23,,Дороги,Текст,Дата создания,,Направление
402,Благоустройство,2022-02-23,"Добрый вечер! Летом 2021 года во дворе был уложен новый асфальт! При уборке льда ковшом от трактора его весь повредили. Кто за это будет отвечать?<br>Адрес : М. Захарова 16к2, фото прилагаю, и это только малая часть того ужаса, что натворили. Это ЖКС 1 Красносельского района",appeal_000402,"Добрый вечер! Летом 2021 года во дворе был уложен новый асфальт! При уборке льда ковшом от трактора его весь повредили. Кто за это будет отвечать?<br>Адрес : М. Захарова 16к2, фото прилагаю, и это только малая часть того ужаса, что натворили. Это ЖКС 1 Красносельского района","Добрый вечер! Летом 2021 года во дворе был уложен новый асфальт! При уборке льда ковшом от трактора его весь повредили. Кто за это будет отвечать? Адрес : М. Захарова 16к2, фото прилагаю, и это только малая часть того ужаса, что натворили. Это ЖКС 1 Красносельского района","['добрый', 'вечер', 'летом', '2021', 'года', 'дворе', 'был', 'уложен', 'новый', 'асфальт', 'при', 'уборке', 'льда', 'ковшом', 'трактора', 'его', 'весь', 'повредили', 'кто', 'это', 'будет', 'отвечать', 'адрес', 'захарова', '16к', '2', 'фото', 'прилагаю', 'это', 'только', 'малая', 'часть', 'того', 'ужаса', 'что', 'натворили', 'это', 'жкс', '1', 'красносельского', 'района']","['вечер', 'лето', '2021', 'год', 'двор', 'уложить', 'новый', 'асфальт', 'уборка', 'лёд', 'ковш', 'трактор', 'весь', 'повредить', 'кто', 'отвечать', 'адрес', 'захаров', '16к', 'фото', 'прилагать', 'малый', 'часть', 'тот', 'ужас', 'натворить', 'жкс', 'красносельский']",вечер лето 2021 год двор уложить новый асфальт уборка лёд ковш трактор весь повредить кто отвечать адрес захаров 16к фото прилагать малый часть тот ужас натворить жкс красносельский,272,0.4,False,2022-02-23,Летом 2021,Благоустройство,Текст,Дата создания,,Направление
403,Автомобильные дороги,2022-02-23,"Жители ЖК София устали от отписок администрации, сколько не обращались ( и на этом сайте тоже) никаких движений в сторону решения нашей проблемы не происходит. Молим о помощи! И проблема не в снеге, там под снегом нет асфальта, грунтовое покрытие с ямами еще с лета. Сейчас все усугубилось - снег, лед, ямы с водой. К дому невозможно пройти, люди падают и травмируются. Адрес : Санкт-Петербург, Южное шоссе, проезд между домами 55 к.1 и 55 к.3 ( гостевая парковка).",appeal_000403,"Жители ЖК София устали от отписок администрации, сколько не обращались ( и на этом сайте тоже) никаких движений в сторону решения нашей проблемы не происходит. Молим о помощи! И проблема не в снеге, там под снегом нет асфальта, грунтовое покрытие с ямами еще с лета. Сейчас все усугубилось - снег, лед, ямы с водой. К дому невозможно пройти, люди падают и травмируются. Адрес : Санкт-Петербург, Южное шоссе, проезд между домами 55 к.1 и 55 к.3 ( гостевая парковка).","Жители ЖК София устали от отписок администрации, сколько не обращались и на этом сайте тоже никаких движений в сторону решения нашей проблемы не происходит. Молим о помощи! И проблема не в снеге, там под снегом нет асфальта, грунтовое покрытие с ямами еще с лета. Сейчас все усугубилось - снег, лед, ямы с водой. К дому невозможно пройти, люди падают и травмируются. Адрес : Санкт-Петербург, Южное шоссе, проезд между домами 55 к.1 и 55 к.3 гостевая парковка .","['жители', 'софия', 'устали', 'отписок', 'администрации', 'сколько', 'обращались', 'этом', 'сайте', 'тоже', 'никаких', 'движений', 'сторону', 'решения', 'нашей', 'проблемы', 'происходит', 'молим', 'помощи', 'проблема', 'снеге', 'там', 'под', 'снегом', 'нет', 'асфальта', 'грунтовое', 'покрытие', 'ямами', 'еще', 'лета', 'сейчас', 'все', 'усугубилось', 'снег', 'лед', 'ямы', 'водой', 'дому', 'невозможно', 'пройти', 'люди', 'падают', 'травмируются', 'адрес', 'санкт-петербург', 'южное', 'шоссе', 'проезд', 'между', 'домами', '55', '1', '55', '3', 'гостевая', 'парковка']","['житель', 'софия', 'устать', 'отписка', 'сколько', 'обращаться', 'сайт', 'тоже', 'никакой', 'движение', 'сторона', 'решение', 'наш', 'проблема', 'происходить', 'молить', 'помощь', 'проблема', 'снег', 'там', 'снег', 'асфальт', 'грунтовый', 'покрытие', 'ям', 'лето', 'сейчас', 'усугубиться', 'снег', 'лёд', 'ям', 'вода', 'дом', 'невозможно', 'пройти', 'человек', 'падать', 'травмироваться', 'адрес', 'санкт-петербург', 'южный', 'шоссе', 'проезд', 'между', 'дом', 'гостевой', 'парковка']",житель софия устать отписка сколько обращаться сайт тоже никакой движение сторона решение наш проблема происходить молить помощь проблема снег там снег асфальт грунтовый покрытие ям лето сейчас усугубиться снег лёд ям вода дом невозможно пройти человек падать травмироваться адрес санкт-петербург южный шоссе проезд между дом гостевой парковка,460,0.3,False,2022-02-23,проезд между домами 55,Автомобильные дороги,Текст,Дата создания,,Направление
404,Дороги,2022-02-23,К 2030 когда построят развязку Ш Революции Энергетиков и решат вопрос по расширению ЖД и Жд моста то скоростная трасса будет выходить сразу на набережную . Бокситогорская эт0 уже на 2035-2050,appeal_000404,К 2030 когда построят развязку Ш Революции Энергетиков и решат вопрос по расширению ЖД и Жд моста то скоростная трасса будет выходить сразу на набережную . Бокситогорская эт0 уже на 2035-2050,К 2030 когда построят развязку Ш Революции Энергетиков и решат вопрос по расширению ЖД и Жд моста то скоростная трасса будет выходить сразу на набережную . Бокситогорская эт0 уже на 2035-2050,"['2030', 'когда', 'построят', 'развязку', 'революции', 'энергетиков', 'решат', 'вопрос', 'расширению', 'моста', 'скоростная', 'трасса', 'будет', 'выходить', 'сразу', 'набережную', 'бокситогорская', '0', 'уже', '2035', '2050']","['2030', 'построить', 'развязка', 'революция', 'энергетик', 'решить', 'расширение', 'мост', 'скоростной', 'трасса', 'выходить', 'сразу', 'набережная', 'бокситогорский', '2035', '2050']",2030 построить развязка революция энергетик решить расширение мост скоростной трасса выходить сразу набережная бокситогорский 2035 2050,191,0.0,False,2022-02-23,уже на 2035-2050,Дороги,Текст,Дата создания,,Направление
405,Дороги,2022-02-23,"Здравствуйте! Подскажите где можно увидеть список участков временных снегоприемных пунктов?<br>Кто принимает и отводит из руководителей тот или иной такой участок ?<br>Какие нормативы и чем руководствуются, чтобы их организовывают?<br>Может ли использоваться участок ЗНОП под временный снегоприемных пункт?<br>Какова дальнейшая судьба снега на участке временного снегоприемного пункта? Почему на СИСП талые вода из-под снега обрабатываются ,а на временном участке остаётся грязный снег с улиц до лета?<br>Расскажите, пожалуйста, ответы на данные вопросы. Ведь это так интересно узнать обывателю как справляется город в столь сложное время большого количества осадков",appeal_000405,"Здравствуйте! Подскажите где можно увидеть список участков временных снегоприемных пунктов?<br>Кто принимает и отводит из руководителей тот или иной такой участок ?<br>Какие нормативы и чем руководствуются, чтобы их организовывают?<br>Может ли использоваться участок ЗНОП под временный снегоприемных пункт?<br>Какова дальнейшая судьба снега на участке временного снегоприемного пункта? Почему на СИСП талые вода из-под снега обрабатываются ,а на временном участке остаётся грязный снег с улиц до лета?<br>Расскажите, пожалуйста, ответы на данные вопросы. Ведь это так интересно узнать обывателю как справляется город в столь сложное время большого количества осадков","Здравствуйте! Подскажите где можно увидеть список участков временных снегоприемных пунктов? Кто принимает и отводит из руководителей тот или иной такой участок ? Какие нормативы и чем руководствуются, чтобы их организовывают? Может ли использоваться участок ЗНОП под временный снегоприемных пункт? Какова дальнейшая судьба снега на участке временного снегоприемного пункта? Почему на СИСП талые вода из-под снега обрабатываются ,а на временном участке остается грязный снег с улиц до лета? Расскажите, пожалуйста, ответы на данные вопросы. Ведь это так интересно узнать обывателю как справляется город в столь сложное время большого количества осадков","['здравствуйте', 'подскажите', 'где', 'можно', 'увидеть', 'список', 'участков', 'временных', 'снегоприемных', 'пунктов', 'кто', 'принимает', 'отводит', 'руководителей', 'тот', 'или', 'иной', 'такой', 'участок', 'какие', 'нормативы', 'чем', 'руководствуются', 'чтобы', 'организовывают', 'может', 'использоваться', 'участок', 'зноп', 'под', 'временный', 'снегоприемных', 'пункт', 'какова', 'дальнейшая', 'судьба', 'снега', 'участке', 'временного', 'снегоприемного', 'пункта', 'почему', 'сисп', 'талые', 'вода', 'из-под', 'снега', 'обрабатываются', 'временном', 'участке', 'остается', 'грязный', 'снег', 'улиц', 'лета', 'расскажите', 'пожалуйста', 'ответы', 'данные', 'вопросы', 'ведь', 'это', 'так', 'интересно', 'узнать', 'обывателю', 'как', 'справляется', 'город', 'столь', 'сложное', 'время', 'большого', 'количества', 'осадков']","['подсказать', 'где', 'можно', 'увидеть', 'список', 'участок', 'временной', 'снегоприёмный', 'пункт', 'кто', 'принимать', 'отводить', 'руководитель', 'тот', 'иной', 'такой', 'участок', 'какой', 'норматив', 'чем', 'руководствоваться', 'чтобы', 'организовывать', 'мочь', 'использоваться', 'участок', 'зноп', 'временный', 'снегоприёмный', 'пункт', 'каковой', 'дальнейший', 'судьба', 'снег', 'участок', 'временной', 'снегоприёмный', 'пункт', 'почему', 'сисп', 'талый', 'вода', 'из-под', 'снег', 'обрабатываться', 'временной', 'участок', 'оставаться', 'грязный', 'снег', 'улица', 'лето', 'рассказать', 'пожалуйста', 'дать', 'ведь', 'интересно', 'узнать', 'обыватель', 'справляться', 'столь', 'сложный', 'время', 'большой', 'количество', 'осадки']",подсказать где можно увидеть список участок временной снегоприёмный пункт кто принимать отводить руководитель тот иной такой участок какой норматив чем руководствоваться чтобы организовывать мочь использоваться участок зноп временный снегоприёмный пункт каковой дальнейший судьба снег участок временной снегоприёмный пункт почему сисп талый вода из-под снег обрабатываться временной участок оставаться грязный снег улица лето рассказать пожалуйста дать ведь интересно узнать обыватель справляться столь сложный время большой количество осадки,651,0.1,False,2022-02-23,,Дороги,Текст,Дата создания,,Направление
406,Дороги,2022-02-23,"Добрый день! Я наверное не первая кто кричит по поводу переезда на Краснопутиловской улице!!! Это кошмар, уже ждем 50 минут! Это невозможно! Пробки собираютсЯ громадные. Поездов нет! Помогите решить проблему",appeal_000406,"Добрый день! Я наверное не первая кто кричит по поводу переезда на Краснопутиловской улице!!! Это кошмар, уже ждем 50 минут! Это невозможно! Пробки собираютсЯ громадные. Поездов нет! Помогите решить проблему","Добрый день! Я наверное не первая кто кричит по поводу переезда на Краснопутиловской улице!!! Это кошмар, уже ждем 50 минут! Это невозможно! Пробки собираютсЯ громадные. Поездов нет! Помогите решить проблему","['добрый', 'день', 'наверное', 'первая', 'кто', 'кричит', 'поводу', 'переезда', 'краснопутиловской', 'улице', 'это', 'кошмар', 'уже', 'ждем', '50', 'минут', 'это', 'невозможно', 'пробки', 'собираются', 'громадные', 'поездов', 'нет', 'помогите', 'решить', 'проблему']","['наверное', 'первый', 'кто', 'кричать', 'повод', 'переезд', 'краснопутиловский', 'улица', 'кошмар', 'ждать', 'минута', 'невозможно', 'пробка', 'собираться', 'громадный', 'поезд', 'помочь', 'решить', 'проблема']",наверное первый кто кричать повод переезд краснопутиловский улица кошмар ждать минута невозможно пробка собираться громадный поезд помочь решить проблема,207,0.7,False,2022-02-23,уже ждем 50,Дороги,Текст,Дата создания,,Направление
407,Дороги,2022-02-24,"Здравствуйте. Уточните, пожалуйста, до 1 марта будет почищена парковка вдоль Михайловской дороги?<br>Прошу вас дать название и контакты подрядчика.",appeal_000407,"Здравствуйте. Уточните, пожалуйста, до 1 марта будет почищена парковка вдоль Михайловской дороги?<br>Прошу вас дать название и контакты подрядчика.","Здравствуйте. Уточните, пожалуйста, до 1 марта будет почищена парковка вдоль Михайловской дороги? Прошу вас дать название и контакты подрядчика.","['здравствуйте', 'уточните', 'пожалуйста', '1', 'марта', 'будет', 'почищена', 'парковка', 'вдоль', 'михайловской', 'дороги', 'прошу', 'вас', 'дать', 'название', 'контакты', 'подрядчика']","['уточнить', 'пожалуйста', 'март', 'почистить', 'парковка', 'вдоль', 'михайловский', 'дорога', 'дать', 'название', 'контакт', 'подрядчик']",уточнить пожалуйста март почистить парковка вдоль михайловский дорога дать название контакт подрядчик,144,0.0,False,2022-02-24,до 1,Дороги,Текст,Дата создания,,Направление
408,Благоустройство,2022-02-24,Красносельский район Санкт-Петербурга ответил Евгению<br>Евгений Петров Здравствуйте! Вам отвечают из администрации Красносельского района Санкт-Петербурга. Уборка внутриквартальной территории по указанному адресу будет произведена в срок до 21.02.2022.,appeal_000408,Красносельский район Санкт-Петербурга ответил Евгению<br>Евгений Петров Здравствуйте! Вам отвечают из администрации Красносельского района Санкт-Петербурга. Уборка внутриквартальной территории по указанному адресу будет произведена в срок до 21.02.2022.,Красносельский район Санкт-Петербурга ответил Евгению Евгений Петров Здравствуйте! Вам отвечают из администрации Красносельского района Санкт-Петербурга. Уборка внутриквартальной территории по указанному адресу будет произведена в срок до 21.02.2022.,"['красносельский', 'район', 'санкт-петербурга', 'ответил', 'евгению', 'евгений', 'петров', 'здравствуйте', 'вам', 'отвечают', 'администрации', 'красносельского', 'района', 'санкт-петербурга', 'уборка', 'внутриквартальной', 'территории', 'указанному', 'адресу', 'будет', 'произведена', 'срок', '21', '02', '2022']","['красносельский', 'санкт-петербург', 'ответить', 'евгений', 'евгений', 'петров', 'отвечать', 'красносельский', 'санкт-петербург', 'уборка', 'внутриквартальный', 'территория', 'указанный', 'адрес', 'произвести', 'срок', '2022']",красносельский санкт-петербург ответить евгений евгений петров отвечать красносельский санкт-петербург уборка внутриквартальный территория указанный адрес произвести срок 2022,250,0.1,False,2022-02-24,срок до 21,Благоустройство,Текст,Дата создания,,Направление
409,Благоустройство,2022-02-24,"вот как убрали дворы на против администрации германа 9к2.3 а 21 02 уже прошло, а главной странице все удалили",appeal_000409,"вот как убрали дворы на против администрации германа 9к2.3 а 21 02 уже прошло, а главной странице все удалили","вот как убрали дворы на против администрации германа 9к2.3 а 21 02 уже прошло, а главной странице все удалили","['вот', 'как', 'убрали', 'дворы', 'против', 'администрации', 'германа', '9к', '2', '3', '21', '02', 'уже', 'прошло', 'главной', 'странице', 'все', 'удалили']","['убрать', 'двор', 'против', 'герман', 'пройти', 'главный', 'страница', 'удалить']",убрать двор против герман пройти главный страница удалить,109,0.0,False,2022-02-24,против администрации германа 9к2,Благоустройство,Текст,Дата создания,,Направление
410,Благоустройство,2022-02-24,Здравствуйте!На сегодня уборочная техника так и не появилась возле наших домов в Красном Селе.,appeal_000410,Здравствуйте!На сегодня уборочная техника так и не появилась возле наших домов в Красном Селе.,Здравствуйте!На сегодня уборочная техника так и не появилась возле наших домов в Красном Селе.,"['здравствуйте', 'сегодня', 'уборочная', 'техника', 'так', 'появилась', 'возле', 'наших', 'домов', 'красном', 'селе']","['сегодня', 'уборочный', 'техника', 'появиться', 'возле', 'наш', 'дом', 'красный', 'село']",сегодня уборочный техника появиться возле наш дом красный село,94,0.1,False,2022-02-24,,Благоустройство,Текст,Дата создания,,Направление
411,Автомобильные дороги,2022-02-24,Плохая дорога от м.звёзд ная до Никольского. Плачу налоги где дороги?,appeal_000411,Плохая дорога от м.звёзд ная до Никольского. Плачу налоги где дороги?,Плохая дорога от м.звезд ная до Никольского. Плачу налоги где дороги?,"['плохая', 'дорога', 'звезд', 'ная', 'никольского', 'плачу', 'налоги', 'где', 'дороги']","['плохой', 'дорога', 'звезда', 'ная', 'никольский', 'плач', 'налог', 'где', 'дорога']",плохой дорога звезда ная никольский плач налог где дорога,69,0.0,False,2022-02-24,,Автомобильные дороги,Текст,Дата создания,,Направление
412,Дороги,2022-02-24,"[club54549564|Выборгский район Санкт-Петербурга], 1)прошу указать конкретные даты и сроки ремонта ул. ТИХООКЕАНСКАЯ.<br>2) работы по уборке улицы Тихоокеанской не проводятся, не стоит имитацию называть уборкой, когда трактор просто ездит с поднятым скребком и щёткой.",appeal_000412,"[club54549564|Выборгский район Санкт-Петербурга], 1)прошу указать конкретные даты и сроки ремонта ул. ТИХООКЕАНСКАЯ.<br>2) работы по уборке улицы Тихоокеанской не проводятся, не стоит имитацию называть уборкой, когда трактор просто ездит с поднятым скребком и щёткой.","club54549564 Выборгский район Санкт-Петербурга , 1 прошу указать конкретные даты и сроки ремонта ул. ТИХООКЕАНСКАЯ. 2 работы по уборке улицы Тихоокеанской не проводятся, не стоит имитацию называть уборкой, когда трактор просто ездит с поднятым скребком и щеткой.","['club', '54549564', 'выборгский', 'район', 'санкт-петербурга', '1', 'прошу', 'указать', 'конкретные', 'даты', 'сроки', 'ремонта', 'тихоокеанская', '2', 'работы', 'уборке', 'улицы', 'тихоокеанской', 'проводятся', 'стоит', 'имитацию', 'называть', 'уборкой', 'когда', 'трактор', 'просто', 'ездит', 'поднятым', 'скребком', 'щеткой']","['club', '54549564', 'выборгский', 'санкт-петербург', 'указать', 'конкретный', 'дата', 'срок', 'ремонт', 'тихоокеанский', 'работа', 'уборка', 'улица', 'тихоокеанский', 'проводиться', 'стоить', 'имитация', 'называть', 'уборка', 'трактор', 'просто', 'ездить', 'поднять', 'скребок', 'щётка']",club 54549564 выборгский санкт-петербург указать конкретный дата срок ремонт тихоокеанский работа уборка улица тихоокеанский проводиться стоить имитация называть уборка трактор просто ездить поднять скребок щётка,262,0.0,False,2022-02-24,,Дороги,Текст,Дата создания,,Направление
413,Благоустройство,2022-02-24,"> ['#от_подписчиков\n\nЭто двор ул Шотмана дом 12 корпус 1,тоже оставляла уже четыре заявки только в феврале,вчера приехал трактор,но он снял только пригорок посреди дороги между колеями от машин и все,даже не посыпали.Еще писала дважды жалобу в Госуслуги,но воз и ныне там!\n\n💬К Вам случаем не Вовка из Тридевятого царства заглядывал?']",appeal_000413,"> ['#от_подписчиков\n\nЭто двор ул Шотмана дом 12 корпус 1,тоже оставляла уже четыре заявки только в феврале,вчера приехал трактор,но он снял только пригорок посреди дороги между колеями от машин и все,даже не посыпали.Еще писала дважды жалобу в Госуслуги,но воз и ныне там!\n\n💬К Вам случаем не Вовка из Тридевятого царства заглядывал?']","n nЭто двор ул Шотмана дом 12 корпус 1,тоже оставляла уже четыре заявки только в феврале,вчера приехал трактор,но он снял только пригорок посреди дороги между колеями от машин и все,даже не посыпали.Еще писала дважды жалобу в Госуслуги,но воз и ныне там! n n К Вам случаем не Вовка из Тридевятого царства заглядывал?","['nэто', 'двор', 'шотмана', 'дом', '12', 'корпус', '1', 'тоже', 'оставляла', 'уже', 'четыре', 'заявки', 'только', 'феврале', 'вчера', 'приехал', 'трактор', 'снял', 'только', 'пригорок', 'посреди', 'дороги', 'между', 'колеями', 'машин', 'все', 'даже', 'посыпали', 'еще', 'писала', 'дважды', 'жалобу', 'госуслуги', 'воз', 'ныне', 'там', 'вам', 'случаем', 'вовка', 'тридевятого', 'царства', 'заглядывал']","['nэтый', 'двор', 'шотман', 'дом', 'корпус', 'тоже', 'оставлять', 'четыре', 'заявка', 'февраль', 'вчера', 'приехать', 'трактор', 'снять', 'пригорок', 'посреди', 'дорога', 'между', 'колея', 'машина', 'посыпать', 'писать', 'дважды', 'жалоба', 'госуслуга', 'воз', 'ныне', 'там', 'случаем', 'вовка', 'тридевятый', 'царство', 'заглядывать']",nэтый двор шотман дом корпус тоже оставлять четыре заявка февраль вчера приехать трактор снять пригорок посреди дорога между колея машина посыпать писать дважды жалоба госуслуга воз ныне там случаем вовка тридевятый царство заглядывать,316,0.1,False,2022-02-24,ул Шотмана дом 12,Благоустройство,Текст,Дата создания,,Направление
414,Благоустройство,2022-02-24,"Уберите наконец парковку. Хотя бы середину. Все люди. У всех детки. Застревать каждое утро...не вьехать, не выехать.А машины ставить просто больше негде!!! Парковка по Ленинскому пр. (Д18к 1 Доблести-Ленинский )Рядом с домом Ленинмкий 67к1. Там ОДНА парковка. А везде раскопано . У вам одна единица снегоуборочной техники на весь район?!",appeal_000414,"Уберите наконец парковку. Хотя бы середину. Все люди. У всех детки. Застревать каждое утро...не вьехать, не выехать.А машины ставить просто больше негде!!! Парковка по Ленинскому пр. (Д18к 1 Доблести-Ленинский )Рядом с домом Ленинмкий 67к1. Там ОДНА парковка. А везде раскопано . У вам одна единица снегоуборочной техники на весь район?!","Уберите наконец парковку. Хотя бы середину. Все люди. У всех детки. Застревать каждое утро...не вьехать, не выехать.А машины ставить просто больше негде!!! Парковка по Ленинскому пр. Д18к 1 Доблести-Ленинский Рядом с домом Ленинмкий 67к1. Там ОДНА парковка. А везде раскопано . У вам одна единица снегоуборочной техники на весь район?!","['уберите', 'наконец', 'парковку', 'хотя', 'середину', 'все', 'люди', 'всех', 'детки', 'застревать', 'каждое', 'утро', 'вьехать', 'выехать', 'машины', 'ставить', 'просто', 'больше', 'негде', 'парковка', 'ленинскому', '18к', '1', 'доблести-ленинский', 'рядом', 'домом', 'ленинмкий', '67к', '1', 'там', 'одна', 'парковка', 'везде', 'раскопано', 'вам', 'одна', 'единица', 'снегоуборочной', 'техники', 'весь', 'район']","['убрать', 'наконец', 'парковка', 'хотя', 'середина', 'человек', 'весь', 'ребёночек', 'застревать', 'каждый', 'утро', 'вьехать', 'выехать', 'машина', 'ставить', 'просто', 'большой', 'негде', 'парковка', 'ленинский', '18к', 'доблести-ленинский', 'рядом', 'дом', 'ленинмкий', '67к', 'там', 'один', 'парковка', 'везде', 'раскопать', 'один', 'единица', 'снегоуборочный', 'техника', 'весь']",убрать наконец парковка хотя середина человек весь ребёночек застревать каждый утро вьехать выехать машина ставить просто большой негде парковка ленинский 18к доблести-ленинский рядом дом ленинмкий 67к там один парковка везде раскопать один единица снегоуборочный техника весь,335,0.3,False,2022-02-24,домом Ленинмкий 67к1,Благоустройство,Текст,Дата создания,,Направление
415,Дороги,2022-02-24,"По адресу между домами Гатчинскоге шоссе 2 и 4/1до магазина Дикси и с параллельной дороги со другой стороны дома 4/1,мне отписывались что 07.02.2022году уберут снег с дороги и пешеходной дорожек, но только по калее едут легковушки бамперами убирают снег и по пол часа не могут выехать! А ЖКХ не то что снег не могут убрать при оттепели это делается быстро, при заморозках пешеходам страшно идти-скользко, даже лёд не посыпают , А груды снега прям на пешеходных зонах, приходится выходить на проезжую часть!? Работа ни разу не проводилась по уборке территории, а квитанции приходят как будто они каждый день работали-просим выполнить работу и сделать перерасчёт за не выполненные работы!",appeal_000415,"По адресу между домами Гатчинскоге шоссе 2 и 4/1до магазина Дикси и с параллельной дороги со другой стороны дома 4/1,мне отписывались что 07.02.2022году уберут снег с дороги и пешеходной дорожек, но только по калее едут легковушки бамперами убирают снег и по пол часа не могут выехать! А ЖКХ не то что снег не могут убрать при оттепели это делается быстро, при заморозках пешеходам страшно идти-скользко, даже лёд не посыпают , А груды снега прям на пешеходных зонах, приходится выходить на проезжую часть!? Работа ни разу не проводилась по уборке территории, а квитанции приходят как будто они каждый день работали-просим выполнить работу и сделать перерасчёт за не выполненные работы!","По адресу между домами Гатчинскоге шоссе 2 и 4/1до магазина Дикси и с параллельной дороги со другой стороны дома 4/1,мне отписывались что 07.02.2022году уберут снег с дороги и пешеходной дорожек, но только по калее едут легковушки бамперами убирают снег и по пол часа не могут выехать! А ЖКХ не то что снег не могут убрать при оттепели это делается быстро, при заморозках пешеходам страшно идти-скользко, даже лед не посыпают , А груды снега прям на пешеходных зонах, приходится выходить на проезжую часть!? Работа ни разу не проводилась по уборке территории, а квитанции приходят как будто они каждый день работали-просим выполнить работу и сделать перерасчет за не выполненные работы!","['адресу', 'между', 'домами', 'гатчинскоге', 'шоссе', '2', '4', '1д', 'магазина', 'дикси', 'параллельной', 'дороги', 'другой', 'стороны', 'дома', '4', '1', 'мне', 'отписывались', 'что', '07', '02', '2022г', 'оду', 'уберут', 'снег', 'дороги', 'пешеходной', 'дорожек', 'только', 'калее', 'едут', 'легковушки', 'бамперами', 'убирают', 'снег', 'пол', 'часа', 'могут', 'выехать', 'жкх', 'что', 'снег', 'могут', 'убрать', 'при', 'оттепели', 'это', 'делается', 'быстро', 'при', 'заморозках', 'пешеходам', 'страшно', 'идти-скользко', 'даже', 'лед', 'посыпают', 'груды', 'снега', 'прям', 'пешеходных', 'зонах', 'приходится', 'выходить', 'проезжую', 'часть', 'работа', 'разу', 'проводилась', 'уборке', 'территории', 'квитанции', 'приходят', 'как', 'будто', 'они', 'каждый', 'день', 'работали-просим', 'выполнить', 'работу', 'сделать', 'перерасчет', 'выполненные', 'работы']","['адрес', 'между', 'дом', 'гатчинског', 'шоссе', 'магазин', 'дикси', 'параллельный', 'дорога', 'другой', 'сторона', 'дом', 'отписываться', '2022г', 'ода', 'убрать', 'снег', 'дорога', 'пешеходный', 'дорожка', 'калей', 'ехать', 'легковушка', 'бампер', 'убирать', 'снег', 'пол', 'час', 'мочь', 'выехать', 'жкх', 'снег', 'мочь', 'убрать', 'оттепель', 'делаться', 'быстро', 'заморозка', 'пешеход', 'страшно', 'идти-скользко', 'лёд', 'посыпать', 'груда', 'снег', 'прям', 'пешеходный', 'зона', 'приходиться', 'выходить', 'проезжий', 'часть', 'работа', 'раз', 'проводиться', 'уборка', 'территория', 'квитанция', 'приходить', 'будто', 'они', 'каждый', 'работали-просить', 'выполнить', 'работа', 'сделать', 'перерасчёт', 'выполнить', 'работа']",адрес между дом гатчинског шоссе магазин дикси параллельный дорога другой сторона дом отписываться 2022г ода убрать снег дорога пешеходный дорожка калей ехать легковушка бампер убирать снег пол час мочь выехать жкх снег мочь убрать оттепель делаться быстро заморозка пешеход страшно идти-скользко лёд посыпать груда снег прям пешеходный зона приходиться выходить проезжий часть работа раз проводиться уборка территория квитанция приходить будто они каждый работали-просить выполнить работа сделать перерасчёт выполнить работа,686,0.3,False,2022-02-24,домами Гатчинскоге шоссе 2,Дороги,Текст,Дата создания,,Направление
416,Дороги,2022-02-24,"Здравствуйте, Гатчинское шоссе 12кор 1..Очень просила убрать тротуары возле дома, все замерзло, лед",appeal_000416,"Здравствуйте, Гатчинское шоссе 12кор 1..Очень просила убрать тротуары возле дома, все замерзло, лед","Здравствуйте, Гатчинское шоссе 12кор 1..Очень просила убрать тротуары возле дома, все замерзло, лед","['здравствуйте', 'гатчинское', 'шоссе', '12к', '1', 'очень', 'просила', 'убрать', 'тротуары', 'возле', 'дома', 'все', 'замерзло', 'лед']","['гатчинский', 'шоссе', '12к', 'очень', 'просить', 'убрать', 'тротуар', 'возле', 'дом', 'замёрзлый', 'лёд']",гатчинский шоссе 12к очень просить убрать тротуар возле дом замёрзлый лёд,99,0.0,False,2022-02-24,Гатчинское шоссе 12кор,Дороги,Текст,Дата создания,,Направление
417,Дороги,2022-02-24,"Повторяю запрос!!! Ленинский 74-76 во дворах колея, машинам не проехать!!!! Вы обещали к 21.02 разобраться с ситуацией!!!! Где техника? Почему за всю зиму не разу не чистили дворы???!!!",appeal_000417,"Повторяю запрос!!! Ленинский 74-76 во дворах колея, машинам не проехать!!!! Вы обещали к 21.02 разобраться с ситуацией!!!! Где техника? Почему за всю зиму не разу не чистили дворы???!!!","Повторяю запрос!!! Ленинский 74-76 во дворах колея, машинам не проехать!!!! Вы обещали к 21.02 разобраться с ситуацией!!!! Где техника? Почему за всю зиму не разу не чистили дворы???!!!","['повторяю', 'запрос', 'ленинский', '74', '76', 'дворах', 'колея', 'машинам', 'проехать', 'обещали', '21', '02', 'разобраться', 'ситуацией', 'где', 'техника', 'почему', 'всю', 'зиму', 'разу', 'чистили', 'дворы']","['повторять', 'запрос', 'ленинский', 'двор', 'колея', 'машина', 'проехать', 'обещать', 'разобраться', 'ситуация', 'где', 'техника', 'почему', 'весь', 'зима', 'раз', 'чистить', 'двор']",повторять запрос ленинский двор колея машина проехать обещать разобраться ситуация где техника почему весь зима раз чистить двор,185,0.3,False,2022-02-24,Ленинский 74-76,Дороги,Текст,Дата создания,,Направление
418,Благоустройство,2022-02-24,"Невский район, пр пятилеток д. 3 - пер Клочков д. 12Проезжую часть вдоль тротуаров с январе не убирают. На машине уже не проехать и не припарковаться. ТСЖ готовы организовать уборку автомобилей, при оповещении за сутки. О чем не раз сообщалось в ЖКС.",appeal_000418,"Невский район, пр пятилеток д. 3 - пер Клочков д. 12Проезжую часть вдоль тротуаров с январе не убирают. На машине уже не проехать и не припарковаться. ТСЖ готовы организовать уборку автомобилей, при оповещении за сутки. О чем не раз сообщалось в ЖКС.","Невский район, пр пятилеток д. 3 - пер Клочков д. 12Проезжую часть вдоль тротуаров с январе не убирают. На машине уже не проехать и не припарковаться. ТСЖ готовы организовать уборку автомобилей, при оповещении за сутки. О чем не раз сообщалось в ЖКС.","['невский', 'район', 'пятилеток', '3', 'пер', 'клочков', '12п', 'роезжую', 'часть', 'вдоль', 'тротуаров', 'январе', 'убирают', 'машине', 'уже', 'проехать', 'припарковаться', 'тсж', 'готовы', 'организовать', 'уборку', 'автомобилей', 'при', 'оповещении', 'сутки', 'чем', 'раз', 'сообщалось', 'жкс']","['невский', 'пятилетка', 'пер', 'клочков', '12п', 'роезжевать', 'часть', 'вдоль', 'тротуар', 'январь', 'убирать', 'машина', 'проехать', 'припарковаться', 'тсж', 'готовый', 'организовать', 'уборка', 'автомобиль', 'оповещение', 'сутки', 'чем', 'раз', 'сообщаться', 'жкс']",невский пятилетка пер клочков 12п роезжевать часть вдоль тротуар январь убирать машина проехать припарковаться тсж готовый организовать уборка автомобиль оповещение сутки чем раз сообщаться жкс,250,0.0,False,2022-02-24,,Благоустройство,Текст,Дата создания,,Направление
419,Дороги,2022-02-24,"Ворошилова 25/1,с декабря месяца нормальная комплексная уборка не проводилась ни разу,что за безобразие?",appeal_000419,"Ворошилова 25/1,с декабря месяца нормальная комплексная уборка не проводилась ни разу,что за безобразие?","Ворошилова 25/1,с декабря месяца нормальная комплексная уборка не проводилась ни разу,что за безобразие?","['ворошилова', '25', '1', 'декабря', 'месяца', 'нормальная', 'комплексная', 'уборка', 'проводилась', 'разу', 'что', 'безобразие']","['ворошилов', 'декабрь', 'месяц', 'нормальный', 'комплексный', 'уборка', 'проводиться', 'раз', 'безобразие']",ворошилов декабрь месяц нормальный комплексный уборка проводиться раз безобразие,104,0.0,False,2022-02-24,Ворошилова 25/1,Дороги,Текст,Дата создания,,Направление
420,Дороги,2022-02-24,"Невский район, Бабушкина 52, 48 не убирается вообще, (земли входят в земли общего пользования, договор на уборку заключен районной администрацией с ООО ЖКС 1 Невского р-она), районная администрация не способна решить проблему:",appeal_000420,"Невский район, Бабушкина 52, 48 не убирается вообще, (земли входят в земли общего пользования, договор на уборку заключен районной администрацией с ООО ЖКС 1 Невского р-она), районная администрация не способна решить проблему:","Невский район, Бабушкина 52, 48 не убирается вообще, земли входят в земли общего пользования, договор на уборку заключен районной администрацией с ООО ЖКС 1 Невского р-она , районная администрация не способна решить проблему:","['невский', 'район', 'бабушкина', '52', '48', 'убирается', 'вообще', 'земли', 'входят', 'земли', 'общего', 'пользования', 'договор', 'уборку', 'заключен', 'районной', 'администрацией', 'ооо', 'жкс', '1', 'невского', 'р-она', 'районная', 'администрация', 'способна', 'решить', 'проблему']","['невский', 'бабушкин', 'убираться', 'вообще', 'земля', 'входить', 'земля', 'общий', 'пользование', 'договор', 'уборка', 'заключить', 'районный', 'ооо', 'жкс', 'невский', 'р-она', 'районный', 'способный', 'решить', 'проблема']",невский бабушкин убираться вообще земля входить земля общий пользование договор уборка заключить районный ооо жкс невский р-она районный способный решить проблема,225,0.0,False,2022-02-24,Бабушкина 52,Дороги,Текст,Дата создания,,Направление
421,Благоустройство,2022-02-24,"Здравствуйте! Город в ледяном плену. Кто-нибудь что-нибудь делать будет или лица, отвечающие за уборку города, ждут, когда само рассосётся??? Вернее, растает, и мы все сядем в лодки. Выборгский район, территория возле администрации округа Сосновское на Есенина 7к1, Есенина 5, Сикейроса 10 (Территория прямо за ограждением всем известного ДЦ№1.) - один сплошной ледяной панцырь, ничем не посыпанный, вообще не убирающийся. Дом Сикейроса 12: пока придворовая территория не была на балансе города (порядка 20 лет), двор нормально убирался. Как только о нашем дворе «вспомнили» власти и взяли на баланс, во дворе коллапс - снег не убирается практически никак. Только раз в неделю пройдутся гастарбайтеры, в парк-тройке мест создадут видимость работ - и по-тихому сваливают. Один наш дворник добросовестно чистит пешеходные дорожки, а остальная территория - сплошной каток из бугров. Вчера была оттепель, самое время убирать оттаявшую наледь. Нет! Зачем?! Лучше прийти убирать тогда, когда всё снова замёрзнет!!! Всё, извините, через одно место!!! Нет рабочих ресурсов убирать вовремя - ну так хотя бы посыпали бы песком или солью! И плевать уже на обувь!!! Лучше испорченная обувь, чем сломанные кости. Невозможно ни ходить, ни припарковать машину из-за ледяного наста от 20 см и более. Или у травматологов мало работы?! Имея заболевание костно-мышечной системы и испытывая постоянные физические боли, я вынуждена уже который день и месяц долбить лёд, копать снег, чтобы припарковать и откопать машину. И машина для меня - не роскошь, а мои ноги и руки. НУ ЗАСТАВЬТЕ ВЫ, НАКОНЕЦ, РАБОТАТЬ ТЕХ, КТО ЗА ЭТО ДОЛЖЕН ОТВЕЧАТЬ!! ПОЖАЛУЙСТА!!! Мы ведь не глубинка какая-то, а САНКТ-ПЕТЕРБУРГ, вторая столица! Даже стыдно за наш город! Понимаю, что наверняка до Александра Дмитриевича Беглова не доходят подобные сообщения, но всё же хочется надеяться, что это не так.",appeal_000421,"Здравствуйте! Город в ледяном плену. Кто-нибудь что-нибудь делать будет или лица, отвечающие за уборку города, ждут, когда само рассосётся??? Вернее, растает, и мы все сядем в лодки. Выборгский район, территория возле администрации округа Сосновское на Есенина 7к1, Есенина 5, Сикейроса 10 (Территория прямо за ограждением всем известного ДЦ№1.) - один сплошной ледяной панцырь, ничем не посыпанный, вообще не убирающийся. Дом Сикейроса 12: пока придворовая территория не была на балансе города (порядка 20 лет), двор нормально убирался. Как только о нашем дворе «вспомнили» власти и взяли на баланс, во дворе коллапс - снег не убирается практически никак. Только раз в неделю пройдутся гастарбайтеры, в парк-тройке мест создадут видимость работ - и по-тихому сваливают. Один наш дворник добросовестно чистит пешеходные дорожки, а остальная территория - сплошной каток из бугров. Вчера была оттепель, самое время убирать оттаявшую наледь. Нет! Зачем?! Лучше прийти убирать тогда, когда всё снова замёрзнет!!! Всё, извините, через одно место!!! Нет рабочих ресурсов убирать вовремя - ну так хотя бы посыпали бы песком или солью! И плевать уже на обувь!!! Лучше испорченная обувь, чем сломанные кости. Невозможно ни ходить, ни припарковать машину из-за ледяного наста от 20 см и более. Или у травматологов мало работы?! Имея заболевание костно-мышечной системы и испытывая постоянные физические боли, я вынуждена уже который день и месяц долбить лёд, копать снег, чтобы припарковать и откопать машину. И машина для меня - не роскошь, а мои ноги и руки. НУ ЗАСТАВЬТЕ ВЫ, НАКОНЕЦ, РАБОТАТЬ ТЕХ, КТО ЗА ЭТО ДОЛЖЕН ОТВЕЧАТЬ!! ПОЖАЛУЙСТА!!! Мы ведь не глубинка какая-то, а САНКТ-ПЕТЕРБУРГ, вторая столица! Даже стыдно за наш город! Понимаю, что наверняка до Александра Дмитриевича Беглова не доходят подобные сообщения, но всё же хочется надеяться, что это не так.","Здравствуйте! Город в ледяном плену. Кто-нибудь что-нибудь делать будет или лица, отвечающие за уборку города, ждут, когда само рассосется??? Вернее, растает, и мы все сядем в лодки. Выборгский район, территория возле администрации округа Сосновское на Есенина 7к1, Есенина 5, Сикейроса 10 Территория прямо за ограждением всем известного ДЦ№1. - один сплошной ледяной панцырь, ничем не посыпанный, вообще не убирающийся. Дом Сикейроса 12: пока придворовая территория не была на балансе города порядка 20 лет , двор нормально убирался. Как только о нашем дворе вспомнили власти и взяли на баланс, во дворе коллапс - снег не убирается практически никак. Только раз в неделю пройдутся гастарбайтеры, в парк-тройке мест создадут видимость работ - и по-тихому сваливают. Один наш дворник добросовестно чистит пешеходные дорожки, а остальная территория - сплошной каток из бугров. Вчера была оттепель, самое время убирать оттаявшую наледь. Нет! Зачем?! Лучше прийти убирать тогда, когда все снова замерзнет!!! Все, извините, через одно место!!! Нет рабочих ресурсов убирать вовремя - ну так хотя бы посыпали бы песком или солью! И плевать уже на обувь!!! Лучше испорченная обувь, чем сломанные кости. Невозможно ни ходить, ни припарковать машину из-за ледяного наста от 20 см и более. Или у травматологов мало работы?! Имея заболевание костно-мышечной системы и испытывая постоянные физические боли, я вынуждена уже который день и месяц долбить лед, копать снег, чтобы припарковать и откопать машину. И машина для меня - не роскошь, а мои ноги и руки. НУ ЗАСТАВЬТЕ ВЫ, НАКОНЕЦ, РАБОТАТЬ ТЕХ, КТО ЗА ЭТО ДОЛЖЕН ОТВЕЧАТЬ!! ПОЖАЛУЙСТА!!! Мы ведь не глубинка какая-то, а САНКТ-ПЕТЕРБУРГ, вторая столица! Даже стыдно за наш город! Понимаю, что наверняка до Александра Дмитриевича Беглова не доходят подобные сообщения, но все же хочется надеяться, что это не так.","['здравствуйте', 'город', 'ледяном', 'плену', 'кто-нибудь', 'что-нибудь', 'делать', 'будет', 'или', 'лица', 'отвечающие', 'уборку', 'города', 'ждут', 'когда', 'само', 'рассосется', 'вернее', 'растает', 'все', 'сядем', 'лодки', 'выборгский', 'район', 'территория', 'возле', 'администрации', 'округа', 'сосновское', 'есенина', '7к', '1', 'есенина', '5', 'сикейроса', '10', 'территория', 'прямо', 'ограждением', 'всем', 'известного', '1', 'один', 'сплошной', 'ледяной', 'панцырь', 'ничем', 'посыпанный', 'вообще', 'убирающийся', 'дом', 'сикейроса', '12', 'пока', 'придворовая', 'территория', 'была', 'балансе', 'города', 'порядка', '20', 'лет', 'двор', 'нормально', 'убирался', 'как', 'только', 'нашем', 'дворе', 'вспомнили', 'власти', 'взяли', 'баланс', 'дворе', 'коллапс', 'снег', 'убирается', 'практически', 'никак', 'только', 'раз', 'неделю', 'пройдутся', 'гастарбайтеры', 'парк-тройке', 'мест', 'создадут', 'видимость', 'работ', 'по-тихому', 'сваливают', 'один', 'наш', 'дворник', 'добросовестно', 'чистит', 'пешеходные', 'дорожки', 'остальная', 'территория', 'сплошной', 'каток', 'бугров', 'вчера', 'была', 'оттепель', 'самое', 'время', 'убирать', 'оттаявшую', 'наледь', 'нет', 'зачем', 'лучше', 'прийти', 'убирать', 'тогда', 'когда', 'все', 'снова', 'замерзнет', 'все', 'извините', 'через', 'одно', 'место', 'нет', 'рабочих', 'ресурсов', 'убирать', 'вовремя', 'так', 'хотя', 'посыпали', 'песком', 'или', 'солью', 'плевать', 'уже', 'обувь', 'лучше', 'испорченная', 'обувь', 'чем', 'сломанные', 'кости', 'невозможно', 'ходить', 'припарковать', 'машину', 'из-за', 'ледяного', 'наста', '20', 'более', 'или', 'травматологов', 'мало', 'работы', 'имея', 'заболевание', 'костно-мышечной', 'системы', 'испытывая', 'постоянные', 'физические', 'боли', 'вынуждена', 'уже', 'который', 'день', 'месяц', 'долбить', 'лед', 'копать', 'снег', 'чтобы', 'припарковать', 'откопать', 'машину', 'машина', 'для', 'меня', 'роскошь', 'мои', 'ноги', 'руки', 'заставьте', 'наконец', 'работать', 'тех', 'кто', 'это', 'должен', 'отвечать', 'пожалуйста', 'ведь', 'глубинка', 'какая-то', 'санкт-петербург', 'вторая', 'столица', 'даже', 'стыдно', 'наш', 'город', 'понимаю', 'что', 'наверняка', 'александра', 'дмитриевича', 'беглова', 'доходят', 'подобные', 'сообщения', 'все', 'хочется', 'надеяться', 'что', 'это', 'так']","['ледяной', 'плен', 'кто-нибудь', 'что-нибудь', 'делать', 'лицо', 'отвечать', 'уборка', 'ждать', 'сам', 'рассосаться', 'верный', 'растаять', 'сесть', 'лодка', 'выборгский', 'территория', 'возле', 'округ', 'сосновский', 'есенин', 'есенин', 'сикейроса', 'территория', 'прямо', 'ограждение', 'весь', 'известный', 'один', 'сплошной', 'ледяной', 'панцырь', 'ничто', 'посыпать', 'вообще', 'убираться', 'дом', 'сикейроса', 'пока', 'придворовый', 'территория', 'баланс', 'порядок', 'год', 'двор', 'нормально', 'убираться', 'наш', 'двор', 'вспомнить', 'власть', 'взять', 'баланс', 'двор', 'коллапс', 'снег', 'убираться', 'практически', 'никак', 'раз', 'неделя', 'пройтись', 'гастарбайтер', 'парк-тройка', 'место', 'создать', 'видимость', 'работа', 'по-тихому', 'сваливать', 'один', 'наш', 'дворник', 'добросовестно', 'чистить', 'пешеходный', 'дорожка', 'остальной', 'территория', 'сплошной', 'каток', 'бугров', 'вчера', 'оттепель', 'самый', 'время', 'убирать', 'оттаять', 'наледь', 'зачем', 'хороший', 'прийти', 'убирать', 'тогда', 'снова', 'замёрзнуть', 'извинить', 'через', 'один', 'место', 'рабочий', 'ресурс', 'убирать', 'вовремя', 'хотя', 'посыпать', 'песок', 'соль', 'плевать', 'обувь', 'хороший', 'испортить', 'обувь', 'чем', 'сломать', 'кость', 'невозможно', 'ходить', 'припарковать', 'машина', 'из-за', 'ледяной', 'наст', 'более', 'травматолог', 'мало', 'работа', 'иметь', 'заболевание', 'костно-мышечный', 'система', 'испытывать', 'постоянный', 'физический', 'боль', 'вынудить', 'который', 'месяц', 'долбить', 'лёд', 'копать', 'снег', 'чтобы', 'припарковать', 'откопать', 'машина', 'машина', 'роскошь', 'мой', 'нога', 'рука', 'заставить', 'наконец', 'работать', 'тот', 'кто', 'должный', 'отвечать', 'пожалуйста', 'ведь', 'глубинка', 'какой-то', 'санкт-петербург', 'второй', 'столица', 'стыдно', 'наш', 'понимать', 'наверняка', 'александр', 'дмитриевич', 'беглов', 'доходить', 'подобный', 'сообщение', 'хотеться', 'надеяться']",ледяной плен кто-нибудь что-нибудь делать лицо отвечать уборка ждать сам рассосаться верный растаять сесть лодка выборгский территория возле округ сосновский есенин есенин сикейроса территория прямо ограждение весь известный один сплошной ледяной панцырь ничто посыпать вообще убираться дом сикейроса пока придворовый территория баланс порядок год двор нормально убираться наш двор вспомнить власть взять баланс двор коллапс снег убираться практически никак раз неделя пройтись гастарбайтер парк-тройка место создать видимость работа по-тихому сваливать один наш дворник добросовестно чистить пешеходный дорожка остальной территория сплошной каток бугров вчера оттепель самый время убирать оттаять наледь зачем хороший прийти убирать тогда снова замёрзнуть извинить через один место рабочий ресурс убирать вовремя хотя посыпать песок соль плевать обувь хороший испортить обувь чем сломать кость невозможно ходить припарковать машина из-за ледяной наст более травматолог мало работа иметь заболевание костно-мышечный система испытывать постоянный физический боль вынудить который месяц долбить лёд копать снег чтобы припарковать откопать машина машина роскошь мой нога рука заставить наконец работать тот кто должный отвечать пожалуйста ведь глубинка какой-то санкт-петербург второй столица стыдно наш понимать наверняка александр дмитриевич беглов доходить подобный сообщение хотеться надеяться,1852,0.5,False,2022-02-24,Сосновское на Есенина 7к1,Благоустройство,Текст,Дата создания,,Направление
422,Дворы и территории общего пользования,2022-02-24,"Очистка внутри домовой территории ул.Хошимина корпуса 1и 2, была произведена 19.02.2022г. безобразно! Часть территории не почищена вообще. Часть завалена убранным снегом. Убранный снежные глыбы были свалены на парковочные места во дворе, также свалены в гору выше двух метров в пяти метрах от дома, что весной приведет к затоплению подвала при таянии такого количества снежных масс. Голый лёд во дворах не обработан противогололедными средствами. Просим организовать уборку дворовой территории с соблюдением всех норм и требований.",appeal_000422,"Очистка внутри домовой территории ул.Хошимина корпуса 1и 2, была произведена 19.02.2022г. безобразно! Часть территории не почищена вообще. Часть завалена убранным снегом. Убранный снежные глыбы были свалены на парковочные места во дворе, также свалены в гору выше двух метров в пяти метрах от дома, что весной приведет к затоплению подвала при таянии такого количества снежных масс. Голый лёд во дворах не обработан противогололедными средствами. Просим организовать уборку дворовой территории с соблюдением всех норм и требований.","Очистка внутри домовой территории ул.Хошимина корпуса 1и 2, была произведена 19.02.2022г. безобразно! Часть территории не почищена вообще. Часть завалена убранным снегом. Убранный снежные глыбы были свалены на парковочные места во дворе, также свалены в гору выше двух метров в пяти метрах от дома, что весной приведет к затоплению подвала при таянии такого количества снежных масс. Голый лед во дворах не обработан противогололедными средствами. Просим организовать уборку дворовой территории с соблюдением всех норм и требований.","['очистка', 'внутри', 'домовой', 'территории', 'хошимина', 'корпуса', '1и', '2', 'была', 'произведена', '19', '02', '2022г', 'безобразно', 'часть', 'территории', 'почищена', 'вообще', 'часть', 'завалена', 'убранным', 'снегом', 'убранный', 'снежные', 'глыбы', 'были', 'свалены', 'парковочные', 'места', 'дворе', 'также', 'свалены', 'гору', 'выше', 'двух', 'метров', 'пяти', 'метрах', 'дома', 'что', 'весной', 'приведет', 'затоплению', 'подвала', 'при', 'таянии', 'такого', 'количества', 'снежных', 'масс', 'голый', 'лед', 'дворах', 'обработан', 'противогололедными', 'средствами', 'просим', 'организовать', 'уборку', 'дворовой', 'территории', 'соблюдением', 'всех', 'норм', 'требований']","['очистка', 'внутри', 'домовой', 'территория', 'хошимин', 'корпус', 'произвести', '2022г', 'безобразно', 'часть', 'территория', 'почистить', 'вообще', 'часть', 'завалить', 'убрать', 'снег', 'убрать', 'снежный', 'глыба', 'свалить', 'парковочный', 'место', 'двор', 'также', 'свалить', 'гора', 'выше', 'два', 'метр', 'пять', 'метр', 'дом', 'весна', 'привести', 'затопление', 'подвал', 'таяние', 'такой', 'количество', 'снежный', 'масса', 'голый', 'лёд', 'двор', 'обработать', 'противогололёдный', 'средство', 'просить', 'организовать', 'уборка', 'дворовый', 'территория', 'соблюдение', 'весь', 'норма', 'требование']",очистка внутри домовой территория хошимин корпус произвести 2022г безобразно часть территория почистить вообще часть завалить убрать снег убрать снежный глыба свалить парковочный место двор также свалить гора выше два метр пять метр дом весна привести затопление подвал таяние такой количество снежный масса голый лёд двор обработать противогололёдный средство просить организовать уборка дворовый территория соблюдение весь норма требование,531,0.1,False,2022-02-24,Хошимина корпуса 1и,Дворы и территории общего пользования,Текст,Дата создания,,Направление
423,Дороги,2022-02-24,"С одной стороны дома поковырялись, а на другую даже и не пошли!!!",appeal_000423,"С одной стороны дома поковырялись, а на другую даже и не пошли!!!","С одной стороны дома поковырялись, а на другую даже и не пошли!!!","['одной', 'стороны', 'дома', 'поковырялись', 'другую', 'даже', 'пошли']","['один', 'сторона', 'дом', 'поковыряться', 'другой', 'послать']",один сторона дом поковыряться другой послать,65,0.3,False,2022-02-24,,Дороги,Текст,Дата создания,,Направление
424,Дворы и территории общего пользования,2022-02-24,"Добрый день!уважаемые МО Шушары, не могли бы вы быть так любезны и убрать огромную наледь во дворе по адресу поселок Шушары Славянка Колпинское шоссе 10 корпус 4!!!!ни ходить ни ездить не возможно,местами подтаивает потом сново замерзает ,из за этого сплошные бугры.не могу понять почему в некоторых дворах убираете нормально до асфальта,а в нашем один раз убрали просто снег и все.Просьбо помочь нам в добросовестной уборке двора,а то даже реагент не кто не сыпит из рабочиш на дорогу .",appeal_000424,"Добрый день!уважаемые МО Шушары, не могли бы вы быть так любезны и убрать огромную наледь во дворе по адресу поселок Шушары Славянка Колпинское шоссе 10 корпус 4!!!!ни ходить ни ездить не возможно,местами подтаивает потом сново замерзает ,из за этого сплошные бугры.не могу понять почему в некоторых дворах убираете нормально до асфальта,а в нашем один раз убрали просто снег и все.Просьбо помочь нам в добросовестной уборке двора,а то даже реагент не кто не сыпит из рабочиш на дорогу .","Добрый день!уважаемые МО Шушары, не могли бы вы быть так любезны и убрать огромную наледь во дворе по адресу поселок Шушары Славянка Колпинское шоссе 10 корпус 4!!!!ни ходить ни ездить не возможно,местами подтаивает потом сново замерзает ,из за этого сплошные бугры.не могу понять почему в некоторых дворах убираете нормально до асфальта,а в нашем один раз убрали просто снег и все.Просьбо помочь нам в добросовестной уборке двора,а то даже реагент не кто не сыпит из рабочиш на дорогу .","['добрый', 'день', 'уважаемые', 'шушары', 'могли', 'быть', 'так', 'любезны', 'убрать', 'огромную', 'наледь', 'дворе', 'адресу', 'поселок', 'шушары', 'славянка', 'колпинское', 'шоссе', '10', 'корпус', '4', 'ходить', 'ездить', 'возможно', 'местами', 'подтаивает', 'потом', 'сново', 'замерзает', 'этого', 'сплошные', 'бугры', 'могу', 'понять', 'почему', 'некоторых', 'дворах', 'убираете', 'нормально', 'асфальта', 'нашем', 'один', 'раз', 'убрали', 'просто', 'снег', 'все', 'просьбо', 'помочь', 'нам', 'добросовестной', 'уборке', 'двора', 'даже', 'реагент', 'кто', 'сыпит', 'рабочиш', 'дорогу']","['уважаемый', 'шушара', 'мочь', 'любезный', 'убрать', 'огромный', 'наледь', 'двор', 'адрес', 'посёлок', 'шушара', 'славянка', 'колпинский', 'шоссе', 'корпус', 'ходить', 'ездить', 'возможно', 'место', 'подтаивать', 'потом', 'сново', 'замерзать', 'сплошной', 'бугор', 'мочь', 'понять', 'почему', 'некоторый', 'двор', 'убирать', 'нормально', 'асфальт', 'наш', 'один', 'раз', 'убрать', 'просто', 'снег', 'просьбо', 'помочь', 'добросовестный', 'уборка', 'двор', 'реагент', 'кто', 'сыпит', 'рабочиш', 'дорога']",уважаемый шушара мочь любезный убрать огромный наледь двор адрес посёлок шушара славянка колпинский шоссе корпус ходить ездить возможно место подтаивать потом сново замерзать сплошной бугор мочь понять почему некоторый двор убирать нормально асфальт наш один раз убрать просто снег просьбо помочь добросовестный уборка двор реагент кто сыпит рабочиш дорога,487,0.3,False,2022-02-24,Славянка Колпинское шоссе 10 корпус 4,Дворы и территории общего пользования,Текст,Дата создания,,Направление
425,Благоустройство,2022-02-24,"Здравствуйте Александр Дмитриевич, помогите решить с проблему с 50 сантиметровымм глыбами льда, которые ни разу - подчеркну ""ни разу"" не убирали за всю зиму, к дому, не подойти, с коляской не заехать, люди падают. Ленсоветовский дом 21 без корпуса, это Пушкинский район. Помогите пожалуйста.",appeal_000425,"Здравствуйте Александр Дмитриевич, помогите решить с проблему с 50 сантиметровымм глыбами льда, которые ни разу - подчеркну ""ни разу"" не убирали за всю зиму, к дому, не подойти, с коляской не заехать, люди падают. Ленсоветовский дом 21 без корпуса, это Пушкинский район. Помогите пожалуйста.","Здравствуйте Александр Дмитриевич, помогите решить с проблему с 50 сантиметровымм глыбами льда, которые ни разу - подчеркну ни разу не убирали за всю зиму, к дому, не подойти, с коляской не заехать, люди падают. Ленсоветовский дом 21 без корпуса, это Пушкинский район. Помогите пожалуйста.","['здравствуйте', 'александр', 'дмитриевич', 'помогите', 'решить', 'проблему', '50', 'сантиметровымм', 'глыбами', 'льда', 'которые', 'разу', 'подчеркну', 'разу', 'убирали', 'всю', 'зиму', 'дому', 'подойти', 'коляской', 'заехать', 'люди', 'падают', 'ленсоветовский', 'дом', '21', 'без', 'корпуса', 'это', 'пушкинский', 'район', 'помогите', 'пожалуйста']","['александр', 'дмитриевич', 'помочь', 'решить', 'проблема', 'сантиметровымма', 'глыба', 'лёд', 'который', 'раз', 'подчеркнуть', 'раз', 'убирать', 'весь', 'зима', 'дом', 'подойти', 'коляска', 'заехать', 'человек', 'падать', 'ленсоветовский', 'дом', 'корпус', 'пушкинский', 'помочь', 'пожалуйста']",александр дмитриевич помочь решить проблема сантиметровымма глыба лёд который раз подчеркнуть раз убирать весь зима дом подойти коляска заехать человек падать ленсоветовский дом корпус пушкинский помочь пожалуйста,289,0.0,False,2022-02-24,проблему с 50,Благоустройство,Текст,Дата создания,,Направление
426,Благоустройство,2022-02-24,"[id437734987|Наталья], а куда вывезли Вы знаете ? В моём районе до сих пор не вывезли, и даже не убрали . А во дворах шорт-трек или плавание, в зависимости от температуры. Как думаете, если снег вывезен, может какая-то субстанция сначала замёрзнуть, потом растаять и после снова превратиться в каток ? )))",appeal_000426,"[id437734987|Наталья], а куда вывезли Вы знаете ? В моём районе до сих пор не вывезли, и даже не убрали . А во дворах шорт-трек или плавание, в зависимости от температуры. Как думаете, если снег вывезен, может какая-то субстанция сначала замёрзнуть, потом растаять и после снова превратиться в каток ? )))","id437734987 Наталья , а куда вывезли Вы знаете ? В моем районе до сих пор не вывезли, и даже не убрали . А во дворах шорт-трек или плавание, в зависимости от температуры. Как думаете, если снег вывезен, может какая-то субстанция сначала замерзнуть, потом растаять и после снова превратиться в каток ?","['437734987', 'наталья', 'куда', 'вывезли', 'знаете', 'моем', 'районе', 'сих', 'пор', 'вывезли', 'даже', 'убрали', 'дворах', 'шорт-трек', 'или', 'плавание', 'зависимости', 'температуры', 'как', 'думаете', 'если', 'снег', 'вывезен', 'может', 'какая-то', 'субстанция', 'сначала', 'замерзнуть', 'потом', 'растаять', 'после', 'снова', 'превратиться', 'каток']","['437734987', 'наталья', 'куда', 'вывезти', 'знать', 'мой', 'сей', 'пора', 'вывезти', 'убрать', 'двор', 'шорт-трек', 'плавание', 'зависимость', 'температура', 'думать', 'снег', 'вывезти', 'мочь', 'какой-то', 'субстанция', 'сначала', 'замёрзнуть', 'потом', 'растаять', 'после', 'снова', 'превратиться', 'каток']",437734987 наталья куда вывезти знать мой сей пора вывезти убрать двор шорт-трек плавание зависимость температура думать снег вывезти мочь какой-то субстанция сначала замёрзнуть потом растаять после снова превратиться каток,300,0.0,False,2022-02-24,,Благоустройство,Текст,Дата создания,,Направление
427,Благоустройство,2022-02-24,"Здравствуйте. Было обращение от собственника проживающего по адресу прибрежная 2/41,по вопросу уборки придомовой территории, фото ответа от администрации невского района прилагаю !<br>В котором ответом следует , что состояние придомовой территории удовлетворительное !<br>Прошу заметить , что систематически не проводится уборка , на данный момент снега/льда, последний раз уборка была произведена 31 декабря под моим контролем ! Я поймала дворников , которые систематически не замечают нашу территорию !<br>жкс -1 на все заявки от собственников , отвечают что выполнены !<br>Павел Вячеславович<br>8911-111-93-47(ответственный за наш участок ) , отвечает , что подрядчик заявку выполнил !<br>Получается все заявку «выполнили «, но ходим мы по льду ! Фото прилагаю от 23 февраля !<br>Обстановку в городе все адекватно понимают , но тут уже переходит все границы , получается мы платим деньги и не получаем ничего , а подрядчик заявляет , что работы были проведены ! Во дворе напротив , обслуживаемый тоже жкс -1 , постоянно ведут уборку , а нас проходят мимо !<br>Прошу вас посодействовать решению проблемы , мы уже не знаем куда обращаться !",appeal_000427,"Здравствуйте. Было обращение от собственника проживающего по адресу прибрежная 2/41,по вопросу уборки придомовой территории, фото ответа от администрации невского района прилагаю !<br>В котором ответом следует , что состояние придомовой территории удовлетворительное !<br>Прошу заметить , что систематически не проводится уборка , на данный момент снега/льда, последний раз уборка была произведена 31 декабря под моим контролем ! Я поймала дворников , которые систематически не замечают нашу территорию !<br>жкс -1 на все заявки от собственников , отвечают что выполнены !<br>Павел Вячеславович<br>8911-111-93-47(ответственный за наш участок ) , отвечает , что подрядчик заявку выполнил !<br>Получается все заявку «выполнили «, но ходим мы по льду ! Фото прилагаю от 23 февраля !<br>Обстановку в городе все адекватно понимают , но тут уже переходит все границы , получается мы платим деньги и не получаем ничего , а подрядчик заявляет , что работы были проведены ! Во дворе напротив , обслуживаемый тоже жкс -1 , постоянно ведут уборку , а нас проходят мимо !<br>Прошу вас посодействовать решению проблемы , мы уже не знаем куда обращаться !","Здравствуйте. Было обращение от собственника проживающего по адресу прибрежная 2/41,по вопросу уборки придомовой территории, фото ответа от администрации невского района прилагаю ! В котором ответом следует , что состояние придомовой территории удовлетворительное ! Прошу заметить , что систематически не проводится уборка , на данный момент снега/льда, последний раз уборка была произведена 31 декабря под моим контролем ! Я поймала дворников , которые систематически не замечают нашу территорию ! жкс -1 на все заявки от собственников , отвечают что выполнены ! Павел Вячеславович 8911-111-93-47 ответственный за наш участок , отвечает , что подрядчик заявку выполнил ! Получается все заявку выполнили , но ходим мы по льду ! Фото прилагаю от 23 февраля ! Обстановку в городе все адекватно понимают , но тут уже переходит все границы , получается мы платим деньги и не получаем ничего , а подрядчик заявляет , что работы были проведены ! Во дворе напротив , обслуживаемый тоже жкс -1 , постоянно ведут уборку , а нас проходят мимо ! Прошу вас посодействовать решению проблемы , мы уже не знаем куда обращаться !","['здравствуйте', 'было', 'обращение', 'собственника', 'проживающего', 'адресу', 'прибрежная', '2', '41', 'вопросу', 'уборки', 'придомовой', 'территории', 'фото', 'ответа', 'администрации', 'невского', 'района', 'прилагаю', 'котором', 'ответом', 'следует', 'что', 'состояние', 'придомовой', 'территории', 'удовлетворительное', 'прошу', 'заметить', 'что', 'систематически', 'проводится', 'уборка', 'данный', 'момент', 'снега', 'льда', 'последний', 'раз', 'уборка', 'была', 'произведена', '31', 'декабря', 'под', 'моим', 'контролем', 'поймала', 'дворников', 'которые', 'систематически', 'замечают', 'нашу', 'территорию', 'жкс', '1', 'все', 'заявки', 'собственников', 'отвечают', 'что', 'выполнены', 'павел', 'вячеславович', '8911', '111', '93', '47', 'ответственный', 'наш', 'участок', 'отвечает', 'что', 'подрядчик', 'заявку', 'выполнил', 'получается', 'все', 'заявку', 'выполнили', 'ходим', 'льду', 'фото', 'прилагаю', '23', 'февраля', 'обстановку', 'городе', 'все', 'адекватно', 'понимают', 'тут', 'уже', 'переходит', 'все', 'границы', 'получается', 'платим', 'деньги', 'получаем', 'ничего', 'подрядчик', 'заявляет', 'что', 'работы', 'были', 'проведены', 'дворе', 'напротив', 'обслуживаемый', 'тоже', 'жкс', '1', 'постоянно', 'ведут', 'уборку', 'нас', 'проходят', 'мимо', 'прошу', 'вас', 'посодействовать', 'решению', 'проблемы', 'уже', 'знаем', 'куда', 'обращаться']","['собственник', 'проживать', 'адрес', 'прибрежный', 'уборка', 'придомовый', 'территория', 'фото', 'невский', 'прилагать', 'который', 'следовать', 'состояние', 'придомовый', 'территория', 'удовлетворительный', 'заметить', 'систематически', 'проводиться', 'уборка', 'данный', 'момент', 'снег', 'лёд', 'последний', 'раз', 'уборка', 'произвести', 'декабрь', 'мой', 'контроль', 'поймать', 'дворник', 'который', 'систематически', 'замечать', 'наш', 'территория', 'жкс', 'заявка', 'собственник', 'отвечать', 'выполнить', 'павел', 'вячеславович', '8911', '111', 'ответственный', 'наш', 'участок', 'отвечать', 'подрядчик', 'заявка', 'выполнить', 'получаться', 'заявка', 'выполнить', 'ходить', 'лёд', 'фото', 'прилагать', 'февраль', 'обстановка', 'адекватно', 'понимать', 'тут', 'переходить', 'граница', 'получаться', 'платить', 'деньга', 'получать', 'ничего', 'подрядчик', 'заявлять', 'работа', 'провести', 'двор', 'напротив', 'обслуживать', 'тоже', 'жкс', 'постоянно', 'вести', 'уборка', 'проходить', 'мимо', 'посодействовать', 'решение', 'проблема', 'знать', 'куда', 'обращаться']",собственник проживать адрес прибрежный уборка придомовый территория фото невский прилагать который следовать состояние придомовый территория удовлетворительный заметить систематически проводиться уборка данный момент снег лёд последний раз уборка произвести декабрь мой контроль поймать дворник который систематически замечать наш территория жкс заявка собственник отвечать выполнить павел вячеславович 8911 111 ответственный наш участок отвечать подрядчик заявка выполнить получаться заявка выполнить ходить лёд фото прилагать февраль обстановка адекватно понимать тут переходить граница получаться платить деньга получать ничего подрядчик заявлять работа провести двор напротив обслуживать тоже жкс постоянно вести уборка проходить мимо посодействовать решение проблема знать куда обращаться,1113,0.3,False,2022-02-24,по адресу прибрежная 2/41,Благоустройство,Текст,Дата создания,,Направление
428,Дворы и территории общего пользования,2022-02-24,Почему не обрабатывают наледь на дорожке,appeal_000428,Почему не обрабатывают наледь на дорожке,Почему не обрабатывают наледь на дорожке,"['почему', 'обрабатывают', 'наледь', 'дорожке']","['почему', 'обрабатывать', 'наледь', 'дорожка']",почему обрабатывать наледь дорожка,40,0.0,False,2022-02-24,,Дворы и территории общего пользования,Текст,Дата создания,,Направление
429,Дороги,2022-02-24,"[id25317327|Наталья], Поддерживаю!!! Уточню адрес сьемки для администрации Выборгского района. п. Парголово ул Тихоокеанская д18 к1. Заезд во двор, подьезд к дому по адресу ул Тихоокеанская д18 к2 стр 1, со стороны ул. Первого Мая, в таком же отвратительном состоянии!!!! Уважаемая Администрация Выборгского района, вы считаете это безопасные и качественные автомобильные дороги????",appeal_000429,"[id25317327|Наталья], Поддерживаю!!! Уточню адрес сьемки для администрации Выборгского района. п. Парголово ул Тихоокеанская д18 к1. Заезд во двор, подьезд к дому по адресу ул Тихоокеанская д18 к2 стр 1, со стороны ул. Первого Мая, в таком же отвратительном состоянии!!!! Уважаемая Администрация Выборгского района, вы считаете это безопасные и качественные автомобильные дороги????","id25317327 Наталья , Поддерживаю!!! Уточню адрес сьемки для администрации Выборгского района. п. Парголово ул Тихоокеанская д18 к1. Заезд во двор, подьезд к дому по адресу ул Тихоокеанская д18 к2 стр 1, со стороны ул. Первого Мая, в таком же отвратительном состоянии!!!! Уважаемая Администрация Выборгского района, вы считаете это безопасные и качественные автомобильные дороги????","['25317327', 'наталья', 'поддерживаю', 'уточню', 'адрес', 'сьемки', 'для', 'администрации', 'выборгского', 'района', 'парголово', 'тихоокеанская', '18', '1', 'заезд', 'двор', 'подьезд', 'дому', 'адресу', 'тихоокеанская', '18', '2', 'стр', '1', 'стороны', 'первого', 'мая', 'таком', 'отвратительном', 'состоянии', 'уважаемая', 'администрация', 'выборгского', 'района', 'считаете', 'это', 'безопасные', 'качественные', 'автомобильные', 'дороги']","['25317327', 'наталья', 'поддерживать', 'уточнить', 'адрес', 'сьёмкий', 'выборгский', 'парголово', 'тихоокеанский', 'заезд', 'двор', 'подьезд', 'дом', 'адрес', 'тихоокеанский', 'стр', 'сторона', 'первый', 'май', 'такой', 'отвратительный', 'состояние', 'уважаемый', 'выборгский', 'считать', 'безопасный', 'качественный', 'автомобильный', 'дорога']",25317327 наталья поддерживать уточнить адрес сьёмкий выборгский парголово тихоокеанский заезд двор подьезд дом адрес тихоокеанский стр сторона первый май такой отвратительный состояние уважаемый выборгский считать безопасный качественный автомобильный дорога,381,0.5,False,2022-02-24,ул Тихоокеанская д18,Дороги,Текст,Дата создания,,Направление
430,Благоустройство,2022-02-24,"Ранее я писала обращение 174963796 от 03.02.2022 в котором сообщала об ужасном состоянии въезда во двор, который по причине ремонта теплотрассы на Омской ул. остался единственным въездом во двор. При этом в данном дворе находится прокуратура Приморского района и поэтому этим въездом очень активно пользуются не только жители дома. Управляющая компания насыпала песка после моего обращения. Но насыпала его только на половину дороги, на всю дорогу не хватило. При этом песок практически сразу ушёл вместе со снегом и дорога всё хуже и хуже с каждым днем. Следующим шагом я буду агитировать жителей дома обращаться за взысканием ущерба нашим автомобилям из-за такой вот дороги и бездействия со стороны администрации по принуждению управляющей компании и привести възд в надлежащий вид. Песком там не спасти ситуацию! Прилагаю фото на сегодняшний день.",appeal_000430,"Ранее я писала обращение 174963796 от 03.02.2022 в котором сообщала об ужасном состоянии въезда во двор, который по причине ремонта теплотрассы на Омской ул. остался единственным въездом во двор. При этом в данном дворе находится прокуратура Приморского района и поэтому этим въездом очень активно пользуются не только жители дома. Управляющая компания насыпала песка после моего обращения. Но насыпала его только на половину дороги, на всю дорогу не хватило. При этом песок практически сразу ушёл вместе со снегом и дорога всё хуже и хуже с каждым днем. Следующим шагом я буду агитировать жителей дома обращаться за взысканием ущерба нашим автомобилям из-за такой вот дороги и бездействия со стороны администрации по принуждению управляющей компании и привести възд в надлежащий вид. Песком там не спасти ситуацию! Прилагаю фото на сегодняшний день.","Ранее я писала обращение 174963796 от 03.02.2022 в котором сообщала об ужасном состоянии въезда во двор, который по причине ремонта теплотрассы на Омской ул. остался единственным въездом во двор. При этом в данном дворе находится прокуратура Приморского района и поэтому этим въездом очень активно пользуются не только жители дома. Управляющая компания насыпала песка после моего обращения. Но насыпала его только на половину дороги, на всю дорогу не хватило. При этом песок практически сразу ушел вместе со снегом и дорога все хуже и хуже с каждым днем. Следующим шагом я буду агитировать жителей дома обращаться за взысканием ущерба нашим автомобилям из-за такой вот дороги и бездействия со стороны администрации по принуждению управляющей компании и привести възд в надлежащий вид. Песком там не спасти ситуацию! Прилагаю фото на сегодняшний день.","['ранее', 'писала', 'обращение', '174963796', '03', '02', '2022', 'котором', 'сообщала', 'ужасном', 'состоянии', 'въезда', 'двор', 'который', 'причине', 'ремонта', 'теплотрассы', 'омской', 'остался', 'единственным', 'въездом', 'двор', 'при', 'этом', 'данном', 'дворе', 'находится', 'прокуратура', 'приморского', 'района', 'поэтому', 'этим', 'въездом', 'очень', 'активно', 'пользуются', 'только', 'жители', 'дома', 'управляющая', 'компания', 'насыпала', 'песка', 'после', 'моего', 'обращения', 'насыпала', 'его', 'только', 'половину', 'дороги', 'всю', 'дорогу', 'хватило', 'при', 'этом', 'песок', 'практически', 'сразу', 'ушел', 'вместе', 'снегом', 'дорога', 'все', 'хуже', 'хуже', 'каждым', 'днем', 'следующим', 'шагом', 'буду', 'агитировать', 'жителей', 'дома', 'обращаться', 'взысканием', 'ущерба', 'нашим', 'автомобилям', 'из-за', 'такой', 'вот', 'дороги', 'бездействия', 'стороны', 'администрации', 'принуждению', 'управляющей', 'компании', 'привести', 'възд', 'надлежащий', 'вид', 'песком', 'там', 'спасти', 'ситуацию', 'прилагаю', 'фото', 'сегодняшний', 'день']","['ранее', 'писать', '174963796', '2022', 'который', 'сообщать', 'ужасный', 'состояние', 'въезд', 'двор', 'который', 'причина', 'ремонт', 'теплотрасса', 'омский', 'остаться', 'единственный', 'въезд', 'двор', 'данный', 'двор', 'находиться', 'прокуратура', 'приморский', 'поэтому', 'въезд', 'очень', 'активно', 'пользоваться', 'житель', 'дом', 'управлять', 'компания', 'насыпать', 'песок', 'после', 'мой', 'насыпать', 'половина', 'дорога', 'весь', 'дорога', 'хватить', 'песок', 'практически', 'сразу', 'уйти', 'вместе', 'снег', 'дорога', 'плохой', 'плохой', 'каждый', 'следующий', 'шаг', 'агитировать', 'житель', 'дом', 'обращаться', 'взыскание', 'ущерб', 'наш', 'автомобиль', 'из-за', 'такой', 'дорога', 'бездействие', 'сторона', 'принуждение', 'управлять', 'компания', 'привести', 'възд', 'надлежащий', 'вид', 'песок', 'там', 'спасти', 'ситуация', 'прилагать', 'фото', 'сегодняшний']",ранее писать 174963796 2022 который сообщать ужасный состояние въезд двор который причина ремонт теплотрасса омский остаться единственный въезд двор данный двор находиться прокуратура приморский поэтому въезд очень активно пользоваться житель дом управлять компания насыпать песок после мой насыпать половина дорога весь дорога хватить песок практически сразу уйти вместе снег дорога плохой плохой каждый следующий шаг агитировать житель дом обращаться взыскание ущерб наш автомобиль из-за такой дорога бездействие сторона принуждение управлять компания привести възд надлежащий вид песок там спасти ситуация прилагать фото сегодняшний,850,0.5,False,2022-02-24,писала обращение 174963796,Благоустройство,Текст,Дата создания,,Направление
431,Благоустройство,2022-02-24,Множественные ямы на внутри дворовой дороге от дома 28 до дома 24 по по. Славы,appeal_000431,Множественные ямы на внутри дворовой дороге от дома 28 до дома 24 по по. Славы,Множественные ямы на внутри дворовой дороге от дома 28 до дома 24 по по. Славы,"['множественные', 'ямы', 'внутри', 'дворовой', 'дороге', 'дома', '28', 'дома', '24', 'славы']","['множественный', 'ям', 'внутри', 'дворовый', 'дорога', 'дом', 'дом', 'слава']",множественный ям внутри дворовый дорога дом дом слава,78,0.0,False,2022-02-24,дороге от дома 28,Благоустройство,Текст,Дата создания,,Направление
432,Дворы и территории общего пользования,2022-02-24,"На внутри дворовой дороге по пр. Славы д. 24 ямы, одна в начале дома, другая в конце когда машины припаркованы нет возможности объехать и машина колёсами попадает в яму. Ямы глубокие.",appeal_000432,"На внутри дворовой дороге по пр. Славы д. 24 ямы, одна в начале дома, другая в конце когда машины припаркованы нет возможности объехать и машина колёсами попадает в яму. Ямы глубокие.","На внутри дворовой дороге по пр. Славы д. 24 ямы, одна в начале дома, другая в конце когда машины припаркованы нет возможности объехать и машина колесами попадает в яму. Ямы глубокие.","['внутри', 'дворовой', 'дороге', 'славы', '24', 'ямы', 'одна', 'начале', 'дома', 'другая', 'конце', 'когда', 'машины', 'припаркованы', 'нет', 'возможности', 'объехать', 'машина', 'колесами', 'попадает', 'яму', 'ямы', 'глубокие']","['внутри', 'дворовый', 'дорога', 'слава', 'ям', 'один', 'начало', 'дом', 'другой', 'конец', 'машина', 'припарковать', 'возможность', 'объехать', 'машина', 'колесо', 'попадать', 'яма', 'ям', 'глубокий']",внутри дворовый дорога слава ям один начало дом другой конец машина припарковать возможность объехать машина колесо попадать яма ям глубокий,183,0.0,False,2022-02-24,,Дворы и территории общего пользования,Текст,Дата создания,,Направление
433,Дворы и территории общего пользования,2022-02-24,"Всю зиму тут яма, в которой все застревают, я сломал один раз бампер, а сегодня я разбил радиатор масляный охлаждениях двигателя! И машину увёз на эвакуаторе! Кто мне выплатить деньги за ремонт!? Почему управляющая компания ничего не делает с этой ямой",appeal_000433,"Всю зиму тут яма, в которой все застревают, я сломал один раз бампер, а сегодня я разбил радиатор масляный охлаждениях двигателя! И машину увёз на эвакуаторе! Кто мне выплатить деньги за ремонт!? Почему управляющая компания ничего не делает с этой ямой","Всю зиму тут яма, в которой все застревают, я сломал один раз бампер, а сегодня я разбил радиатор масляный охлаждениях двигателя! И машину увез на эвакуаторе! Кто мне выплатить деньги за ремонт!? Почему управляющая компания ничего не делает с этой ямой","['всю', 'зиму', 'тут', 'яма', 'которой', 'все', 'застревают', 'сломал', 'один', 'раз', 'бампер', 'сегодня', 'разбил', 'радиатор', 'масляный', 'охлаждениях', 'двигателя', 'машину', 'увез', 'эвакуаторе', 'кто', 'мне', 'выплатить', 'деньги', 'ремонт', 'почему', 'управляющая', 'компания', 'ничего', 'делает', 'этой', 'ямой']","['весь', 'зима', 'тут', 'яма', 'который', 'застревать', 'сломать', 'один', 'раз', 'бампер', 'сегодня', 'разбить', 'радиатор', 'масляный', 'охлаждение', 'двигатель', 'машина', 'увезти', 'эвакуатор', 'кто', 'выплатить', 'деньга', 'ремонт', 'почему', 'управлять', 'компания', 'ничего', 'делать', 'яма']",весь зима тут яма который застревать сломать один раз бампер сегодня разбить радиатор масляный охлаждение двигатель машина увезти эвакуатор кто выплатить деньга ремонт почему управлять компания ничего делать яма,252,0.3,False,2022-02-24,,Дворы и территории общего пользования,Текст,Дата создания,,Направление
434,Благоустройство,2022-02-24,"Добрый вечер. Повторно обращаюсь в вам с просьбой помочь решить вопрос с очисткой от снега и наледи в дворовых подьездах в Красном селе на улице Освобождения. Наш дом 33к2. Должны убирать жкс красносельского района. Ничего не убрали а теперь образовалась колея через которую можно проехать только на внедорожнике.<br>Мне приходится оставлять машину через три дома от своего так как не проехать. Колея и ледяные ямы по 30- 40см. Машина садится на днище, царапает его. Почему не могут убрать наледь? Я оставлял заявки в 004 и диспетчерскую жкс. Ничего не делают. А машины потом свои жителям ремонтировать? <br>Помогите пожалуйста решить эту проблему.",appeal_000434,"Добрый вечер. Повторно обращаюсь в вам с просьбой помочь решить вопрос с очисткой от снега и наледи в дворовых подьездах в Красном селе на улице Освобождения. Наш дом 33к2. Должны убирать жкс красносельского района. Ничего не убрали а теперь образовалась колея через которую можно проехать только на внедорожнике.<br>Мне приходится оставлять машину через три дома от своего так как не проехать. Колея и ледяные ямы по 30- 40см. Машина садится на днище, царапает его. Почему не могут убрать наледь? Я оставлял заявки в 004 и диспетчерскую жкс. Ничего не делают. А машины потом свои жителям ремонтировать? <br>Помогите пожалуйста решить эту проблему.","Добрый вечер. Повторно обращаюсь в вам с просьбой помочь решить вопрос с очисткой от снега и наледи в дворовых подьездах в Красном селе на улице Освобождения. Наш дом 33к2. Должны убирать жкс красносельского района. Ничего не убрали а теперь образовалась колея через которую можно проехать только на внедорожнике. Мне приходится оставлять машину через три дома от своего так как не проехать. Колея и ледяные ямы по 30- 40см. Машина садится на днище, царапает его. Почему не могут убрать наледь? Я оставлял заявки в 004 и диспетчерскую жкс. Ничего не делают. А машины потом свои жителям ремонтировать? Помогите пожалуйста решить эту проблему.","['добрый', 'вечер', 'повторно', 'обращаюсь', 'вам', 'просьбой', 'помочь', 'решить', 'вопрос', 'очисткой', 'снега', 'наледи', 'дворовых', 'подьездах', 'красном', 'селе', 'улице', 'освобождения', 'наш', 'дом', '33к', '2', 'должны', 'убирать', 'жкс', 'красносельского', 'района', 'ничего', 'убрали', 'теперь', 'образовалась', 'колея', 'через', 'которую', 'можно', 'проехать', 'только', 'внедорожнике', 'мне', 'приходится', 'оставлять', 'машину', 'через', 'три', 'дома', 'своего', 'так', 'как', 'проехать', 'колея', 'ледяные', 'ямы', '30', '40с', 'машина', 'садится', 'днище', 'царапает', 'его', 'почему', 'могут', 'убрать', 'наледь', 'оставлял', 'заявки', '004', 'диспетчерскую', 'жкс', 'ничего', 'делают', 'машины', 'потом', 'свои', 'жителям', 'ремонтировать', 'помогите', 'пожалуйста', 'решить', 'эту', 'проблему']","['вечер', 'повторно', 'обращаться', 'просьба', 'помочь', 'решить', 'очистка', 'снег', 'наледь', 'дворовый', 'подьезд', 'красный', 'село', 'улица', 'освобождение', 'наш', 'дом', '33к', 'должный', 'убирать', 'жкс', 'красносельский', 'ничего', 'убрать', 'образоваться', 'колея', 'через', 'который', 'можно', 'проехать', 'внедорожник', 'приходиться', 'оставлять', 'машина', 'через', 'три', 'дом', 'свой', 'проехать', 'колея', 'ледяной', 'ям', '40с', 'машина', 'садиться', 'днище', 'царапать', 'почему', 'мочь', 'убрать', 'наледь', 'оставлять', 'заявка', '004', 'диспетчерская', 'жкс', 'ничего', 'делать', 'машина', 'потом', 'свой', 'житель', 'ремонтировать', 'помочь', 'пожалуйста', 'решить', 'проблема']",вечер повторно обращаться просьба помочь решить очистка снег наледь дворовый подьезд красный село улица освобождение наш дом 33к должный убирать жкс красносельский ничего убрать образоваться колея через который можно проехать внедорожник приходиться оставлять машина через три дом свой проехать колея ледяной ям 40с машина садиться днище царапать почему мочь убрать наледь оставлять заявка 004 диспетчерская жкс ничего делать машина потом свой житель ремонтировать помочь пожалуйста решить проблема,641,0.0,False,2022-02-24,Наш дом 33к2,Благоустройство,Текст,Дата создания,,Направление
435,Благоустройство,2022-02-24,"Хотя бы песком лёд посыпали, из дворы на ул. Бабушкина, 63, на ул.Бабушкина не выйти.",appeal_000435,"Хотя бы песком лёд посыпали, из дворы на ул. Бабушкина, 63, на ул.Бабушкина не выйти.","Хотя бы песком лед посыпали, из дворы на ул. Бабушкина, 63, на ул.Бабушкина не выйти.","['хотя', 'песком', 'лед', 'посыпали', 'дворы', 'бабушкина', '63', 'бабушкина', 'выйти']","['хотя', 'песок', 'лёд', 'посыпать', 'двор', 'бабушкин', 'бабушкин', 'выйти']",хотя песок лёд посыпать двор бабушкин бабушкин выйти,85,0.0,False,2022-02-24,,Благоустройство,Текст,Дата создания,,Направление
436,Дороги,2022-02-24,"Здравствуйте, Александр Дмитриевич! Дворовые проезды и территория по адресу ул. Дыбенко 27-3 и близлежащем радиусе находятся в ужасном состоянии. Снег не убирался с начала зимы, сначала образовалась коллейность на самом не убранном снегу, теперь после оттепели подтаявший неубранный снег замёрз и образовался гололёд на рельефной поверхности. Помимо риска для автомобилей получить ущерб зацепившись дном о неровную поверхность и непроизвольному скатыванию в колею или из неё, риску для здоровья и жизни подвергаются пешеходы, которые не имеют возможности обойти проезды, т.к. все завалено замерзшими сугробами, вынуждены двигаться по вышеупомянутым заледенелым рельефным проездам рискуя поскользнуться на бугристой скользкой и жесткой поверхности и получить серьезные травмы. При проезде на данном участке автомобиля и движении пешехода, места разойтись практически нет, что также становится небезопасным. Прошу Вас принять меры",appeal_000436,"Здравствуйте, Александр Дмитриевич! Дворовые проезды и территория по адресу ул. Дыбенко 27-3 и близлежащем радиусе находятся в ужасном состоянии. Снег не убирался с начала зимы, сначала образовалась коллейность на самом не убранном снегу, теперь после оттепели подтаявший неубранный снег замёрз и образовался гололёд на рельефной поверхности. Помимо риска для автомобилей получить ущерб зацепившись дном о неровную поверхность и непроизвольному скатыванию в колею или из неё, риску для здоровья и жизни подвергаются пешеходы, которые не имеют возможности обойти проезды, т.к. все завалено замерзшими сугробами, вынуждены двигаться по вышеупомянутым заледенелым рельефным проездам рискуя поскользнуться на бугристой скользкой и жесткой поверхности и получить серьезные травмы. При проезде на данном участке автомобиля и движении пешехода, места разойтись практически нет, что также становится небезопасным. Прошу Вас принять меры","Здравствуйте, Александр Дмитриевич! Дворовые проезды и территория по адресу ул. Дыбенко 27-3 и близлежащем радиусе находятся в ужасном состоянии. Снег не убирался с начала зимы, сначала образовалась коллейность на самом не убранном снегу, теперь после оттепели подтаявший неубранный снег замерз и образовался гололед на рельефной поверхности. Помимо риска для автомобилей получить ущерб зацепившись дном о неровную поверхность и непроизвольному скатыванию в колею или из нее, риску для здоровья и жизни подвергаются пешеходы, которые не имеют возможности обойти проезды, т.к. все завалено замерзшими сугробами, вынуждены двигаться по вышеупомянутым заледенелым рельефным проездам рискуя поскользнуться на бугристой скользкой и жесткой поверхности и получить серьезные травмы. При проезде на данном участке автомобиля и движении пешехода, места разойтись практически нет, что также становится небезопасным. Прошу Вас принять меры","['здравствуйте', 'александр', 'дмитриевич', 'дворовые', 'проезды', 'территория', 'адресу', 'дыбенко', '27', '3', 'близлежащем', 'радиусе', 'находятся', 'ужасном', 'состоянии', 'снег', 'убирался', 'начала', 'зимы', 'сначала', 'образовалась', 'коллейность', 'самом', 'убранном', 'снегу', 'теперь', 'после', 'оттепели', 'подтаявший', 'неубранный', 'снег', 'замерз', 'образовался', 'гололед', 'рельефной', 'поверхности', 'помимо', 'риска', 'для', 'автомобилей', 'получить', 'ущерб', 'зацепившись', 'дном', 'неровную', 'поверхность', 'непроизвольному', 'скатыванию', 'колею', 'или', 'нее', 'риску', 'для', 'здоровья', 'жизни', 'подвергаются', 'пешеходы', 'которые', 'имеют', 'возможности', 'обойти', 'проезды', 'все', 'завалено', 'замерзшими', 'сугробами', 'вынуждены', 'двигаться', 'вышеупомянутым', 'заледенелым', 'рельефным', 'проездам', 'рискуя', 'поскользнуться', 'бугристой', 'скользкой', 'жесткой', 'поверхности', 'получить', 'серьезные', 'травмы', 'при', 'проезде', 'данном', 'участке', 'автомобиля', 'движении', 'пешехода', 'места', 'разойтись', 'практически', 'нет', 'что', 'также', 'становится', 'небезопасным', 'прошу', 'вас', 'принять', 'меры']","['александр', 'дмитриевич', 'дворовый', 'проезд', 'территория', 'адрес', 'дыбенко', 'близлежащий', 'радиус', 'находиться', 'ужасный', 'состояние', 'снег', 'убираться', 'начало', 'зима', 'сначала', 'образоваться', 'коллейность', 'сам', 'убрать', 'снег', 'после', 'оттепель', 'подтаять', 'неубранный', 'снег', 'замёрзнуть', 'образоваться', 'гололёд', 'рельефный', 'поверхность', 'помимо', 'риск', 'автомобиль', 'получить', 'ущерб', 'зацепиться', 'дно', 'неровный', 'поверхность', 'непроизвольный', 'скатывание', 'колея', 'риск', 'здоровье', 'жизнь', 'подвергаться', 'пешеход', 'который', 'иметь', 'возможность', 'обойти', 'проезд', 'завалить', 'замёрзнуть', 'сугроб', 'вынудить', 'двигаться', 'вышеупомянутый', 'заледенелый', 'рельефный', 'проезд', 'рисковать', 'поскользнуться', 'бугристый', 'скользкий', 'жёсткий', 'поверхность', 'получить', 'серьёзный', 'травма', 'проезд', 'данный', 'участок', 'автомобиль', 'движение', 'пешеход', 'место', 'разойтись', 'практически', 'также', 'становиться', 'небезопасный', 'принять']",александр дмитриевич дворовый проезд территория адрес дыбенко близлежащий радиус находиться ужасный состояние снег убираться начало зима сначала образоваться коллейность сам убрать снег после оттепель подтаять неубранный снег замёрзнуть образоваться гололёд рельефный поверхность помимо риск автомобиль получить ущерб зацепиться дно неровный поверхность непроизвольный скатывание колея риск здоровье жизнь подвергаться пешеход который иметь возможность обойти проезд завалить замёрзнуть сугроб вынудить двигаться вышеупомянутый заледенелый рельефный проезд рисковать поскользнуться бугристый скользкий жёсткий поверхность получить серьёзный травма проезд данный участок автомобиль движение пешеход место разойтись практически также становиться небезопасный принять,928,0.5,False,2022-02-24,ул. Дыбенко 27-3,Дороги,Текст,Дата создания,,Направление
437,Дороги,2022-02-24,Дорога льдом покрыта,appeal_000437,Дорога льдом покрыта,Дорога льдом покрыта,"['дорога', 'льдом', 'покрыта']","['дорога', 'лёд', 'покрыть']",дорога лёд покрыть,20,0.0,False,2022-02-24,,Дороги,Текст,Дата создания,,Направление
438,Дороги,2022-02-24,"Народная и Новосёлов в Невском районе как были в ужасном состоянии во дворах, так и есть, как и весь Невский район. И каждый день люди возмущаются и пишут, но всем наплевать на него. https://vk.com/wall-202502317_15162. Дорога по Новосёлов к ЖЭС N 5 в безобразнейшем состоянии, а проход к детскому саду за ЖЭС и школе вообще как катакомбы. Там только альпинисты могут ходить, а не дети с родителями. За всю зиму кошмарный проход весь в ямах, лужах по колено к садику и гололед, ни разу не сыпали и не убирали",appeal_000438,"Народная и Новосёлов в Невском районе как были в ужасном состоянии во дворах, так и есть, как и весь Невский район. И каждый день люди возмущаются и пишут, но всем наплевать на него. https://vk.com/wall-202502317_15162. Дорога по Новосёлов к ЖЭС N 5 в безобразнейшем состоянии, а проход к детскому саду за ЖЭС и школе вообще как катакомбы. Там только альпинисты могут ходить, а не дети с родителями. За всю зиму кошмарный проход весь в ямах, лужах по колено к садику и гололед, ни разу не сыпали и не убирали","Народная и Новоселов в Невском районе как были в ужасном состоянии во дворах, так и есть, как и весь Невский район. И каждый день люди возмущаются и пишут, но всем наплевать на него. Дорога по Новоселов к ЖЭС N 5 в безобразнейшем состоянии, а проход к детскому саду за ЖЭС и школе вообще как катакомбы. Там только альпинисты могут ходить, а не дети с родителями. За всю зиму кошмарный проход весь в ямах, лужах по колено к садику и гололед, ни разу не сыпали и не убирали","['народная', 'новоселов', 'невском', 'районе', 'как', 'были', 'ужасном', 'состоянии', 'дворах', 'так', 'есть', 'как', 'весь', 'невский', 'район', 'каждый', 'день', 'люди', 'возмущаются', 'пишут', 'всем', 'наплевать', 'него', 'дорога', 'новоселов', 'жэс', '5', 'безобразнейшем', 'состоянии', 'проход', 'детскому', 'саду', 'жэс', 'школе', 'вообще', 'как', 'катакомбы', 'там', 'только', 'альпинисты', 'могут', 'ходить', 'дети', 'родителями', 'всю', 'зиму', 'кошмарный', 'проход', 'весь', 'ямах', 'лужах', 'колено', 'садику', 'гололед', 'разу', 'сыпали', 'убирали']","['народный', 'новосёлов', 'невский', 'ужасный', 'состояние', 'двор', 'есть', 'весь', 'невский', 'каждый', 'человек', 'возмущаться', 'писать', 'весь', 'наплевать', 'дорога', 'новосёлов', 'жэс', 'безобразный', 'состояние', 'проход', 'детский', 'сад', 'жэс', 'школа', 'вообще', 'катакомба', 'там', 'альпинист', 'мочь', 'ходить', 'ребёнок', 'родитель', 'весь', 'зима', 'кошмарный', 'проход', 'весь', 'ям', 'лужа', 'колено', 'садик', 'гололёд', 'раз', 'сыпать', 'убирать']",народный новосёлов невский ужасный состояние двор есть весь невский каждый человек возмущаться писать весь наплевать дорога новосёлов жэс безобразный состояние проход детский сад жэс школа вообще катакомба там альпинист мочь ходить ребёнок родитель весь зима кошмарный проход весь ям лужа колено садик гололёд раз сыпать убирать,471,0.4,False,2022-02-24,,Дороги,Текст,Дата создания,,Направление
439,Дороги,2022-02-24,"Доброе утро,господин губернатор! Извините за такой вопрос, а у Вас около дома такая же ситуация? Это во дворе Евдокима Огнева 22, а это со стороны улицы этого же дома. Может Вашим помощникам наша жилконтора даст ответ, почему такая разница в очистке территории около одного дома. Заранее огромное спасибо. С уважением, Душкина Наталья Владимировна.",appeal_000439,"Доброе утро,господин губернатор! Извините за такой вопрос, а у Вас около дома такая же ситуация? Это во дворе Евдокима Огнева 22, а это со стороны улицы этого же дома. Может Вашим помощникам наша жилконтора даст ответ, почему такая разница в очистке территории около одного дома. Заранее огромное спасибо. С уважением, Душкина Наталья Владимировна.","Доброе утро,господин губернатор! Извините за такой вопрос, а у Вас около дома такая же ситуация? Это во дворе Евдокима Огнева 22, а это со стороны улицы этого же дома. Может Вашим помощникам наша жилконтора даст ответ, почему такая разница в очистке территории около одного дома. Заранее огромное спасибо. С уважением, Душкина Наталья Владимировна.","['доброе', 'утро', 'господин', 'губернатор', 'извините', 'такой', 'вопрос', 'вас', 'около', 'дома', 'такая', 'ситуация', 'это', 'дворе', 'евдокима', 'огнева', '22', 'это', 'стороны', 'улицы', 'этого', 'дома', 'может', 'вашим', 'помощникам', 'наша', 'жилконтора', 'даст', 'ответ', 'почему', 'такая', 'разница', 'очистке', 'территории', 'около', 'одного', 'дома', 'заранее', 'огромное', 'спасибо', 'уважением', 'душкина', 'наталья', 'владимировна']","['утро', 'господин', 'губернатор', 'извинить', 'такой', 'около', 'дом', 'такой', 'ситуация', 'двор', 'евдоким', 'огнев', 'сторона', 'улица', 'дом', 'мочь', 'ваш', 'помощник', 'наш', 'жилконтора', 'дать', 'почему', 'такой', 'разница', 'очистка', 'территория', 'около', 'один', 'дом', 'заранее', 'огромный', 'спасибо', 'уважение', 'душкина', 'наталья', 'владимирович']",утро господин губернатор извинить такой около дом такой ситуация двор евдоким огнев сторона улица дом мочь ваш помощник наш жилконтора дать почему такой разница очистка территория около один дом заранее огромный спасибо уважение душкина наталья владимирович,348,0.1,False,2022-02-24,дворе Евдокима Огнева 22,Дороги,Текст,Дата создания,,Направление
440,Дороги,2022-02-24,"Александр Дмитриевич, здравствуйте, помогите нам пожалуйста, мы родители детей, которые посещают коррекционную школу 34 Невского района на улице Шотмана. Дело в том, что нам и детям сложно не только под'ехать, но и подойти к учебному заведению, перед нами большая колея на дороге и лёд, приходится в прямом смысле "" отпрыгивать "" с наляди на ледовую обочину, если едит авто, но и для машины проезд весьма затруднительные. Помогите пожалуйста, на нашу просьбу нет отклика!",appeal_000440,"Александр Дмитриевич, здравствуйте, помогите нам пожалуйста, мы родители детей, которые посещают коррекционную школу 34 Невского района на улице Шотмана. Дело в том, что нам и детям сложно не только под'ехать, но и подойти к учебному заведению, перед нами большая колея на дороге и лёд, приходится в прямом смысле "" отпрыгивать "" с наляди на ледовую обочину, если едит авто, но и для машины проезд весьма затруднительные. Помогите пожалуйста, на нашу просьбу нет отклика!","Александр Дмитриевич, здравствуйте, помогите нам пожалуйста, мы родители детей, которые посещают коррекционную школу 34 Невского района на улице Шотмана. Дело в том, что нам и детям сложно не только под ехать, но и подойти к учебному заведению, перед нами большая колея на дороге и лед, приходится в прямом смысле отпрыгивать с наляди на ледовую обочину, если едит авто, но и для машины проезд весьма затруднительные. Помогите пожалуйста, на нашу просьбу нет отклика!","['александр', 'дмитриевич', 'здравствуйте', 'помогите', 'нам', 'пожалуйста', 'родители', 'детей', 'которые', 'посещают', 'коррекционную', 'школу', '34', 'невского', 'района', 'улице', 'шотмана', 'дело', 'том', 'что', 'нам', 'детям', 'сложно', 'только', 'под', 'ехать', 'подойти', 'учебному', 'заведению', 'перед', 'нами', 'большая', 'колея', 'дороге', 'лед', 'приходится', 'прямом', 'смысле', 'отпрыгивать', 'наляди', 'ледовую', 'обочину', 'если', 'едит', 'авто', 'для', 'машины', 'проезд', 'весьма', 'затруднительные', 'помогите', 'пожалуйста', 'нашу', 'просьбу', 'нет', 'отклика']","['александр', 'дмитриевич', 'помочь', 'пожалуйста', 'родитель', 'ребёнок', 'который', 'посещать', 'коррекционный', 'школа', 'невский', 'улица', 'шотман', 'дело', 'тот', 'ребёнок', 'сложно', 'ехать', 'подойти', 'учебный', 'заведение', 'перед', 'больший', 'колея', 'дорога', 'лёд', 'приходиться', 'прямой', 'смысл', 'отпрыгивать', 'налядеть', 'ледовый', 'обочина', 'едить', 'авто', 'машина', 'проезд', 'весьма', 'затруднительный', 'помочь', 'пожалуйста', 'наш', 'просьба', 'отклик']",александр дмитриевич помочь пожалуйста родитель ребёнок который посещать коррекционный школа невский улица шотман дело тот ребёнок сложно ехать подойти учебный заведение перед больший колея дорога лёд приходиться прямой смысл отпрыгивать налядеть ледовый обочина едить авто машина проезд весьма затруднительный помочь пожалуйста наш просьба отклик,467,0.1,False,2022-02-24,посещают коррекционную школу 34,Дороги,Текст,Дата создания,,Направление
441,Дороги,2022-02-24,"Ни один террорист не подойдет к нашем домам - Администрация Невского района заботится, чтобы мы жили как в осаде : территория двора покрыта слоем льда, уборка не осуществляется. (Большая просьба не выражать ""беспокойство"" - я и так в курсе, что к апрелю ситуация уже не будет вызывать ""беспокойство"").",appeal_000441,"Ни один террорист не подойдет к нашем домам - Администрация Невского района заботится, чтобы мы жили как в осаде : территория двора покрыта слоем льда, уборка не осуществляется. (Большая просьба не выражать ""беспокойство"" - я и так в курсе, что к апрелю ситуация уже не будет вызывать ""беспокойство"").","Ни один террорист не подойдет к нашем домам - Администрация Невского района заботится, чтобы мы жили как в осаде : территория двора покрыта слоем льда, уборка не осуществляется. Большая просьба не выражать беспокойство - я и так в курсе, что к апрелю ситуация уже не будет вызывать беспокойство .","['один', 'террорист', 'подойдет', 'нашем', 'домам', 'администрация', 'невского', 'района', 'заботится', 'чтобы', 'жили', 'как', 'осаде', 'территория', 'двора', 'покрыта', 'слоем', 'льда', 'уборка', 'осуществляется', 'большая', 'просьба', 'выражать', 'беспокойство', 'так', 'курсе', 'что', 'апрелю', 'ситуация', 'уже', 'будет', 'вызывать', 'беспокойство']","['один', 'террорист', 'подойти', 'наш', 'дом', 'невский', 'заботиться', 'чтобы', 'жить', 'осада', 'территория', 'двор', 'покрыть', 'слой', 'лёд', 'уборка', 'осуществляться', 'больший', 'просьба', 'выражать', 'беспокойство', 'курс', 'апрель', 'ситуация', 'вызывать', 'беспокойство']",один террорист подойти наш дом невский заботиться чтобы жить осада территория двор покрыть слой лёд уборка осуществляться больший просьба выражать беспокойство курс апрель ситуация вызывать беспокойство,296,0.0,False,2022-02-24,,Дороги,Текст,Дата создания,,Направление
442,Дороги,2022-02-24,"Здравствуйте.<br>Пожалуйста 🙏🙏🙏 повлияйте на уборку этих ледовых глыб во внутреннем дворе дома Искровский проспект 6 корп 5 (1 подъезд) , между домом 6 корп. 4.<br>Нам трудно выйти из подъезда. От двери уклон к дороге, который в голом льду, даже не посыпан песком. Спуститься с тротуара от подъезда на дорогу, это как в рулетке, повезёт,не упадёшь, не повезёт, увы 😒<br>Мама старается вообще не выходить из дома.<br>Я с коляской не могу через колею проехать. Это все глыбы высотой 20-30 см. На машине на Припарковатся без посторонней помощи.",appeal_000442,"Здравствуйте.<br>Пожалуйста 🙏🙏🙏 повлияйте на уборку этих ледовых глыб во внутреннем дворе дома Искровский проспект 6 корп 5 (1 подъезд) , между домом 6 корп. 4.<br>Нам трудно выйти из подъезда. От двери уклон к дороге, который в голом льду, даже не посыпан песком. Спуститься с тротуара от подъезда на дорогу, это как в рулетке, повезёт,не упадёшь, не повезёт, увы 😒<br>Мама старается вообще не выходить из дома.<br>Я с коляской не могу через колею проехать. Это все глыбы высотой 20-30 см. На машине на Припарковатся без посторонней помощи.","Здравствуйте. Пожалуйста повлияйте на уборку этих ледовых глыб во внутреннем дворе дома Искровский проспект 6 корп 5 1 подъезд , между домом 6 корп. 4. Нам трудно выйти из подъезда. От двери уклон к дороге, который в голом льду, даже не посыпан песком. Спуститься с тротуара от подъезда на дорогу, это как в рулетке, повезет,не упадешь, не повезет, увы Мама старается вообще не выходить из дома. Я с коляской не могу через колею проехать. Это все глыбы высотой 20-30 см. На машине на Припарковатся без посторонней помощи.","['здравствуйте', 'пожалуйста', 'повлияйте', 'уборку', 'этих', 'ледовых', 'глыб', 'внутреннем', 'дворе', 'дома', 'искровский', 'проспект', '6', 'корп', '5', '1', 'подъезд', 'между', 'домом', '6', 'корп', '4', 'нам', 'трудно', 'выйти', 'подъезда', 'двери', 'уклон', 'дороге', 'который', 'голом', 'льду', 'даже', 'посыпан', 'песком', 'спуститься', 'тротуара', 'подъезда', 'дорогу', 'это', 'как', 'рулетке', 'повезет', 'упадешь', 'повезет', 'увы', 'мама', 'старается', 'вообще', 'выходить', 'дома', 'коляской', 'могу', 'через', 'колею', 'проехать', 'это', 'все', 'глыбы', 'высотой', '20', '30', 'машине', 'припарковатся', 'без', 'посторонней', 'помощи']","['пожалуйста', 'повлиять', 'уборка', 'ледовый', 'глыба', 'внутренний', 'двор', 'дом', 'искровский', 'проспект', 'корп', 'подъезд', 'между', 'дом', 'корп', 'трудно', 'выйти', 'подъезд', 'дверь', 'уклон', 'дорога', 'который', 'голый', 'лёд', 'посыпать', 'песок', 'спуститься', 'тротуар', 'подъезд', 'дорога', 'рулетка', 'повезти', 'упасть', 'повезти', 'увы', 'мама', 'стараться', 'вообще', 'выходить', 'дом', 'коляска', 'мочь', 'через', 'колея', 'проехать', 'глыба', 'высота', 'машина', 'припарковиться', 'посторонний', 'помощь']",пожалуйста повлиять уборка ледовый глыба внутренний двор дом искровский проспект корп подъезд между дом корп трудно выйти подъезд дверь уклон дорога который голый лёд посыпать песок спуститься тротуар подъезд дорога рулетка повезти упасть повезти увы мама стараться вообще выходить дом коляска мочь через колея проехать глыба высота машина припарковиться посторонний помощь,521,0.0,False,2022-02-24,дома Искровский проспект 6,Дороги,Текст,Дата создания,,Направление
443,Благоустройство,2022-02-24,,appeal_000443,,,[],[],,0,0.0,False,2022-02-24,,Благоустройство,Текст,Дата создания,,Направление
444,Дворы и территории общего пользования,2022-02-24,"Придомовая территория не очищается ото льда, очень скользко и опасно ходить. Из-за льда и выбитых машинами колей к подъездам даже скорой не добраться. УК мер не принимает.",appeal_000444,"Придомовая территория не очищается ото льда, очень скользко и опасно ходить. Из-за льда и выбитых машинами колей к подъездам даже скорой не добраться. УК мер не принимает.","Придомовая территория не очищается ото льда, очень скользко и опасно ходить. Из-за льда и выбитых машинами колей к подъездам даже скорой не добраться. УК мер не принимает.","['придомовая', 'территория', 'очищается', 'ото', 'льда', 'очень', 'скользко', 'опасно', 'ходить', 'из-за', 'льда', 'выбитых', 'машинами', 'колей', 'подъездам', 'даже', 'скорой', 'добраться', 'мер', 'принимает']","['придомовый', 'территория', 'очищаться', 'лёд', 'очень', 'скользко', 'опасно', 'ходить', 'из-за', 'лёд', 'выбить', 'машина', 'коля', 'подъезд', 'скорый', 'добраться', 'принимать']",придомовый территория очищаться лёд очень скользко опасно ходить из-за лёд выбить машина коля подъезд скорый добраться принимать,171,0.2,True,2022-02-24,,Дворы и территории общего пользования,Текст,Дата создания,,Направление
445,Дворы и территории общего пользования,2022-02-24,"Просим убрать придомовую территорию от наледей. За время этой снежной зимы наш двор убирали ОДИН раз. Или в конце ноября или в начале декабря. Противогол. реагенты не использовались. Образовались огромные наледи. 10 февраля к нашей радости появились дворники и мини трактор. Мини трактор через 10 минут уехал, т.к. с наледями он справиться не мог. 4 дворника напротив 9 подъезда скалывали наледи вручную. 2 дворника ушли через два часа после начала работы, остальные два еще через два часа. Автомобилисты жалуются на поврежденные бамперы при въезде на парковку. Во дворе 4 офиц. парковки. В ЖКС№3 звонила, но там не в курсе кто и где убирает. По тел 409-73-78 ответили, что моя жалоба ко мне и вернется. Председатель ЖСК1180 Забашта Татьяна Александровна",appeal_000445,"Просим убрать придомовую территорию от наледей. За время этой снежной зимы наш двор убирали ОДИН раз. Или в конце ноября или в начале декабря. Противогол. реагенты не использовались. Образовались огромные наледи. 10 февраля к нашей радости появились дворники и мини трактор. Мини трактор через 10 минут уехал, т.к. с наледями он справиться не мог. 4 дворника напротив 9 подъезда скалывали наледи вручную. 2 дворника ушли через два часа после начала работы, остальные два еще через два часа. Автомобилисты жалуются на поврежденные бамперы при въезде на парковку. Во дворе 4 офиц. парковки. В ЖКС№3 звонила, но там не в курсе кто и где убирает. По тел 409-73-78 ответили, что моя жалоба ко мне и вернется. Председатель ЖСК1180 Забашта Татьяна Александровна","Просим убрать придомовую территорию от наледей. За время этой снежной зимы наш двор убирали ОДИН раз. Или в конце ноября или в начале декабря. Противогол. реагенты не использовались. Образовались огромные наледи. 10 февраля к нашей радости появились дворники и мини трактор. Мини трактор через 10 минут уехал, т.к. с наледями он справиться не мог. 4 дворника напротив 9 подъезда скалывали наледи вручную. 2 дворника ушли через два часа после начала работы, остальные два еще через два часа. Автомобилисты жалуются на поврежденные бамперы при въезде на парковку. Во дворе 4 офиц. парковки. В ЖКС№3 звонила, но там не в курсе кто и где убирает. По тел 409-73-78 ответили, что моя жалоба ко мне и вернется. Председатель ЖСК1180 Забашта Татьяна Александровна","['просим', 'убрать', 'придомовую', 'территорию', 'наледей', 'время', 'этой', 'снежной', 'зимы', 'наш', 'двор', 'убирали', 'один', 'раз', 'или', 'конце', 'ноября', 'или', 'начале', 'декабря', 'противогол', 'реагенты', 'использовались', 'образовались', 'огромные', 'наледи', '10', 'февраля', 'нашей', 'радости', 'появились', 'дворники', 'мини', 'трактор', 'мини', 'трактор', 'через', '10', 'минут', 'уехал', 'наледями', 'справиться', 'мог', '4', 'дворника', 'напротив', '9', 'подъезда', 'скалывали', 'наледи', 'вручную', '2', 'дворника', 'ушли', 'через', 'два', 'часа', 'после', 'начала', 'работы', 'остальные', 'два', 'еще', 'через', 'два', 'часа', 'автомобилисты', 'жалуются', 'поврежденные', 'бамперы', 'при', 'въезде', 'парковку', 'дворе', '4', 'офиц', 'парковки', 'жкс', '3', 'звонила', 'там', 'курсе', 'кто', 'где', 'убирает', 'тел', '409', '73', '78', 'ответили', 'что', 'моя', 'жалоба', 'мне', 'вернется', 'председатель', 'жск', '1180', 'забашта', 'татьяна', 'александровна']","['просить', 'убрать', 'придомовый', 'территория', 'наледь', 'время', 'снежный', 'зима', 'наш', 'двор', 'убирать', 'один', 'раз', 'конец', 'ноябрь', 'начало', 'декабрь', 'противогол', 'реагент', 'использоваться', 'образоваться', 'огромный', 'наледь', 'февраль', 'наш', 'радость', 'появиться', 'дворник', 'минь', 'трактор', 'минь', 'трактор', 'через', 'минута', 'уехать', 'наледь', 'справиться', 'мочь', 'дворник', 'напротив', 'подъезд', 'скалывать', 'наледь', 'вручную', 'дворник', 'уйти', 'через', 'два', 'час', 'после', 'начало', 'работа', 'остальной', 'два', 'через', 'два', 'час', 'автомобилист', 'жаловаться', 'повредить', 'бампер', 'въезд', 'парковка', 'двор', 'офица', 'парковка', 'жкс', 'звонить', 'там', 'курс', 'кто', 'где', 'убирать', 'тело', '409', 'ответить', 'мой', 'жалоба', 'вернуться', 'председатель', 'жск', '1180', 'забашт', 'татьяна', 'александрович']",просить убрать придомовый территория наледь время снежный зима наш двор убирать один раз конец ноябрь начало декабрь противогол реагент использоваться образоваться огромный наледь февраль наш радость появиться дворник минь трактор минь трактор через минута уехать наледь справиться мочь дворник напротив подъезд скалывать наледь вручную дворник уйти через два час после начало работа остальной два через два час автомобилист жаловаться повредить бампер въезд парковка двор офица парковка жкс звонить там курс кто где убирать тело 409 ответить мой жалоба вернуться председатель жск 1180 забашт татьяна александрович,754,0.0,False,2022-02-24,Мини трактор через 10,Дворы и территории общего пользования,Текст,Дата создания,,Направление
446,Дворы и территории общего пользования,2022-02-24,"Во дворе улицы добровольцев 48 , 48/2 везде лёд. Невозможно проехать на машине. Машины трутся дном о лёд. Люди передвигаются еле еле, были случаи падения и переломов. Управляющая компания не реагирует на заявки",appeal_000446,"Во дворе улицы добровольцев 48 , 48/2 везде лёд. Невозможно проехать на машине. Машины трутся дном о лёд. Люди передвигаются еле еле, были случаи падения и переломов. Управляющая компания не реагирует на заявки","Во дворе улицы добровольцев 48 , 48/2 везде лед. Невозможно проехать на машине. Машины трутся дном о лед. Люди передвигаются еле еле, были случаи падения и переломов. Управляющая компания не реагирует на заявки","['дворе', 'улицы', 'добровольцев', '48', '48', '2', 'везде', 'лед', 'невозможно', 'проехать', 'машине', 'машины', 'трутся', 'дном', 'лед', 'люди', 'передвигаются', 'еле', 'еле', 'были', 'случаи', 'падения', 'переломов', 'управляющая', 'компания', 'реагирует', 'заявки']","['двор', 'улица', 'доброволец', 'везде', 'лёд', 'невозможно', 'проехать', 'машина', 'машина', 'тереться', 'дно', 'лёд', 'человек', 'передвигаться', 'еле', 'еле', 'случай', 'падение', 'перелом', 'управлять', 'компания', 'реагировать', 'заявка']",двор улица доброволец везде лёд невозможно проехать машина машина тереться дно лёд человек передвигаться еле еле случай падение перелом управлять компания реагировать заявка,210,0.2,False,2022-02-24,дворе улицы добровольцев 48,Дворы и территории общего пользования,Текст,Дата создания,,Направление
447,Дворы и территории общего пользования,2022-02-24,"Голый лед вдоль домов 20-40 по Ярославскому пр, тротуар ближе к четной стороне домов. ГУП РЭП Прогресс сообщает, что это не их зона ответственности. Дворник только возле парадной посыпает песком. Данная ситуация ВСЮ зиму, 23.02 не звонили, так как праздник, 24.02 звонили по 04 и оформили заявку",appeal_000447,"Голый лед вдоль домов 20-40 по Ярославскому пр, тротуар ближе к четной стороне домов. ГУП РЭП Прогресс сообщает, что это не их зона ответственности. Дворник только возле парадной посыпает песком. Данная ситуация ВСЮ зиму, 23.02 не звонили, так как праздник, 24.02 звонили по 04 и оформили заявку","Голый лед вдоль домов 20-40 по Ярославскому пр, тротуар ближе к четной стороне домов. ГУП РЭП Прогресс сообщает, что это не их зона ответственности. Дворник только возле парадной посыпает песком. Данная ситуация ВСЮ зиму, 23.02 не звонили, так как праздник, 24.02 звонили по 04 и оформили заявку","['голый', 'лед', 'вдоль', 'домов', '20', '40', 'ярославскому', 'тротуар', 'ближе', 'четной', 'стороне', 'домов', 'гуп', 'рэп', 'прогресс', 'сообщает', 'что', 'это', 'зона', 'ответственности', 'дворник', 'только', 'возле', 'парадной', 'посыпает', 'песком', 'данная', 'ситуация', 'всю', 'зиму', '23', '02', 'звонили', 'так', 'как', 'праздник', '24', '02', 'звонили', '04', 'оформили', 'заявку']","['голый', 'лёд', 'вдоль', 'дом', 'ярославский', 'тротуар', 'близкий', 'чётный', 'сторона', 'дом', 'гуп', 'рэп', 'прогресс', 'сообщать', 'зона', 'ответственность', 'дворник', 'возле', 'парадный', 'посыпать', 'песок', 'дать', 'ситуация', 'весь', 'зима', 'звонить', 'праздник', 'звонить', 'оформить', 'заявка']",голый лёд вдоль дом ярославский тротуар близкий чётный сторона дом гуп рэп прогресс сообщать зона ответственность дворник возле парадный посыпать песок дать ситуация весь зима звонить праздник звонить оформить заявка,295,0.0,False,2022-02-24,лед вдоль домов 20-40,Дворы и территории общего пользования,Текст,Дата создания,,Направление
448,Дворы и территории общего пользования,2022-02-24,"Повторно. Не убирается территория вокруг. Дома. Убрали снег у дома 38, кор. 5, по пр.Большевиков., свалив грязный снег на газон. У дома 38к2 по. Пр. Большевиков так ничего и не убирали.",appeal_000448,"Повторно. Не убирается территория вокруг. Дома. Убрали снег у дома 38, кор. 5, по пр.Большевиков., свалив грязный снег на газон. У дома 38к2 по. Пр. Большевиков так ничего и не убирали.","Повторно. Не убирается территория вокруг. Дома. Убрали снег у дома 38, кор. 5, по пр.Большевиков., свалив грязный снег на газон. У дома 38к2 по. Пр. Большевиков так ничего и не убирали.","['повторно', 'убирается', 'территория', 'вокруг', 'дома', 'убрали', 'снег', 'дома', '38', 'кор', '5', 'большевиков', 'свалив', 'грязный', 'снег', 'газон', 'дома', '38к', '2', 'большевиков', 'так', 'ничего', 'убирали']","['повторно', 'убираться', 'территория', 'вокруг', 'дом', 'убрать', 'снег', 'дом', 'кор', 'большевик', 'свалить', 'грязный', 'снег', 'газон', 'дом', '38к', 'большевик', 'ничего', 'убирать']",повторно убираться территория вокруг дом убрать снег дом кор большевик свалить грязный снег газон дом 38к большевик ничего убирать,185,0.0,False,2022-02-24,снег у дома 38,Дворы и территории общего пользования,Текст,Дата создания,,Направление
449,Благоустройство,2022-02-24,"Народная 16, во дворе не проехать на седане из-за льда. В ЖКС обращались, «результат» на фото",appeal_000449,"Народная 16, во дворе не проехать на седане из-за льда. В ЖКС обращались, «результат» на фото","Народная 16, во дворе не проехать на седане из-за льда. В ЖКС обращались, результат на фото","['народная', '16', 'дворе', 'проехать', 'седане', 'из-за', 'льда', 'жкс', 'обращались', 'результат', 'фото']","['народный', 'двор', 'проехать', 'седан', 'из-за', 'лёд', 'жкс', 'обращаться', 'результат', 'фото']",народный двор проехать седан из-за лёд жкс обращаться результат фото,91,0.0,False,2022-02-24,Народная 16,Благоустройство,Текст,Дата создания,,Направление
450,Благоустройство,2022-02-24,"Нет слов! Из-за некачественной уборки нашего двора застряла пожарная машина! Уже 40 минут буксует. Вышли жители, пытаются помочь, но бесполезно. Тихоокеанская 1 корпус 1 строение 1.<br>Видео от Юлии Поповой",appeal_000450,"Нет слов! Из-за некачественной уборки нашего двора застряла пожарная машина! Уже 40 минут буксует. Вышли жители, пытаются помочь, но бесполезно. Тихоокеанская 1 корпус 1 строение 1.<br>Видео от Юлии Поповой","Нет слов! Из-за некачественной уборки нашего двора застряла пожарная машина! Уже 40 минут буксует. Вышли жители, пытаются помочь, но бесполезно. Тихоокеанская 1 корпус 1 строение 1. Видео от Юлии Поповой","['нет', 'слов', 'из-за', 'некачественной', 'уборки', 'нашего', 'двора', 'застряла', 'пожарная', 'машина', 'уже', '40', 'минут', 'буксует', 'вышли', 'жители', 'пытаются', 'помочь', 'бесполезно', 'тихоокеанская', '1', 'корпус', '1', 'строение', '1', 'видео', 'юлии', 'поповой']","['слово', 'из-за', 'некачественный', 'уборка', 'наш', 'двор', 'застрять', 'пожарный', 'машина', 'минута', 'буксовать', 'выйти', 'житель', 'пытаться', 'помочь', 'бесполезно', 'тихоокеанский', 'корпус', 'строение', 'видео', 'юлия', 'попов']",слово из-за некачественный уборка наш двор застрять пожарный машина минута буксовать выйти житель пытаться помочь бесполезно тихоокеанский корпус строение видео юлия попов,203,0.2,True,2022-02-24,Уже 40,Благоустройство,Текст,Дата создания,,Направление
451,Благоустройство,2022-02-24,"[club54549564|Выборгский район Санкт-Петербурга],<br>VID_20220224_214134.mp4",appeal_000451,"[club54549564|Выборгский район Санкт-Петербурга],<br>VID_20220224_214134.mp4","club54549564 Выборгский район Санкт-Петербурга , VID 20220224 214134.mp4","['club', '54549564', 'выборгский', 'район', 'санкт-петербурга', 'vid', '20220224', '214134', '4']","['club', '54549564', 'выборгский', 'санкт-петербург', 'vid', '20220224', '214134']",club 54549564 выборгский санкт-петербург vid 20220224 214134,72,0.0,False,2022-02-24,,Благоустройство,Текст,Дата создания,,Направление
452,Благоустройство,2022-02-24,"Попробовала, не действует. Адрес прежний, Гражданский 105 к. 1 вдоль дома ходить опасно",appeal_000452,"Попробовала, не действует. Адрес прежний, Гражданский 105 к. 1 вдоль дома ходить опасно","Попробовала, не действует. Адрес прежний, Гражданский 105 к. 1 вдоль дома ходить опасно","['попробовала', 'действует', 'адрес', 'прежний', 'гражданский', '105', '1', 'вдоль', 'дома', 'ходить', 'опасно']","['попробовать', 'действовать', 'адрес', 'прежний', 'гражданский', '105', 'вдоль', 'дом', 'ходить', 'опасно']",попробовать действовать адрес прежний гражданский 105 вдоль дом ходить опасно,87,0.2,True,2022-02-24,Гражданский 105,Благоустройство,Текст,Дата создания,,Направление
453,Дворы и территории общего пользования,2022-02-24,"На сегодняшний день (24 февраля 2021г) на въезде к ЖК ""Ландыши ( проспект Маршала Блюхера 7 к3 ) со стороны пр. Полюстровский обнаружены 3 ямы , размеры которых превышают предельно допустимые размеры. В соответствии с ГОСТ Р 50597-93 эти повреждения опасны для водителей и пешеходов. Несколько ям залиты водой и тем самым не возможно точно замерить размеры ям , но глубина этих ям намного больше 5см. Прошу принять меры.",appeal_000453,"На сегодняшний день (24 февраля 2021г) на въезде к ЖК ""Ландыши ( проспект Маршала Блюхера 7 к3 ) со стороны пр. Полюстровский обнаружены 3 ямы , размеры которых превышают предельно допустимые размеры. В соответствии с ГОСТ Р 50597-93 эти повреждения опасны для водителей и пешеходов. Несколько ям залиты водой и тем самым не возможно точно замерить размеры ям , но глубина этих ям намного больше 5см. Прошу принять меры.","На сегодняшний день 24 февраля 2021г на въезде к ЖК Ландыши проспект Маршала Блюхера 7 к3 со стороны пр. Полюстровский обнаружены 3 ямы , размеры которых превышают предельно допустимые размеры. В соответствии с ГОСТ Р 50597-93 эти повреждения опасны для водителей и пешеходов. Несколько ям залиты водой и тем самым не возможно точно замерить размеры ям , но глубина этих ям намного больше 5см. Прошу принять меры.","['сегодняшний', 'день', '24', 'февраля', '2021г', 'въезде', 'ландыши', 'проспект', 'маршала', 'блюхера', '7', '3', 'стороны', 'полюстровский', 'обнаружены', '3', 'ямы', 'размеры', 'которых', 'превышают', 'предельно', 'допустимые', 'размеры', 'соответствии', 'гост', '50597', '93', 'эти', 'повреждения', 'опасны', 'для', 'водителей', 'пешеходов', 'несколько', 'залиты', 'водой', 'тем', 'самым', 'возможно', 'точно', 'замерить', 'размеры', 'глубина', 'этих', 'намного', 'больше', '5с', 'прошу', 'принять', 'меры']","['сегодняшний', 'февраль', '2021г', 'въезд', 'ландыш', 'проспект', 'маршал', 'блюхер', 'сторона', 'полюстровский', 'обнаружить', 'ям', 'размер', 'который', 'превышать', 'предельно', 'допустимый', 'размер', 'соответствие', 'гост', '50597', 'повреждение', 'опасный', 'водитель', 'пешеход', 'несколько', 'залить', 'вода', 'тем', 'самый', 'возможно', 'точно', 'замерить', 'размер', 'глубина', 'намного', 'большой', 'принять']",сегодняшний февраль 2021г въезд ландыш проспект маршал блюхер сторона полюстровский обнаружить ям размер который превышать предельно допустимый размер соответствие гост 50597 повреждение опасный водитель пешеход несколько залить вода тем самый возможно точно замерить размер глубина намного большой принять,413,0.2,False,2022-02-24,На сегодняшний день 24,Дворы и территории общего пользования,Текст,Дата создания,,Направление
454,Дворы и территории общего пользования,2022-02-24,"В асфальте на проезде возле торца дома по Науки .26, огромные ямы",appeal_000454,"В асфальте на проезде возле торца дома по Науки .26, огромные ямы","В асфальте на проезде возле торца дома по Науки .26, огромные ямы","['асфальте', 'проезде', 'возле', 'торца', 'дома', 'науки', '26', 'огромные', 'ямы']","['асфальт', 'проезд', 'возле', 'торец', 'дом', 'наука', 'огромный', 'ям']",асфальт проезд возле торец дом наука огромный ям,65,0.0,False,2022-02-24,,Дворы и территории общего пользования,Текст,Дата создания,,Направление
455,Дороги,2022-02-24,"Здравствуйте,просьба ознакомиться.<br>> ['На жителей жилого комплекса [club159106825|ЖК ЦДС Московский] никто не обращает внимания. https://t.me/cdsmoskovskiy\nЛюди уже 2 года живут с одной дорогой, закрытой железной дорогой. \nЧасто поезда встают по 30-40 минут и появляются пробки на Пулковском шоссе, взрослым и детям приходится пролезать под поездами что бы не опоздать на работу, в школу и детские сады. \nЕдинственная дорога вся в ямах и в лужах.Водители портят свои машины \nДорога до Среднерогатской по грязи и так же через железную дорогу.\nБлижайшая остановка 20 мин пешком.\nВот такие объекты строит [club94711474|Группа ЦДС]\n[club176831236|Комитет по развитию транспортной инфраструктуры] обещает отремонтировать дорогу к середине апреля. Мы жители понимаем что надо предпринять временные меры что бы данная дорога дотянула до апреля. \n[id535438957|Александр] [club157419025|Московский район Санкт-Петербурга] [id571966662|Владимир Ушаков] помогите пожалуйста данному ЖК.\nЗа сюжет спасибо ""Невские новости"" \n\n#нашсамсон #средняярогатка #самсон #московскийрайон #полис #поликлиника #поликлиникаполис #поликлиникасредняярогатка #новаяклиникасамсон #среднерогатская #дунайский #жк #ЖКТриумф #ЖКМосковский #жкжизнь #жкдвестолицы #жкцдсмосковский #ЖКПулковский #ЖККрылья #жкПулковскийпосад #жк4you #жклетний #жкоазис #жкgreentower #жкsalut! \n#звездная #московская #средняярогатка #спб #цдс #цдсМосковский']",appeal_000455,"Здравствуйте,просьба ознакомиться.<br>> ['На жителей жилого комплекса [club159106825|ЖК ЦДС Московский] никто не обращает внимания. https://t.me/cdsmoskovskiy\nЛюди уже 2 года живут с одной дорогой, закрытой железной дорогой. \nЧасто поезда встают по 30-40 минут и появляются пробки на Пулковском шоссе, взрослым и детям приходится пролезать под поездами что бы не опоздать на работу, в школу и детские сады. \nЕдинственная дорога вся в ямах и в лужах.Водители портят свои машины \nДорога до Среднерогатской по грязи и так же через железную дорогу.\nБлижайшая остановка 20 мин пешком.\nВот такие объекты строит [club94711474|Группа ЦДС]\n[club176831236|Комитет по развитию транспортной инфраструктуры] обещает отремонтировать дорогу к середине апреля. Мы жители понимаем что надо предпринять временные меры что бы данная дорога дотянула до апреля. \n[id535438957|Александр] [club157419025|Московский район Санкт-Петербурга] [id571966662|Владимир Ушаков] помогите пожалуйста данному ЖК.\nЗа сюжет спасибо ""Невские новости"" \n\n#нашсамсон #средняярогатка #самсон #московскийрайон #полис #поликлиника #поликлиникаполис #поликлиникасредняярогатка #новаяклиникасамсон #среднерогатская #дунайский #жк #ЖКТриумф #ЖКМосковский #жкжизнь #жкдвестолицы #жкцдсмосковский #ЖКПулковский #ЖККрылья #жкПулковскийпосад #жк4you #жклетний #жкоазис #жкgreentower #жкsalut! \n#звездная #московская #средняярогатка #спб #цдс #цдсМосковский']","Здравствуйте,просьба ознакомиться. На жителей жилого комплекса club159106825 ЖК ЦДС Московский никто не обращает внимания. уже 2 года живут с одной дорогой, закрытой железной дорогой. nЧасто поезда встают по 30-40 минут и появляются пробки на Пулковском шоссе, взрослым и детям приходится пролезать под поездами что бы не опоздать на работу, в школу и детские сады. nЕдинственная дорога вся в ямах и в лужах.Водители портят свои машины nДорога до Среднерогатской по грязи и так же через железную дорогу. nБлижайшая остановка 20 мин пешком. nВот такие объекты строит club94711474 Группа ЦДС n club176831236 Комитет по развитию транспортной инфраструктуры обещает отремонтировать дорогу к середине апреля. Мы жители понимаем что надо предпринять временные меры что бы данная дорога дотянула до апреля. n id535438957 Александр club157419025 Московский район Санкт-Петербурга id571966662 Владимир Ушаков помогите пожалуйста данному ЖК. nЗа сюжет спасибо Невские новости n n ! n","['здравствуйте', 'просьба', 'ознакомиться', 'жителей', 'жилого', 'комплекса', 'club', '159106825', 'цдс', 'московский', 'никто', 'обращает', 'внимания', 'уже', '2', 'года', 'живут', 'одной', 'дорогой', 'закрытой', 'железной', 'дорогой', 'nчасто', 'поезда', 'встают', '30', '40', 'минут', 'появляются', 'пробки', 'пулковском', 'шоссе', 'взрослым', 'детям', 'приходится', 'пролезать', 'под', 'поездами', 'что', 'опоздать', 'работу', 'школу', 'детские', 'сады', 'nединственная', 'дорога', 'вся', 'ямах', 'лужах', 'водители', 'портят', 'свои', 'машины', 'nдорога', 'среднерогатской', 'грязи', 'так', 'через', 'железную', 'дорогу', 'nближайшая', 'остановка', '20', 'мин', 'пешком', 'nвот', 'такие', 'объекты', 'строит', 'club', '94711474', 'группа', 'цдс', 'club', '176831236', 'комитет', 'развитию', 'транспортной', 'инфраструктуры', 'обещает', 'отремонтировать', 'дорогу', 'середине', 'апреля', 'жители', 'понимаем', 'что', 'надо', 'предпринять', 'временные', 'меры', 'что', 'данная', 'дорога', 'дотянула', 'апреля', '535438957', 'александр', 'club', '157419025', 'московский', 'район', 'санкт-петербурга', '571966662', 'владимир', 'ушаков', 'помогите', 'пожалуйста', 'данному', 'nза', 'сюжет', 'спасибо', 'невские', 'новости']","['просьба', 'ознакомиться', 'житель', 'жилой', 'комплекс', 'club', '159106825', 'цдс', 'московский', 'никто', 'обращать', 'внимание', 'год', 'жить', 'один', 'дорога', 'закрытый', 'железный', 'дорога', 'nчасто', 'поезд', 'вставать', 'минута', 'появляться', 'пробка', 'пулковский', 'шоссе', 'взрослый', 'ребёнок', 'приходиться', 'пролезать', 'поезд', 'опоздать', 'работа', 'школа', 'детский', 'сад', 'nединственный', 'дорога', 'весь', 'ям', 'лужа', 'водитель', 'портить', 'свой', 'машина', 'nдорога', 'среднерогатский', 'грязь', 'через', 'железный', 'дорога', 'nблизкий', 'остановка', 'мина', 'пешком', 'nвота', 'такой', 'объект', 'строить', 'club', '94711474', 'группа', 'цдс', 'club', '176831236', 'комитет', 'развитие', 'транспортный', 'инфраструктура', 'обещать', 'отремонтировать', 'дорога', 'середина', 'апрель', 'житель', 'понимать', 'надо', 'предпринять', 'временной', 'дать', 'дорога', 'дотянуть', 'апрель', '535438957', 'александр', 'club', '157419025', 'московский', 'санкт-петербург', '571966662', 'владимир', 'ушаков', 'помочь', 'пожалуйста', 'дать', 'nза', 'сюжет', 'спасибо', 'невский', 'новость']",просьба ознакомиться житель жилой комплекс club 159106825 цдс московский никто обращать внимание год жить один дорога закрытый железный дорога nчасто поезд вставать минута появляться пробка пулковский шоссе взрослый ребёнок приходиться пролезать поезд опоздать работа школа детский сад nединственный дорога весь ям лужа водитель портить свой машина nдорога среднерогатский грязь через железный дорога nблизкий остановка мина пешком nвота такой объект строить club 94711474 группа цдс club 176831236 комитет развитие транспортный инфраструктура обещать отремонтировать дорога середина апрель житель понимать надо предпринять временной дать дорога дотянуть апрель 535438957 александр club 157419025 московский санкт-петербург 571966662 владимир ушаков помочь пожалуйста дать nза сюжет спасибо невский новость,973,0.1,False,2022-02-24,уже 2,Дороги,Текст,Дата создания,,Направление
456,Дворы и территории общего пользования,2022-02-24,"Уже много обращений на тему брошенной дороги. Вопрос так и не решен, участок дороги не обслуживается. Ежедневно на участке застревает автотранспорт, о безопасности не идёт речь вовсе. Можно уже за много лет решить кто будет отвечать за плохое состояние дорог?",appeal_000456,"Уже много обращений на тему брошенной дороги. Вопрос так и не решен, участок дороги не обслуживается. Ежедневно на участке застревает автотранспорт, о безопасности не идёт речь вовсе. Можно уже за много лет решить кто будет отвечать за плохое состояние дорог?","Уже много обращений на тему брошенной дороги. Вопрос так и не решен, участок дороги не обслуживается. Ежедневно на участке застревает автотранспорт, о безопасности не идет речь вовсе. Можно уже за много лет решить кто будет отвечать за плохое состояние дорог?","['уже', 'много', 'обращений', 'тему', 'брошенной', 'дороги', 'вопрос', 'так', 'решен', 'участок', 'дороги', 'обслуживается', 'ежедневно', 'участке', 'застревает', 'автотранспорт', 'безопасности', 'идет', 'речь', 'вовсе', 'можно', 'уже', 'много', 'лет', 'решить', 'кто', 'будет', 'отвечать', 'плохое', 'состояние', 'дорог']","['много', 'тема', 'бросить', 'дорога', 'решить', 'участок', 'дорога', 'обслуживаться', 'ежедневно', 'участок', 'застревать', 'автотранспорт', 'безопасность', 'идти', 'речь', 'вовсе', 'можно', 'много', 'год', 'решить', 'кто', 'отвечать', 'плохой', 'состояние', 'дорога']",много тема бросить дорога решить участок дорога обслуживаться ежедневно участок застревать автотранспорт безопасность идти речь вовсе можно много год решить кто отвечать плохой состояние дорога,259,0.2,True,2022-02-24,,Дворы и территории общего пользования,Текст,Дата создания,,Направление
457,Дворы и территории общего пользования,2022-02-24,"Здравствуйте. Беспокоит состояние дорог территории на улице Червонного Казачества д. 4-6-8: уже который год наблюдаем их плачевное состояние, затрудняющее движение машин, пожилых и родителей с колясками. Просим активно принять меры по ремонту. По необходимости могу приложить фотографии.",appeal_000457,"Здравствуйте. Беспокоит состояние дорог территории на улице Червонного Казачества д. 4-6-8: уже который год наблюдаем их плачевное состояние, затрудняющее движение машин, пожилых и родителей с колясками. Просим активно принять меры по ремонту. По необходимости могу приложить фотографии.","Здравствуйте. Беспокоит состояние дорог территории на улице Червонного Казачества д. 4-6-8: уже который год наблюдаем их плачевное состояние, затрудняющее движение машин, пожилых и родителей с колясками. Просим активно принять меры по ремонту. По необходимости могу приложить фотографии.","['здравствуйте', 'беспокоит', 'состояние', 'дорог', 'территории', 'улице', 'червонного', 'казачества', '4', '6', '8', 'уже', 'который', 'год', 'наблюдаем', 'плачевное', 'состояние', 'затрудняющее', 'движение', 'машин', 'пожилых', 'родителей', 'колясками', 'просим', 'активно', 'принять', 'меры', 'ремонту', 'необходимости', 'могу', 'приложить', 'фотографии']","['беспокоить', 'состояние', 'дорога', 'территория', 'улица', 'червонный', 'казачество', 'который', 'год', 'наблюдать', 'плачевный', 'состояние', 'затруднять', 'движение', 'машина', 'пожилой', 'родитель', 'коляска', 'просить', 'активно', 'принять', 'ремонт', 'необходимость', 'мочь', 'приложить', 'фотография']",беспокоить состояние дорога территория улица червонный казачество который год наблюдать плачевный состояние затруднять движение машина пожилой родитель коляска просить активно принять ремонт необходимость мочь приложить фотография,287,0.0,False,2022-02-24,,Дворы и территории общего пользования,Текст,Дата создания,,Направление
458,Автомобильные дороги,2022-02-24,"Глубокая ""большая"" яма по центру дороги",appeal_000458,"Глубокая ""большая"" яма по центру дороги",Глубокая большая яма по центру дороги,"['глубокая', 'большая', 'яма', 'центру', 'дороги']","['глубокий', 'больший', 'яма', 'центр', 'дорога']",глубокий больший яма центр дорога,37,0.0,False,2022-02-24,,Автомобильные дороги,Текст,Дата создания,,Направление
459,Автомобильные дороги,2022-02-24,Очень глубокие и опасные ямы на Карбышева. От BP до ж/д моста.,appeal_000459,Очень глубокие и опасные ямы на Карбышева. От BP до ж/д моста.,Очень глубокие и опасные ямы на Карбышева. От BP до ж/д моста.,"['очень', 'глубокие', 'опасные', 'ямы', 'карбышева', 'моста']","['очень', 'глубокий', 'опасный', 'ям', 'карбышев', 'мост']",очень глубокий опасный ям карбышев мост,62,0.2,False,2022-02-24,,Автомобильные дороги,Текст,Дата создания,,Направление
460,Автомобильные дороги,2022-02-24,"Ужасное состояние Шафировского проспекта, а также всего Индустриального проспекта, сплошь колейность и большие ямы, причем по всей его протяженности! С такими ямами большая вероятность ДТП и поломки авто. Прошу сообщить о сроках ремонта в установленные законом сроки.",appeal_000460,"Ужасное состояние Шафировского проспекта, а также всего Индустриального проспекта, сплошь колейность и большие ямы, причем по всей его протяженности! С такими ямами большая вероятность ДТП и поломки авто. Прошу сообщить о сроках ремонта в установленные законом сроки.","Ужасное состояние Шафировского проспекта, а также всего Индустриального проспекта, сплошь колейность и большие ямы, причем по всей его протяженности! С такими ямами большая вероятность ДТП и поломки авто. Прошу сообщить о сроках ремонта в установленные законом сроки.","['ужасное', 'состояние', 'шафировского', 'проспекта', 'также', 'всего', 'индустриального', 'проспекта', 'сплошь', 'колейность', 'большие', 'ямы', 'причем', 'всей', 'его', 'протяженности', 'такими', 'ямами', 'большая', 'вероятность', 'дтп', 'поломки', 'авто', 'прошу', 'сообщить', 'сроках', 'ремонта', 'установленные', 'законом', 'сроки']","['ужасный', 'состояние', 'шафировский', 'проспект', 'также', 'весь', 'индустриальный', 'проспект', 'сплошь', 'колейность', 'больший', 'ям', 'причём', 'весь', 'протяжённость', 'такой', 'ям', 'больший', 'вероятность', 'дтп', 'поломка', 'авто', 'сообщить', 'срок', 'ремонт', 'установленный', 'закон', 'срок']",ужасный состояние шафировский проспект также весь индустриальный проспект сплошь колейность больший ям причём весь протяжённость такой ям больший вероятность дтп поломка авто сообщить срок ремонт установленный закон срок,267,0.3,False,2022-02-24,,Автомобильные дороги,Текст,Дата создания,,Направление
461,Автомобильные дороги,2022-02-24,Отсутствует твердое покрытие на улице Тбилисской. Грунт разбивается автомобилями.,appeal_000461,Отсутствует твердое покрытие на улице Тбилисской. Грунт разбивается автомобилями.,Отсутствует твердое покрытие на улице Тбилисской. Грунт разбивается автомобилями.,"['отсутствует', 'твердое', 'покрытие', 'улице', 'тбилисской', 'грунт', 'разбивается', 'автомобилями']","['отсутствовать', 'твёрдый', 'покрытие', 'улица', 'тбилисский', 'грунт', 'разбиваться', 'автомобиль']",отсутствовать твёрдый покрытие улица тбилисский грунт разбиваться автомобиль,81,0.0,False,2022-02-24,,Автомобильные дороги,Текст,Дата создания,,Направление
462,Общественный транспорт,2022-02-24,"Добрый день. Подготовил документ с маршрутом моего движения на автотранспорте по территории промышленной площадки, бывшая территория Ижорских заводов. Пользовался онлайн картой: Яндекс Карты. Красной линией отмечен маршрут движения. На данном маршруте требует особого внимания состояние дорожного покрытие, а именно многочисленное наличие ям, больших и огромных ям, выбоин и неровностей. В неудовлетворительном состоянии ж\д переезды, пешеходные переходы. Также внимание требует площадка у проходной КСМ, выделена на карте красным квадратом.",appeal_000462,"Добрый день. Подготовил документ с маршрутом моего движения на автотранспорте по территории промышленной площадки, бывшая территория Ижорских заводов. Пользовался онлайн картой: Яндекс Карты. Красной линией отмечен маршрут движения. На данном маршруте требует особого внимания состояние дорожного покрытие, а именно многочисленное наличие ям, больших и огромных ям, выбоин и неровностей. В неудовлетворительном состоянии ж\д переезды, пешеходные переходы. Также внимание требует площадка у проходной КСМ, выделена на карте красным квадратом.","Добрый день. Подготовил документ с маршрутом моего движения на автотранспорте по территории промышленной площадки, бывшая территория Ижорских заводов. Пользовался онлайн картой: Яндекс Карты. Красной линией отмечен маршрут движения. На данном маршруте требует особого внимания состояние дорожного покрытие, а именно многочисленное наличие ям, больших и огромных ям, выбоин и неровностей. В неудовлетворительном состоянии ж д переезды, пешеходные переходы. Также внимание требует площадка у проходной КСМ, выделена на карте красным квадратом.","['добрый', 'день', 'подготовил', 'документ', 'маршрутом', 'моего', 'движения', 'автотранспорте', 'территории', 'промышленной', 'площадки', 'бывшая', 'территория', 'ижорских', 'заводов', 'пользовался', 'онлайн', 'картой', 'яндекс', 'карты', 'красной', 'линией', 'отмечен', 'маршрут', 'движения', 'данном', 'маршруте', 'требует', 'особого', 'внимания', 'состояние', 'дорожного', 'покрытие', 'именно', 'многочисленное', 'наличие', 'больших', 'огромных', 'выбоин', 'неровностей', 'неудовлетворительном', 'состоянии', 'переезды', 'пешеходные', 'переходы', 'также', 'внимание', 'требует', 'площадка', 'проходной', 'ксм', 'выделена', 'карте', 'красным', 'квадратом']","['подготовить', 'документ', 'маршрут', 'мой', 'движение', 'автотранспорт', 'территория', 'промышленный', 'площадка', 'бывший', 'территория', 'ижорский', 'завод', 'пользоваться', 'онлайн', 'карта', 'яндекс', 'карта', 'красный', 'линия', 'отметить', 'маршрут', 'движение', 'данный', 'маршрут', 'требовать', 'особый', 'внимание', 'состояние', 'дорожный', 'покрытие', 'именно', 'многочисленный', 'наличие', 'больший', 'огромный', 'выбоина', 'неровность', 'неудовлетворительный', 'состояние', 'переезд', 'пешеходный', 'переход', 'также', 'внимание', 'требовать', 'площадка', 'проходная', 'ксм', 'выделить', 'карта', 'красный', 'квадрат']",подготовить документ маршрут мой движение автотранспорт территория промышленный площадка бывший территория ижорский завод пользоваться онлайн карта яндекс карта красный линия отметить маршрут движение данный маршрут требовать особый внимание состояние дорожный покрытие именно многочисленный наличие больший огромный выбоина неровность неудовлетворительный состояние переезд пешеходный переход также внимание требовать площадка проходная ксм выделить карта красный квадрат,541,0.0,False,2022-02-24,,Общественный транспорт,Текст,Дата создания,,Направление
463,Автомобильные дороги,2022-02-24,"Ямы на проезжей части дороги на наб. Смоленки (от ул. Уральская до наб. Макарова), г. Санкт-Петербург",appeal_000463,"Ямы на проезжей части дороги на наб. Смоленки (от ул. Уральская до наб. Макарова), г. Санкт-Петербург","Ямы на проезжей части дороги на наб. Смоленки от ул. Уральская до наб. Макарова , г. Санкт-Петербург","['ямы', 'проезжей', 'части', 'дороги', 'наб', 'смоленки', 'уральская', 'наб', 'макарова', 'санкт-петербург']","['ям', 'проезжий', 'часть', 'дорога', 'наб', 'смоленка', 'уральский', 'наб', 'макаров', 'санкт-петербург']",ям проезжий часть дорога наб смоленка уральский наб макаров санкт-петербург,100,0.0,False,2022-02-24,,Автомобильные дороги,Текст,Дата создания,,Направление
464,Автомобильные дороги,2022-02-24,Большая яма поперёк дороги.,appeal_000464,Большая яма поперёк дороги.,Большая яма поперек дороги.,"['большая', 'яма', 'поперек', 'дороги']","['больший', 'яма', 'поперёк', 'дорога']",больший яма поперёк дорога,27,0.0,False,2022-02-24,,Автомобильные дороги,Текст,Дата создания,,Направление
465,Благоустройство,2022-02-24,"> ['Здравствуйте уважаемые соседи. Живу на Энергетиков в 60х домах с рождения более 40 лет. Первый раз такая зад...а (простите).Куда ещё обращаться не знаю, писали и в администрацию района и т.д. Дело в асфальте ( вернее в его отсутствии). От шоссе Революции в сторону Блюхера, и далее по Бестужевской улице жуткие ямы в неимоверном количестве, это ещё снег не сошел, весной будет только хуже. Кладут периодически заплатки, которых хватает на месяц. За последние уже лет 20 новый асфальт полностью помоему не клали. 2,3 раза в неделю люди теряют в ямах пружины, колёса и т.д.\n\nОт подписчика: Андрея Б.']",appeal_000465,"> ['Здравствуйте уважаемые соседи. Живу на Энергетиков в 60х домах с рождения более 40 лет. Первый раз такая зад...а (простите).Куда ещё обращаться не знаю, писали и в администрацию района и т.д. Дело в асфальте ( вернее в его отсутствии). От шоссе Революции в сторону Блюхера, и далее по Бестужевской улице жуткие ямы в неимоверном количестве, это ещё снег не сошел, весной будет только хуже. Кладут периодически заплатки, которых хватает на месяц. За последние уже лет 20 новый асфальт полностью помоему не клали. 2,3 раза в неделю люди теряют в ямах пружины, колёса и т.д.\n\nОт подписчика: Андрея Б.']","Здравствуйте уважаемые соседи. Живу на Энергетиков в 60х домах с рождения более 40 лет. Первый раз такая зад...а простите .Куда еще обращаться не знаю, писали и в администрацию района и т.д. Дело в асфальте вернее в его отсутствии . От шоссе Революции в сторону Блюхера, и далее по Бестужевской улице жуткие ямы в неимоверном количестве, это еще снег не сошел, весной будет только хуже. Кладут периодически заплатки, которых хватает на месяц. За последние уже лет 20 новый асфальт полностью помоему не клали. 2,3 раза в неделю люди теряют в ямах пружины, колеса и т.д. n nОт подписчика: Андрея Б.","['здравствуйте', 'уважаемые', 'соседи', 'живу', 'энергетиков', '60х', 'домах', 'рождения', 'более', '40', 'лет', 'первый', 'раз', 'такая', 'зад', 'простите', 'куда', 'еще', 'обращаться', 'знаю', 'писали', 'администрацию', 'района', 'дело', 'асфальте', 'вернее', 'его', 'отсутствии', 'шоссе', 'революции', 'сторону', 'блюхера', 'далее', 'бестужевской', 'улице', 'жуткие', 'ямы', 'неимоверном', 'количестве', 'это', 'еще', 'снег', 'сошел', 'весной', 'будет', 'только', 'хуже', 'кладут', 'периодически', 'заплатки', 'которых', 'хватает', 'месяц', 'последние', 'уже', 'лет', '20', 'новый', 'асфальт', 'полностью', 'помоему', 'клали', '2', '3', 'раза', 'неделю', 'люди', 'теряют', 'ямах', 'пружины', 'колеса', 'nот', 'подписчика', 'андрея']","['уважаемый', 'сосед', 'жить', 'энергетик', '60х', 'дом', 'рождение', 'более', 'год', 'первый', 'раз', 'такой', 'зад', 'простить', 'куда', 'обращаться', 'знать', 'писать', 'дело', 'асфальт', 'верный', 'отсутствие', 'шоссе', 'революция', 'сторона', 'блюхер', 'далее', 'бестужевский', 'улица', 'жуткий', 'ям', 'неимоверный', 'количество', 'снег', 'сойти', 'весна', 'плохой', 'класть', 'периодически', 'заплатка', 'который', 'хватать', 'месяц', 'последний', 'год', 'новый', 'асфальт', 'полностью', 'помоему', 'класть', 'раз', 'неделя', 'человек', 'терять', 'ям', 'пружина', 'колесо', 'nот', 'подписчик', 'андрей']",уважаемый сосед жить энергетик 60х дом рождение более год первый раз такой зад простить куда обращаться знать писать дело асфальт верный отсутствие шоссе революция сторона блюхер далее бестужевский улица жуткий ям неимоверный количество снег сойти весна плохой класть периодически заплатка который хватать месяц последний год новый асфальт полностью помоему класть раз неделя человек терять ям пружина колесо nот подписчик андрей,596,0.0,False,2022-02-24,на Энергетиков в 60х,Благоустройство,Текст,Дата создания,,Направление
466,Дворы и территории общего пользования,2022-02-24,"Провал асфальта, в темноте легко попасть в яму",appeal_000466,"Провал асфальта, в темноте легко попасть в яму","Провал асфальта, в темноте легко попасть в яму","['провал', 'асфальта', 'темноте', 'легко', 'попасть', 'яму']","['провал', 'асфальт', 'темнота', 'легко', 'попасть', 'яма']",провал асфальт темнота легко попасть яма,46,0.0,False,2022-02-24,,Дворы и территории общего пользования,Текст,Дата создания,,Направление
467,Мусор,2022-02-24,"Здравствуйте! Прошу убрать мусор вокруг стояночных комплексов по улице Есенина, 23/2",appeal_000467,"Здравствуйте! Прошу убрать мусор вокруг стояночных комплексов по улице Есенина, 23/2","Здравствуйте! Прошу убрать мусор вокруг стояночных комплексов по улице Есенина, 23/2","['здравствуйте', 'прошу', 'убрать', 'мусор', 'вокруг', 'стояночных', 'комплексов', 'улице', 'есенина', '23', '2']","['убрать', 'мусор', 'вокруг', 'стояночный', 'комплекс', 'улица', 'есенин']",убрать мусор вокруг стояночный комплекс улица есенин,84,0.1,False,2022-02-24,,Мусор,Текст,Дата создания,,Направление
468,Дороги,2022-02-24,Добрый день. Похоже очередь до нас ещё не дошла. Снежная каша с водой превратилась в лёд. Ходит по нему не возможно. Ждём уборку льда по моему сообщению выше. Спасибо.,appeal_000468,Добрый день. Похоже очередь до нас ещё не дошла. Снежная каша с водой превратилась в лёд. Ходит по нему не возможно. Ждём уборку льда по моему сообщению выше. Спасибо.,Добрый день. Похоже очередь до нас еще не дошла. Снежная каша с водой превратилась в лед. Ходит по нему не возможно. Ждем уборку льда по моему сообщению выше. Спасибо.,"['добрый', 'день', 'похоже', 'очередь', 'нас', 'еще', 'дошла', 'снежная', 'каша', 'водой', 'превратилась', 'лед', 'ходит', 'нему', 'возможно', 'ждем', 'уборку', 'льда', 'моему', 'сообщению', 'выше', 'спасибо']","['похоже', 'очередь', 'дойти', 'снежный', 'каша', 'вода', 'превратиться', 'лёд', 'ходить', 'возможно', 'ждать', 'уборка', 'лёд', 'мой', 'сообщение', 'выше', 'спасибо']",похоже очередь дойти снежный каша вода превратиться лёд ходить возможно ждать уборка лёд мой сообщение выше спасибо,167,0.0,False,2022-02-24,,Дороги,Текст,Дата создания,,Направление
469,Дороги,2022-02-24,Сообщение без текста,appeal_000469,Сообщение без текста,Сообщение без текста,"['сообщение', 'без', 'текста']","['сообщение', 'текст']",сообщение текст,20,0.0,False,2022-02-24,,Дороги,Текст,Дата создания,,Направление
470,Благоустройство,2022-02-24,"Невозможно ходить, когда закончится этот беспредел? Калининский район",appeal_000470,"Невозможно ходить, когда закончится этот беспредел? Калининский район","Невозможно ходить, когда закончится этот беспредел? Калининский район","['невозможно', 'ходить', 'когда', 'закончится', 'этот', 'беспредел', 'калининский', 'район']","['невозможно', 'ходить', 'закончиться', 'беспредел', 'калининский']",невозможно ходить закончиться беспредел калининский,69,0.2,False,2022-02-24,,Благоустройство,Текст,Дата создания,,Направление
471,Благоустройство,2022-02-24,"Уборкой пешеходной дорожки займитесь!<br>Между д.36к3 Новоизмайловский и д.45к4 Варшавская.<br>С пешеходной дорожки 3 неделю не убран притоптаный снег, превратившийся в наледь. Ледяные кочки на дорожке",appeal_000471,"Уборкой пешеходной дорожки займитесь!<br>Между д.36к3 Новоизмайловский и д.45к4 Варшавская.<br>С пешеходной дорожки 3 неделю не убран притоптаный снег, превратившийся в наледь. Ледяные кочки на дорожке","Уборкой пешеходной дорожки займитесь! Между д.36к3 Новоизмайловский и д.45к4 Варшавская. С пешеходной дорожки 3 неделю не убран притоптаный снег, превратившийся в наледь. Ледяные кочки на дорожке","['уборкой', 'пешеходной', 'дорожки', 'займитесь', 'между', '36к', '3', 'новоизмайловский', '45к', '4', 'варшавская', 'пешеходной', 'дорожки', '3', 'неделю', 'убран', 'притоптаный', 'снег', 'превратившийся', 'наледь', 'ледяные', 'кочки', 'дорожке']","['уборка', 'пешеходный', 'дорожка', 'заняться', 'между', '36к', 'новоизмайловский', '45к', 'варшавский', 'пешеходный', 'дорожка', 'неделя', 'убрать', 'притоптаный', 'снег', 'превратиться', 'наледь', 'ледяной', 'кочка', 'дорожка']",уборка пешеходный дорожка заняться между 36к новоизмайловский 45к варшавский пешеходный дорожка неделя убрать притоптаный снег превратиться наледь ледяной кочка дорожка,195,0.1,False,2022-02-24,пешеходной дорожки 3,Благоустройство,Текст,Дата создания,,Направление
472,Благоустройство,2022-02-24,"Скажите, пожалуйста, по такому можно ходить? Просвещения 15<br>Оставлял заявку на спйте мой Санкт-Петербург номер 4072095.в ответ нагло пишут, что все убрали",appeal_000472,"Скажите, пожалуйста, по такому можно ходить? Просвещения 15<br>Оставлял заявку на спйте мой Санкт-Петербург номер 4072095.в ответ нагло пишут, что все убрали","Скажите, пожалуйста, по такому можно ходить? Просвещения 15 Оставлял заявку на спйте мой Санкт-Петербург номер 4072095.в ответ нагло пишут, что все убрали","['скажите', 'пожалуйста', 'такому', 'можно', 'ходить', 'просвещения', '15', 'оставлял', 'заявку', 'спйте', 'мой', 'санкт-петербург', 'номер', '4072095', 'ответ', 'нагло', 'пишут', 'что', 'все', 'убрали']","['сказать', 'пожалуйста', 'такой', 'можно', 'ходить', 'просвещение', 'оставлять', 'заявка', 'спть', 'мой', 'санкт-петербург', 'номер', '4072095', 'нагло', 'писать', 'убрать']",сказать пожалуйста такой можно ходить просвещение оставлять заявка спть мой санкт-петербург номер 4072095 нагло писать убрать,154,0.0,False,2022-02-24,Просвещения 15,Благоустройство,Текст,Дата создания,,Направление
473,Дороги,2022-02-24,"Добрый день. Временным складированием тут и не пахнет! Мало того, что мы ночами вынуждены слушать грохот самосвалов и НЕ СПАСТЬ на протяжении 2 месяцев,так они ещё и тротуар завалили. Люди ходят по проезжей части. Беспредел уже этот достал!!!!! Законы дейсвуют только на бумажках!",appeal_000473,"Добрый день. Временным складированием тут и не пахнет! Мало того, что мы ночами вынуждены слушать грохот самосвалов и НЕ СПАСТЬ на протяжении 2 месяцев,так они ещё и тротуар завалили. Люди ходят по проезжей части. Беспредел уже этот достал!!!!! Законы дейсвуют только на бумажках!","Добрый день. Временным складированием тут и не пахнет! Мало того, что мы ночами вынуждены слушать грохот самосвалов и НЕ СПАСТЬ на протяжении 2 месяцев,так они еще и тротуар завалили. Люди ходят по проезжей части. Беспредел уже этот достал!!!!! Законы дейсвуют только на бумажках!","['добрый', 'день', 'временным', 'складированием', 'тут', 'пахнет', 'мало', 'того', 'что', 'ночами', 'вынуждены', 'слушать', 'грохот', 'самосвалов', 'спасть', 'протяжении', '2', 'месяцев', 'так', 'они', 'еще', 'тротуар', 'завалили', 'люди', 'ходят', 'проезжей', 'части', 'беспредел', 'уже', 'этот', 'достал', 'законы', 'дейсвуют', 'только', 'бумажках']","['временной', 'складирование', 'тут', 'пахнуть', 'мало', 'тот', 'ночь', 'вынудить', 'слушать', 'грохот', 'самосвал', 'спасть', 'протяжение', 'месяц', 'они', 'тротуар', 'завалить', 'человек', 'ходить', 'проезжий', 'часть', 'беспредел', 'достать', 'закон', 'дейсвуют', 'бумажка']",временной складирование тут пахнуть мало тот ночь вынудить слушать грохот самосвал спасть протяжение месяц они тротуар завалить человек ходить проезжий часть беспредел достать закон дейсвуют бумажка,280,0.3,False,2022-02-24,СПАСТЬ на протяжении 2,Дороги,Текст,Дата создания,,Направление
474,Дороги,2022-02-24,"На фото пешеходный переход на улице Бухарестская, Альпийский переулок. Чтобы нажать кнопку светофора, необходимо вскорабкаться на горку, что изо льда вокруг столба. Интересно, все пешеходы на это способны?",appeal_000474,"На фото пешеходный переход на улице Бухарестская, Альпийский переулок. Чтобы нажать кнопку светофора, необходимо вскорабкаться на горку, что изо льда вокруг столба. Интересно, все пешеходы на это способны?","На фото пешеходный переход на улице Бухарестская, Альпийский переулок. Чтобы нажать кнопку светофора, необходимо вскорабкаться на горку, что изо льда вокруг столба. Интересно, все пешеходы на это способны?","['фото', 'пешеходный', 'переход', 'улице', 'бухарестская', 'альпийский', 'переулок', 'чтобы', 'нажать', 'кнопку', 'светофора', 'необходимо', 'вскорабкаться', 'горку', 'что', 'изо', 'льда', 'вокруг', 'столба', 'интересно', 'все', 'пешеходы', 'это', 'способны']","['фото', 'пешеходный', 'переход', 'улица', 'бухарестский', 'альпийский', 'переулок', 'чтобы', 'нажать', 'кнопка', 'светофор', 'необходимо', 'вскорабкаться', 'горка', 'лёд', 'вокруг', 'столб', 'интересно', 'пешеход', 'способный']",фото пешеходный переход улица бухарестский альпийский переулок чтобы нажать кнопка светофор необходимо вскорабкаться горка лёд вокруг столб интересно пешеход способный,205,0.0,False,2022-02-24,,Дороги,Текст,Дата создания,,Направление
475,Дворы и территории общего пользования,2022-02-24,"Была произведена уборка улиц от снега, все сложили в одну кучу. Также убирали снег возле школы и поликлиники, снег также вывезли в эту кучу. Просьба убрать.",appeal_000475,"Была произведена уборка улиц от снега, все сложили в одну кучу. Также убирали снег возле школы и поликлиники, снег также вывезли в эту кучу. Просьба убрать.","Была произведена уборка улиц от снега, все сложили в одну кучу. Также убирали снег возле школы и поликлиники, снег также вывезли в эту кучу. Просьба убрать.","['была', 'произведена', 'уборка', 'улиц', 'снега', 'все', 'сложили', 'одну', 'кучу', 'также', 'убирали', 'снег', 'возле', 'школы', 'поликлиники', 'снег', 'также', 'вывезли', 'эту', 'кучу', 'просьба', 'убрать']","['произвести', 'уборка', 'улица', 'снег', 'сложить', 'один', 'куча', 'также', 'убирать', 'снег', 'возле', 'школа', 'поликлиника', 'снег', 'также', 'вывезти', 'куча', 'просьба', 'убрать']",произвести уборка улица снег сложить один куча также убирать снег возле школа поликлиника снег также вывезти куча просьба убрать,156,0.0,False,2022-02-24,,Дворы и территории общего пользования,Текст,Дата создания,,Направление
476,Автомобильные дороги,2022-02-24,Требуется Уборка льда по всему тротуару по Ул Менделеевская,appeal_000476,Требуется Уборка льда по всему тротуару по Ул Менделеевская,Требуется Уборка льда по всему тротуару по Ул Менделеевская,"['требуется', 'уборка', 'льда', 'всему', 'тротуару', 'менделеевская']","['требоваться', 'уборка', 'лёд', 'весь', 'тротуар', 'менделеевский']",требоваться уборка лёд весь тротуар менделеевский,59,0.0,False,2022-02-24,,Автомобильные дороги,Текст,Дата создания,,Направление
477,Автомобильные дороги,2022-02-24,"Пешеходы, проходя по тротуару от монастырского моста по пр.Обуховской Обороны в сторону шлисельбургского моста слабо защищены от брызг проезжающего транспорта по время паводков и таяния снега. К тому же после ремонта сделали тротуар слишком узким, в результате пешеходам почти не возможно скрыться от брызг. Единственное место, где есть защита это надземный пешеходный переход у заправочной станции и часть тротуара около неё. По части дороги вдоль Лавры есть два места, где собираются лужи и не все водители снижают скорость.",appeal_000477,"Пешеходы, проходя по тротуару от монастырского моста по пр.Обуховской Обороны в сторону шлисельбургского моста слабо защищены от брызг проезжающего транспорта по время паводков и таяния снега. К тому же после ремонта сделали тротуар слишком узким, в результате пешеходам почти не возможно скрыться от брызг. Единственное место, где есть защита это надземный пешеходный переход у заправочной станции и часть тротуара около неё. По части дороги вдоль Лавры есть два места, где собираются лужи и не все водители снижают скорость.","Пешеходы, проходя по тротуару от монастырского моста по пр.Обуховской Обороны в сторону шлисельбургского моста слабо защищены от брызг проезжающего транспорта по время паводков и таяния снега. К тому же после ремонта сделали тротуар слишком узким, в результате пешеходам почти не возможно скрыться от брызг. Единственное место, где есть защита это надземный пешеходный переход у заправочной станции и часть тротуара около нее. По части дороги вдоль Лавры есть два места, где собираются лужи и не все водители снижают скорость.","['пешеходы', 'проходя', 'тротуару', 'монастырского', 'моста', 'обуховской', 'обороны', 'сторону', 'шлисельбургского', 'моста', 'слабо', 'защищены', 'брызг', 'проезжающего', 'транспорта', 'время', 'паводков', 'таяния', 'снега', 'тому', 'после', 'ремонта', 'сделали', 'тротуар', 'слишком', 'узким', 'результате', 'пешеходам', 'почти', 'возможно', 'скрыться', 'брызг', 'единственное', 'место', 'где', 'есть', 'защита', 'это', 'надземный', 'пешеходный', 'переход', 'заправочной', 'станции', 'часть', 'тротуара', 'около', 'нее', 'части', 'дороги', 'вдоль', 'лавры', 'есть', 'два', 'места', 'где', 'собираются', 'лужи', 'все', 'водители', 'снижают', 'скорость']","['пешеход', 'проходить', 'тротуар', 'монастырский', 'мост', 'обуховский', 'оборона', 'сторона', 'шлисельбургский', 'мост', 'слабо', 'защитить', 'брызги', 'проезжать', 'транспорт', 'время', 'паводковый', 'таяние', 'снег', 'тот', 'после', 'ремонт', 'сделать', 'тротуар', 'слишком', 'узкий', 'результат', 'пешеход', 'почти', 'возможно', 'скрыться', 'брызги', 'единственный', 'место', 'где', 'есть', 'защита', 'надземный', 'пешеходный', 'переход', 'заправочный', 'станция', 'часть', 'тротуар', 'около', 'часть', 'дорога', 'вдоль', 'лавр', 'есть', 'два', 'место', 'где', 'собираться', 'лужа', 'водитель', 'снижать', 'скорость']",пешеход проходить тротуар монастырский мост обуховский оборона сторона шлисельбургский мост слабо защитить брызги проезжать транспорт время паводковый таяние снег тот после ремонт сделать тротуар слишком узкий результат пешеход почти возможно скрыться брызги единственный место где есть защита надземный пешеходный переход заправочный станция часть тротуар около часть дорога вдоль лавр есть два место где собираться лужа водитель снижать скорость,526,0.0,False,2022-02-24,,Автомобильные дороги,Текст,Дата создания,,Направление
478,Дворы и территории общего пользования,2022-02-24,"Добрый вечер. Прошу обратить внимание на ситуацию с дорогами и внутридворовыми территориями в ЖК Ладожский парк. Колейность, наледь не дает возможности нормально проехать и припарковать автомобили, систематически возникают аварийные ситуации. Пожилые дети, маленькие дети и мамы с колясками лишены возможности нормально передвигаться на территории жилого комплекса. Из трех очередей нормально вычистили только одну из них. На территории между домамиВорошилова 25/2, 27/1, 27/2 , 29/1 не очистили вообще.",appeal_000478,"Добрый вечер. Прошу обратить внимание на ситуацию с дорогами и внутридворовыми территориями в ЖК Ладожский парк. Колейность, наледь не дает возможности нормально проехать и припарковать автомобили, систематически возникают аварийные ситуации. Пожилые дети, маленькие дети и мамы с колясками лишены возможности нормально передвигаться на территории жилого комплекса. Из трех очередей нормально вычистили только одну из них. На территории между домамиВорошилова 25/2, 27/1, 27/2 , 29/1 не очистили вообще.","Добрый вечер. Прошу обратить внимание на ситуацию с дорогами и внутридворовыми территориями в ЖК Ладожский парк. Колейность, наледь не дает возможности нормально проехать и припарковать автомобили, систематически возникают аварийные ситуации. Пожилые дети, маленькие дети и мамы с колясками лишены возможности нормально передвигаться на территории жилого комплекса. Из трех очередей нормально вычистили только одну из них. На территории между домамиВорошилова 25/2, 27/1, 27/2 , 29/1 не очистили вообще.","['добрый', 'вечер', 'прошу', 'обратить', 'внимание', 'ситуацию', 'дорогами', 'внутридворовыми', 'территориями', 'ладожский', 'парк', 'колейность', 'наледь', 'дает', 'возможности', 'нормально', 'проехать', 'припарковать', 'автомобили', 'систематически', 'возникают', 'аварийные', 'ситуации', 'пожилые', 'дети', 'маленькие', 'дети', 'мамы', 'колясками', 'лишены', 'возможности', 'нормально', 'передвигаться', 'территории', 'жилого', 'комплекса', 'трех', 'очередей', 'нормально', 'вычистили', 'только', 'одну', 'них', 'территории', 'между', 'домамиворошилова', '25', '2', '27', '1', '27', '2', '29', '1', 'очистили', 'вообще']","['вечер', 'обратить', 'внимание', 'ситуация', 'дорога', 'внутридворовый', 'территория', 'ладожский', 'парк', 'колейность', 'наледь', 'давать', 'возможность', 'нормально', 'проехать', 'припарковать', 'автомобиль', 'систематически', 'возникать', 'аварийный', 'ситуация', 'пожилой', 'ребёнок', 'маленький', 'ребёнок', 'мама', 'коляска', 'лишить', 'возможность', 'нормально', 'передвигаться', 'территория', 'жилой', 'комплекс', 'три', 'очередь', 'нормально', 'вычистить', 'один', 'они', 'территория', 'между', 'домамиворошилов', 'очистить', 'вообще']",вечер обратить внимание ситуация дорога внутридворовый территория ладожский парк колейность наледь давать возможность нормально проехать припарковать автомобиль систематически возникать аварийный ситуация пожилой ребёнок маленький ребёнок мама коляска лишить возможность нормально передвигаться территория жилой комплекс три очередь нормально вычистить один они территория между домамиворошилов очистить вообще,503,0.0,False,2022-02-24,территории между домамиВорошилова 25/2,Дворы и территории общего пользования,Текст,Дата создания,,Направление
479,Дороги,2022-02-24,"Нужен тягач, если и он не увязнет",appeal_000479,"Нужен тягач, если и он не увязнет","Нужен тягач, если и он не увязнет","['нужен', 'тягач', 'если', 'увязнет']","['нужный', 'тягач', 'увязнуть']",нужный тягач увязнуть,33,0.0,False,2022-02-24,,Дороги,Текст,Дата создания,,Направление
480,Дороги,2022-02-24,"[club54549564|Выборгский район Санкт-Петербурга], вот такая сейчас дорога",appeal_000480,"[club54549564|Выборгский район Санкт-Петербурга], вот такая сейчас дорога","club54549564 Выборгский район Санкт-Петербурга , вот такая сейчас дорога","['club', '54549564', 'выборгский', 'район', 'санкт-петербурга', 'вот', 'такая', 'сейчас', 'дорога']","['club', '54549564', 'выборгский', 'санкт-петербург', 'такой', 'сейчас', 'дорога']",club 54549564 выборгский санкт-петербург такой сейчас дорога,72,0.0,False,2022-02-24,,Дороги,Текст,Дата создания,,Направление
481,Дороги,2022-02-24,"Здравствуйте, Александр Дмитриевич, прошу вас разобраться с въездом во двор ул. Верхне-Каменская, д.7 к.1. Двор глухой, заезд и выезд только один, который ни кто не чистит, так как ни администрация приморского района, ни застройщик не признает это своей территорией. На данный момент колея из льда составляет 15 сантиметров, дорога аварийная, а другой дороги просто нет. Время выезда со двора составляет от 10-30 минут. Мы все жители дома очень просим Вас помочь разобраться в этом вопросе.",appeal_000481,"Здравствуйте, Александр Дмитриевич, прошу вас разобраться с въездом во двор ул. Верхне-Каменская, д.7 к.1. Двор глухой, заезд и выезд только один, который ни кто не чистит, так как ни администрация приморского района, ни застройщик не признает это своей территорией. На данный момент колея из льда составляет 15 сантиметров, дорога аварийная, а другой дороги просто нет. Время выезда со двора составляет от 10-30 минут. Мы все жители дома очень просим Вас помочь разобраться в этом вопросе.","Здравствуйте, Александр Дмитриевич, прошу вас разобраться с въездом во двор ул. Верхне-Каменская, д.7 к.1. Двор глухой, заезд и выезд только один, который ни кто не чистит, так как ни администрация приморского района, ни застройщик не признает это своей территорией. На данный момент колея из льда составляет 15 сантиметров, дорога аварийная, а другой дороги просто нет. Время выезда со двора составляет от 10-30 минут. Мы все жители дома очень просим Вас помочь разобраться в этом вопросе.","['здравствуйте', 'александр', 'дмитриевич', 'прошу', 'вас', 'разобраться', 'въездом', 'двор', 'верхне-каменская', '7', '1', 'двор', 'глухой', 'заезд', 'выезд', 'только', 'один', 'который', 'кто', 'чистит', 'так', 'как', 'администрация', 'приморского', 'района', 'застройщик', 'признает', 'это', 'своей', 'территорией', 'данный', 'момент', 'колея', 'льда', 'составляет', '15', 'сантиметров', 'дорога', 'аварийная', 'другой', 'дороги', 'просто', 'нет', 'время', 'выезда', 'двора', 'составляет', '10', '30', 'минут', 'все', 'жители', 'дома', 'очень', 'просим', 'вас', 'помочь', 'разобраться', 'этом', 'вопросе']","['александр', 'дмитриевич', 'разобраться', 'въезд', 'двор', 'верхне-каменский', 'двор', 'глухой', 'заезд', 'выезд', 'один', 'который', 'кто', 'чистить', 'приморский', 'застройщик', 'признать', 'свой', 'территория', 'данный', 'момент', 'колея', 'лёд', 'составлять', 'сантиметр', 'дорога', 'аварийный', 'другой', 'дорога', 'просто', 'время', 'выезд', 'двор', 'составлять', 'минута', 'житель', 'дом', 'очень', 'просить', 'помочь', 'разобраться']",александр дмитриевич разобраться въезд двор верхне-каменский двор глухой заезд выезд один который кто чистить приморский застройщик признать свой территория данный момент колея лёд составлять сантиметр дорога аварийный другой дорога просто время выезд двор составлять минута житель дом очень просить помочь разобраться,490,0.0,False,2022-02-24,из льда составляет 15,Дороги,Текст,Дата создания,,Направление
482,Дворы и территории общего пользования,2022-02-24,"Во дворе корпуса 4 дома по ул Планерная 73, да и в соседних дворах тоже, невозможно проехать, наледь и колея очень высокие, никто не производит уборку начиная с начала этого года. Легковые автомобили не могут проехать, садятся на днище. Пенсионеры не могут пройти. Просьба в кратчайшие сроки очистить проезжую часть внутридворовой территории.",appeal_000482,"Во дворе корпуса 4 дома по ул Планерная 73, да и в соседних дворах тоже, невозможно проехать, наледь и колея очень высокие, никто не производит уборку начиная с начала этого года. Легковые автомобили не могут проехать, садятся на днище. Пенсионеры не могут пройти. Просьба в кратчайшие сроки очистить проезжую часть внутридворовой территории.","Во дворе корпуса 4 дома по ул Планерная 73, да и в соседних дворах тоже, невозможно проехать, наледь и колея очень высокие, никто не производит уборку начиная с начала этого года. Легковые автомобили не могут проехать, садятся на днище. Пенсионеры не могут пройти. Просьба в кратчайшие сроки очистить проезжую часть внутридворовой территории.","['дворе', 'корпуса', '4', 'дома', 'планерная', '73', 'соседних', 'дворах', 'тоже', 'невозможно', 'проехать', 'наледь', 'колея', 'очень', 'высокие', 'никто', 'производит', 'уборку', 'начиная', 'начала', 'этого', 'года', 'легковые', 'автомобили', 'могут', 'проехать', 'садятся', 'днище', 'пенсионеры', 'могут', 'пройти', 'просьба', 'кратчайшие', 'сроки', 'очистить', 'проезжую', 'часть', 'внутридворовой', 'территории']","['двор', 'корпус', 'дом', 'планерный', 'соседний', 'двор', 'тоже', 'невозможно', 'проехать', 'наледь', 'колея', 'очень', 'высокий', 'никто', 'производить', 'уборка', 'начинать', 'начало', 'год', 'легковой', 'автомобиль', 'мочь', 'проехать', 'садиться', 'днище', 'пенсионер', 'мочь', 'пройти', 'просьба', 'краткий', 'срок', 'очистить', 'проезжий', 'часть', 'внутридворовый', 'территория']",двор корпус дом планерный соседний двор тоже невозможно проехать наледь колея очень высокий никто производить уборка начинать начало год легковой автомобиль мочь проехать садиться днище пенсионер мочь пройти просьба краткий срок очистить проезжий часть внутридворовый территория,342,0.2,False,2022-02-24,ул Планерная 73,Дворы и территории общего пользования,Текст,Дата создания,,Направление
483,Дворы и территории общего пользования,2022-02-24,Наледь на проезжей части. Заносит ТС. Риск ДТП по причине не надлежащей уборки. Заранее спасибо,appeal_000483,Наледь на проезжей части. Заносит ТС. Риск ДТП по причине не надлежащей уборки. Заранее спасибо,Наледь на проезжей части. Заносит ТС. Риск ДТП по причине не надлежащей уборки. Заранее спасибо,"['наледь', 'проезжей', 'части', 'заносит', 'риск', 'дтп', 'причине', 'надлежащей', 'уборки', 'заранее', 'спасибо']","['наледь', 'проезжий', 'часть', 'заносить', 'риск', 'дтп', 'причина', 'надлежащий', 'уборка', 'заранее', 'спасибо']",наледь проезжий часть заносить риск дтп причина надлежащий уборка заранее спасибо,95,0.0,False,2022-02-24,,Дворы и территории общего пользования,Текст,Дата создания,,Направление
484,Благоустройство,2022-02-24,Сообщение без текста,appeal_000484,Сообщение без текста,Сообщение без текста,"['сообщение', 'без', 'текста']","['сообщение', 'текст']",сообщение текст,20,0.0,False,2022-02-24,,Благоустройство,Текст,Дата создания,,Направление
485,Дворы и территории общего пользования,2022-02-24,"пос Шушары (тер. Славянка) Ростовская ул 26к2 Во дворе невозможно ездить. Колея все выше и выше. Я уже чиркаю днищем об лед просто двигаясь по двору, не говорю уже о парковке. Звонки в УК и в Благоустройство не дают мне никакого ответа. Либо это не их проблема, либо просто никто не отвечает.",appeal_000485,"пос Шушары (тер. Славянка) Ростовская ул 26к2 Во дворе невозможно ездить. Колея все выше и выше. Я уже чиркаю днищем об лед просто двигаясь по двору, не говорю уже о парковке. Звонки в УК и в Благоустройство не дают мне никакого ответа. Либо это не их проблема, либо просто никто не отвечает.","пос Шушары тер. Славянка Ростовская ул 26к2 Во дворе невозможно ездить. Колея все выше и выше. Я уже чиркаю днищем об лед просто двигаясь по двору, не говорю уже о парковке. Звонки в УК и в Благоустройство не дают мне никакого ответа. Либо это не их проблема, либо просто никто не отвечает.","['пос', 'шушары', 'тер', 'славянка', 'ростовская', '26к', '2', 'дворе', 'невозможно', 'ездить', 'колея', 'все', 'выше', 'выше', 'уже', 'чиркаю', 'днищем', 'лед', 'просто', 'двигаясь', 'двору', 'говорю', 'уже', 'парковке', 'звонки', 'благоустройство', 'дают', 'мне', 'никакого', 'ответа', 'либо', 'это', 'проблема', 'либо', 'просто', 'никто', 'отвечает']","['пос', 'шушара', 'тереть', 'славянка', 'ростовский', '26к', 'двор', 'невозможно', 'ездить', 'колея', 'выше', 'выше', 'чиркать', 'днище', 'лёд', 'просто', 'двигаться', 'двор', 'говорить', 'парковка', 'звонок', 'благоустройство', 'давать', 'никакой', 'либо', 'проблема', 'либо', 'просто', 'никто', 'отвечать']",пос шушара тереть славянка ростовский 26к двор невозможно ездить колея выше выше чиркать днище лёд просто двигаться двор говорить парковка звонок благоустройство давать никакой либо проблема либо просто никто отвечать,290,0.2,False,2022-02-24,Славянка Ростовская ул 26к2,Дворы и территории общего пользования,Текст,Дата создания,,Направление
486,Дворы и территории общего пользования,2022-02-24,"Не убрана проезжая часть возле дома и внутри двора, в итоге образовалась большая колея, не заехать и не припарковать автотранспортное средство",appeal_000486,"Не убрана проезжая часть возле дома и внутри двора, в итоге образовалась большая колея, не заехать и не припарковать автотранспортное средство","Не убрана проезжая часть возле дома и внутри двора, в итоге образовалась большая колея, не заехать и не припарковать автотранспортное средство","['убрана', 'проезжая', 'часть', 'возле', 'дома', 'внутри', 'двора', 'итоге', 'образовалась', 'большая', 'колея', 'заехать', 'припарковать', 'автотранспортное', 'средство']","['убрать', 'проезжать', 'часть', 'возле', 'дом', 'внутри', 'двор', 'итог', 'образоваться', 'больший', 'колея', 'заехать', 'припарковать', 'автотранспортный', 'средство']",убрать проезжать часть возле дом внутри двор итог образоваться больший колея заехать припарковать автотранспортный средство,142,0.0,False,2022-02-24,,Дворы и территории общего пользования,Текст,Дата создания,,Направление
487,Автомобильные дороги,2022-02-24,Большая наледь на дороге и машинам сложно выехать,appeal_000487,Большая наледь на дороге и машинам сложно выехать,Большая наледь на дороге и машинам сложно выехать,"['большая', 'наледь', 'дороге', 'машинам', 'сложно', 'выехать']","['больший', 'наледь', 'дорога', 'машина', 'сложно', 'выехать']",больший наледь дорога машина сложно выехать,49,0.0,False,2022-02-24,,Автомобильные дороги,Текст,Дата создания,,Направление
488,Автомобильные дороги,2022-02-24,Лёд на дороге! Необходимо устранить!,appeal_000488,Лёд на дороге! Необходимо устранить!,Лед на дороге! Необходимо устранить!,"['лед', 'дороге', 'необходимо', 'устранить']","['лёд', 'дорога', 'необходимо', 'устранить']",лёд дорога необходимо устранить,36,0.2,False,2022-02-24,,Автомобильные дороги,Текст,Дата создания,,Направление
489,Дворы и территории общего пользования,2022-02-24,"Глубочайшие выбоины и надолбы изо льда! Глубиной до 40 см! Не знаю как машинам, но для пешеходов катастрофа! Все падают! Требуется очистка мощным грейдером (тяжелым трактором)!",appeal_000489,"Глубочайшие выбоины и надолбы изо льда! Глубиной до 40 см! Не знаю как машинам, но для пешеходов катастрофа! Все падают! Требуется очистка мощным грейдером (тяжелым трактором)!","Глубочайшие выбоины и надолбы изо льда! Глубиной до 40 см! Не знаю как машинам, но для пешеходов катастрофа! Все падают! Требуется очистка мощным грейдером тяжелым трактором !","['глубочайшие', 'выбоины', 'надолбы', 'изо', 'льда', 'глубиной', '40', 'знаю', 'как', 'машинам', 'для', 'пешеходов', 'катастрофа', 'все', 'падают', 'требуется', 'очистка', 'мощным', 'грейдером', 'тяжелым', 'трактором']","['глубокий', 'выбоина', 'надолб', 'лёд', 'глубина', 'знать', 'машина', 'пешеход', 'катастрофа', 'падать', 'требоваться', 'очистка', 'мощный', 'грейдер', 'тяжёлый', 'трактор']",глубокий выбоина надолб лёд глубина знать машина пешеход катастрофа падать требоваться очистка мощный грейдер тяжёлый трактор,175,0.3,False,2022-02-24,Глубиной до 40,Дворы и территории общего пользования,Текст,Дата создания,,Направление
490,Благоустройство,2022-02-24,"Добрый день. Хотелось бы обратить внимание на состояние дорог в ЖК Ладожский парк. Дело в том, что на дорогах ледяная колея, машины невозможно припарковать, постоянно аварийная ситуация. Очень скользко пешеходы и мамы с детскими колясками и детками систематически падают. В одной из очереди жилого комплекса очистили дорогу, а на территории между домами 25/2, 27 и 29 ничего не делали и не делается по сей день.",appeal_000490,"Добрый день. Хотелось бы обратить внимание на состояние дорог в ЖК Ладожский парк. Дело в том, что на дорогах ледяная колея, машины невозможно припарковать, постоянно аварийная ситуация. Очень скользко пешеходы и мамы с детскими колясками и детками систематически падают. В одной из очереди жилого комплекса очистили дорогу, а на территории между домами 25/2, 27 и 29 ничего не делали и не делается по сей день.","Добрый день. Хотелось бы обратить внимание на состояние дорог в ЖК Ладожский парк. Дело в том, что на дорогах ледяная колея, машины невозможно припарковать, постоянно аварийная ситуация. Очень скользко пешеходы и мамы с детскими колясками и детками систематически падают. В одной из очереди жилого комплекса очистили дорогу, а на территории между домами 25/2, 27 и 29 ничего не делали и не делается по сей день.","['добрый', 'день', 'хотелось', 'обратить', 'внимание', 'состояние', 'дорог', 'ладожский', 'парк', 'дело', 'том', 'что', 'дорогах', 'ледяная', 'колея', 'машины', 'невозможно', 'припарковать', 'постоянно', 'аварийная', 'ситуация', 'очень', 'скользко', 'пешеходы', 'мамы', 'детскими', 'колясками', 'детками', 'систематически', 'падают', 'одной', 'очереди', 'жилого', 'комплекса', 'очистили', 'дорогу', 'территории', 'между', 'домами', '25', '2', '27', '29', 'ничего', 'делали', 'делается', 'сей', 'день']","['хотеться', 'обратить', 'внимание', 'состояние', 'дорога', 'ладожский', 'парк', 'дело', 'тот', 'дорога', 'ледяной', 'колея', 'машина', 'невозможно', 'припарковать', 'постоянно', 'аварийный', 'ситуация', 'очень', 'скользко', 'пешеход', 'мама', 'детский', 'коляска', 'ребёночек', 'систематически', 'падать', 'один', 'очередь', 'жилой', 'комплекс', 'очистить', 'дорога', 'территория', 'между', 'дом', 'ничего', 'делать', 'делаться', 'сей']",хотеться обратить внимание состояние дорога ладожский парк дело тот дорога ледяной колея машина невозможно припарковать постоянно аварийный ситуация очень скользко пешеход мама детский коляска ребёночек систематически падать один очередь жилой комплекс очистить дорога территория между дом ничего делать делаться сей,411,0.2,False,2022-02-24,территории между домами 25/2,Благоустройство,Текст,Дата создания,,Направление
491,Благоустройство,2022-02-24,Здравствуйте<br>Переулок декабристов д 8<br>Прилагаю фото,appeal_000491,Здравствуйте<br>Переулок декабристов д 8<br>Прилагаю фото,Здравствуйте Переулок декабристов д 8 Прилагаю фото,"['здравствуйте', 'переулок', 'декабристов', '8', 'прилагаю', 'фото']","['переулок', 'декабрист', 'прилагать', 'фото']",переулок декабрист прилагать фото,51,0.0,False,2022-02-24,Переулок декабристов д 8,Благоустройство,Текст,Дата создания,,Направление
492,Благоустройство,2022-02-24,"с 01.12.2021 - по сегодняшний день (24.02.2022) не производится уборка дворовой територии, а также автомобильных проездов по адресу улица Джона Рида дом 7 корпус 3. На единственном(!!!) проезде к дому образовались огромные колеи, которые заполнены водой по щиколотку, наледь и слежавшийся снег образуют непроходимые брустверы между тротуаром и проездом, а также грязными кучами снега покрыта вся территория двора! После неоднократных обращений в различные ответственные инстанции уборка так и не была произведена. Просим немедленно произвести работы по уборке на указанной территории, из-за заполненного наледью снегом и водой проезда к дому затруднен проезд скорой помощи, пожарной машины, социального такси!",appeal_000492,"с 01.12.2021 - по сегодняшний день (24.02.2022) не производится уборка дворовой територии, а также автомобильных проездов по адресу улица Джона Рида дом 7 корпус 3. На единственном(!!!) проезде к дому образовались огромные колеи, которые заполнены водой по щиколотку, наледь и слежавшийся снег образуют непроходимые брустверы между тротуаром и проездом, а также грязными кучами снега покрыта вся территория двора! После неоднократных обращений в различные ответственные инстанции уборка так и не была произведена. Просим немедленно произвести работы по уборке на указанной территории, из-за заполненного наледью снегом и водой проезда к дому затруднен проезд скорой помощи, пожарной машины, социального такси!","с 01.12.2021 - по сегодняшний день 24.02.2022 не производится уборка дворовой територии, а также автомобильных проездов по адресу улица Джона Рида дом 7 корпус 3. На единственном !!! проезде к дому образовались огромные колеи, которые заполнены водой по щиколотку, наледь и слежавшийся снег образуют непроходимые брустверы между тротуаром и проездом, а также грязными кучами снега покрыта вся территория двора! После неоднократных обращений в различные ответственные инстанции уборка так и не была произведена. Просим немедленно произвести работы по уборке на указанной территории, из-за заполненного наледью снегом и водой проезда к дому затруднен проезд скорой помощи, пожарной машины, социального такси!","['01', '12', '2021', 'сегодняшний', 'день', '24', '02', '2022', 'производится', 'уборка', 'дворовой', 'територии', 'также', 'автомобильных', 'проездов', 'адресу', 'улица', 'джона', 'рида', 'дом', '7', 'корпус', '3', 'единственном', 'проезде', 'дому', 'образовались', 'огромные', 'колеи', 'которые', 'заполнены', 'водой', 'щиколотку', 'наледь', 'слежавшийся', 'снег', 'образуют', 'непроходимые', 'брустверы', 'между', 'тротуаром', 'проездом', 'также', 'грязными', 'кучами', 'снега', 'покрыта', 'вся', 'территория', 'двора', 'после', 'неоднократных', 'обращений', 'различные', 'ответственные', 'инстанции', 'уборка', 'так', 'была', 'произведена', 'просим', 'немедленно', 'произвести', 'работы', 'уборке', 'указанной', 'территории', 'из-за', 'заполненного', 'наледью', 'снегом', 'водой', 'проезда', 'дому', 'затруднен', 'проезд', 'скорой', 'помощи', 'пожарной', 'машины', 'социального', 'такси']","['2021', 'сегодняшний', '2022', 'производиться', 'уборка', 'дворовый', 'територий', 'также', 'автомобильный', 'проезд', 'адрес', 'улица', 'джон', 'рид', 'дом', 'корпус', 'единственный', 'проезд', 'дом', 'образоваться', 'огромный', 'колея', 'который', 'заполнить', 'вода', 'щиколотка', 'наледь', 'слежаться', 'снег', 'образовать', 'непроходимый', 'бруствер', 'между', 'тротуар', 'проезд', 'также', 'грязный', 'куча', 'снег', 'покрыть', 'весь', 'территория', 'двор', 'после', 'неоднократный', 'различный', 'ответственный', 'инстанция', 'уборка', 'произвести', 'просить', 'немедленно', 'произвести', 'работа', 'уборка', 'указанный', 'территория', 'из-за', 'заполнить', 'наледь', 'снег', 'вода', 'проезд', 'дом', 'затруднить', 'проезд', 'скорый', 'помощь', 'пожарный', 'машина', 'социальный', 'такси']",2021 сегодняшний 2022 производиться уборка дворовый територий также автомобильный проезд адрес улица джон рид дом корпус единственный проезд дом образоваться огромный колея который заполнить вода щиколотка наледь слежаться снег образовать непроходимый бруствер между тротуар проезд также грязный куча снег покрыть весь территория двор после неоднократный различный ответственный инстанция уборка произвести просить немедленно произвести работа уборка указанный территория из-за заполнить наледь снег вода проезд дом затруднить проезд скорый помощь пожарный машина социальный такси,706,0.3,True,2022-02-24,улица Джона Рида дом 7,Благоустройство,Текст,Дата создания,,Направление
493,Дороги,2022-02-24,Добрый день! Примите заявку. На трамвайных путях Бухарестской улицы около метро пр. Славы не подойти к светофору,appeal_000493,Добрый день! Примите заявку. На трамвайных путях Бухарестской улицы около метро пр. Славы не подойти к светофору,Добрый день! Примите заявку. На трамвайных путях Бухарестской улицы около метро пр. Славы не подойти к светофору,"['добрый', 'день', 'примите', 'заявку', 'трамвайных', 'путях', 'бухарестской', 'улицы', 'около', 'метро', 'славы', 'подойти', 'светофору']","['принять', 'заявка', 'трамвайный', 'путь', 'бухарестский', 'улица', 'около', 'метро', 'слава', 'подойти', 'светофор']",принять заявка трамвайный путь бухарестский улица около метро слава подойти светофор,112,0.1,False,2022-02-24,,Дороги,Текст,Дата создания,,Направление
494,Дороги,2022-02-24,Здравствуйте<br>21.02.2022 мной была сделана заявка на уборку наледи дорожного покрытия<br>По телефону который вы указали выше +78122423604<br>Заявка номер 424 приняла оператор Торкина Елена Геннадьевна.<br>До сих пор нет реагирования и отработки заявки.,appeal_000494,Здравствуйте<br>21.02.2022 мной была сделана заявка на уборку наледи дорожного покрытия<br>По телефону который вы указали выше +78122423604<br>Заявка номер 424 приняла оператор Торкина Елена Геннадьевна.<br>До сих пор нет реагирования и отработки заявки.,Здравствуйте 21.02.2022 мной была сделана заявка на уборку наледи дорожного покрытия По телефону который вы указали выше 78122423604 Заявка номер 424 приняла оператор Торкина Елена Геннадьевна. До сих пор нет реагирования и отработки заявки.,"['здравствуйте', '21', '02', '2022', 'мной', 'была', 'сделана', 'заявка', 'уборку', 'наледи', 'дорожного', 'покрытия', 'телефону', 'который', 'указали', 'выше', '78122423604', 'заявка', 'номер', '424', 'приняла', 'оператор', 'торкина', 'елена', 'геннадьевна', 'сих', 'пор', 'нет', 'реагирования', 'отработки', 'заявки']","['2022', 'сделать', 'заявка', 'уборка', 'наледь', 'дорожный', 'покрытие', 'телефон', 'который', 'указать', 'выше', '78122423604', 'заявка', 'номер', '424', 'принять', 'оператор', 'торкина', 'елена', 'геннадиевич', 'сей', 'пора', 'реагирование', 'отработка', 'заявка']",2022 сделать заявка уборка наледь дорожный покрытие телефон который указать выше 78122423604 заявка номер 424 принять оператор торкина елена геннадиевич сей пора реагирование отработка заявка,241,0.0,False,2022-02-24,Здравствуйте 21,Дороги,Текст,Дата создания,,Направление
495,Дороги,2022-02-24,"Доброе утро. 10 дней не могу добиться от местной администрации, чтобы привели в порядок внутриквартальных территорию на проспекте Луначарского д. 70 к.1. Она соединяется с Поэтическим бульваром. Я с ребенком- инвалидом хожу в школу по этой дороге. Сначала мы ходили по щиколотку в снежной жиже,а теперь по голому льду. Песка эта дорога не видела всю зиму. Дорога ведёт к двум поликлиникам и двум школам.",appeal_000495,"Доброе утро. 10 дней не могу добиться от местной администрации, чтобы привели в порядок внутриквартальных территорию на проспекте Луначарского д. 70 к.1. Она соединяется с Поэтическим бульваром. Я с ребенком- инвалидом хожу в школу по этой дороге. Сначала мы ходили по щиколотку в снежной жиже,а теперь по голому льду. Песка эта дорога не видела всю зиму. Дорога ведёт к двум поликлиникам и двум школам.","Доброе утро. 10 дней не могу добиться от местной администрации, чтобы привели в порядок внутриквартальных территорию на проспекте Луначарского д. 70 к.1. Она соединяется с Поэтическим бульваром. Я с ребенком- инвалидом хожу в школу по этой дороге. Сначала мы ходили по щиколотку в снежной жиже,а теперь по голому льду. Песка эта дорога не видела всю зиму. Дорога ведет к двум поликлиникам и двум школам.","['доброе', 'утро', '10', 'дней', 'могу', 'добиться', 'местной', 'администрации', 'чтобы', 'привели', 'порядок', 'внутриквартальных', 'территорию', 'проспекте', 'луначарского', '70', '1', 'она', 'соединяется', 'поэтическим', 'бульваром', 'ребенком-', 'инвалидом', 'хожу', 'школу', 'этой', 'дороге', 'сначала', 'ходили', 'щиколотку', 'снежной', 'жиже', 'теперь', 'голому', 'льду', 'песка', 'эта', 'дорога', 'видела', 'всю', 'зиму', 'дорога', 'ведет', 'двум', 'поликлиникам', 'двум', 'школам']","['утро', 'мочь', 'добиться', 'местный', 'чтобы', 'привести', 'порядок', 'внутриквартальный', 'территория', 'проспект', 'луначарский', 'соединяться', 'поэтический', 'бульвар', 'ребенком-', 'инвалид', 'ходить', 'школа', 'дорога', 'сначала', 'ходить', 'щиколотка', 'снежный', 'жидкий', 'голый', 'лёд', 'песок', 'дорога', 'видеть', 'весь', 'зима', 'дорога', 'вести', 'два', 'поликлиника', 'два', 'школа']",утро мочь добиться местный чтобы привести порядок внутриквартальный территория проспект луначарский соединяться поэтический бульвар ребенком- инвалид ходить школа дорога сначала ходить щиколотка снежный жидкий голый лёд песок дорога видеть весь зима дорога вести два поликлиника два школа,403,0.0,False,2022-02-24,,Дороги,Текст,Дата создания,,Направление
496,Дворы и территории общего пользования,2022-02-24,"Добрый день. Требую убрать лед с тратуаров вдоль школы №376 и школы № 544 Московского р-на и дома проезд 5-й Предпортовый д. 6, к.4, так как ОПАСНО везти детей в школы! Втюрин Роман Леонидович 89117453366 проезд 5-й Предпортовый, дом 12, к.1, кв.511",appeal_000496,"Добрый день. Требую убрать лед с тратуаров вдоль школы №376 и школы № 544 Московского р-на и дома проезд 5-й Предпортовый д. 6, к.4, так как ОПАСНО везти детей в школы! Втюрин Роман Леонидович 89117453366 проезд 5-й Предпортовый, дом 12, к.1, кв.511","Добрый день. Требую убрать лед с тратуаров вдоль школы №376 и школы № 544 Московского р-на и дома проезд 5-й Предпортовый д. 6, к.4, так как ОПАСНО везти детей в школы! Втюрин Роман Леонидович 89117453366 проезд 5-й Предпортовый, дом 12, к.1, кв.511","['добрый', 'день', 'требую', 'убрать', 'лед', 'тратуаров', 'вдоль', 'школы', '376', 'школы', '544', 'московского', 'р-на', 'дома', 'проезд', '5', 'предпортовый', '6', '4', 'так', 'как', 'опасно', 'везти', 'детей', 'школы', 'втюрин', 'роман', 'леонидович', '89117453366', 'проезд', '5', 'предпортовый', 'дом', '12', '1', '511']","['требовать', 'убрать', 'лёд', 'тратуар', 'вдоль', 'школа', '376', 'школа', '544', 'московский', 'р-на', 'дом', 'проезд', 'предпортовый', 'опасно', 'везти', 'ребёнок', 'школа', 'втюрин', 'роман', 'леонидович', '89117453366', 'проезд', 'предпортовый', 'дом', '511']",требовать убрать лёд тратуар вдоль школа 376 школа 544 московский р-на дом проезд предпортовый опасно везти ребёнок школа втюрин роман леонидович 89117453366 проезд предпортовый дом 511,249,0.3,True,2022-02-24,дома проезд 5-й,Дворы и территории общего пользования,Текст,Дата создания,,Направление
497,Дороги,2022-02-24,"Администрации города, Администрации Калининского района!!!!<br>Просим Вас воздействовать на бездействие Комитета по благоустройству.<br>Уборка тротуаров на Кондратьевском пр.<br>От дома 13 до дома 17 - непроходимый тротуар, то вода по щиколотку, сейчас сплошной лёд!!!!!!!!!!!",appeal_000497,"Администрации города, Администрации Калининского района!!!!<br>Просим Вас воздействовать на бездействие Комитета по благоустройству.<br>Уборка тротуаров на Кондратьевском пр.<br>От дома 13 до дома 17 - непроходимый тротуар, то вода по щиколотку, сейчас сплошной лёд!!!!!!!!!!!","Администрации города, Администрации Калининского района!!!! Просим Вас воздействовать на бездействие Комитета по благоустройству. Уборка тротуаров на Кондратьевском пр. От дома 13 до дома 17 - непроходимый тротуар, то вода по щиколотку, сейчас сплошной лед!!!!!!!!!!!","['администрации', 'города', 'администрации', 'калининского', 'района', 'просим', 'вас', 'воздействовать', 'бездействие', 'комитета', 'благоустройству', 'уборка', 'тротуаров', 'кондратьевском', 'дома', '13', 'дома', '17', 'непроходимый', 'тротуар', 'вода', 'щиколотку', 'сейчас', 'сплошной', 'лед']","['калининский', 'просить', 'воздействовать', 'бездействие', 'комитет', 'благоустройство', 'уборка', 'тротуар', 'кондратьевский', 'дом', 'дом', 'непроходимый', 'тротуар', 'вода', 'щиколотка', 'сейчас', 'сплошной', 'лёд']",калининский просить воздействовать бездействие комитет благоустройство уборка тротуар кондратьевский дом дом непроходимый тротуар вода щиколотка сейчас сплошной лёд,267,0.5,False,2022-02-24,От дома 13,Дороги,Текст,Дата создания,,Направление
498,Дороги,2022-02-24,"И хочу еще написать о площади МУЖЕСТВА...ТАМ ТОЖЕ КАТОК.ПРАВДА ТОЛЬКО КУСОЧИК У ВХОДА И ВЫХОДА ИЗ МЕТРО УБРАНО.<br>А ДАЛЬШЕ...ЧЬЯ ТЕРИТОРИЯ.<br>МЫ ХОТИМ ХОДИТЬ НОРМАЛЬНО, А НЕ ПЕРЕЖ ВАТЬ ЗА СВОЮ ЖИЗНЬ",appeal_000498,"И хочу еще написать о площади МУЖЕСТВА...ТАМ ТОЖЕ КАТОК.ПРАВДА ТОЛЬКО КУСОЧИК У ВХОДА И ВЫХОДА ИЗ МЕТРО УБРАНО.<br>А ДАЛЬШЕ...ЧЬЯ ТЕРИТОРИЯ.<br>МЫ ХОТИМ ХОДИТЬ НОРМАЛЬНО, А НЕ ПЕРЕЖ ВАТЬ ЗА СВОЮ ЖИЗНЬ","И хочу еще написать о площади МУЖЕСТВА...ТАМ ТОЖЕ КАТОК.ПРАВДА ТОЛЬКО КУСОЧИК У ВХОДА И ВЫХОДА ИЗ МЕТРО УБРАНО. А ДАЛЬШЕ...ЧЬЯ ТЕРИТОРИЯ. МЫ ХОТИМ ХОДИТЬ НОРМАЛЬНО, А НЕ ПЕРЕЖ ВАТЬ ЗА СВОЮ ЖИЗНЬ","['хочу', 'еще', 'написать', 'площади', 'мужества', 'там', 'тоже', 'каток', 'правда', 'только', 'кусочик', 'входа', 'выхода', 'метро', 'убрано', 'дальше', 'чья', 'територия', 'хотим', 'ходить', 'нормально', 'переж', 'вать', 'свою', 'жизнь']","['хотеть', 'написать', 'площадь', 'мужество', 'там', 'тоже', 'каток', 'правда', 'кусочик', 'вход', 'выход', 'метро', 'убрать', 'далёкий', 'чей', 'територий', 'хотеть', 'ходить', 'нормально', 'переж', 'вать', 'свой', 'жизнь']",хотеть написать площадь мужество там тоже каток правда кусочик вход выход метро убрать далёкий чей територий хотеть ходить нормально переж вать свой жизнь,194,0.0,False,2022-02-24,,Дороги,Текст,Дата создания,,Направление
499,Дороги,2022-02-24,Доброе утро. Манчестерская ул от пр Энгельса до пр М Тореза тратуар ВООБЩЕ НЕ УБРАН ХОДИТЬ ПРОСТО ОПАСНО ЭТО ЧТО ВООБЩЕ ТАКОЕ?????!!!!!!! Это только часть фото доржка ТАКАЯ СКОЛЬЗКАЯ ЭТО ПРОСТО ОПАСНО,appeal_000499,Доброе утро. Манчестерская ул от пр Энгельса до пр М Тореза тратуар ВООБЩЕ НЕ УБРАН ХОДИТЬ ПРОСТО ОПАСНО ЭТО ЧТО ВООБЩЕ ТАКОЕ?????!!!!!!! Это только часть фото доржка ТАКАЯ СКОЛЬЗКАЯ ЭТО ПРОСТО ОПАСНО,Доброе утро. Манчестерская ул от пр Энгельса до пр М Тореза тратуар ВООБЩЕ НЕ УБРАН ХОДИТЬ ПРОСТО ОПАСНО ЭТО ЧТО ВООБЩЕ ТАКОЕ?????!!!!!!! Это только часть фото доржка ТАКАЯ СКОЛЬЗКАЯ ЭТО ПРОСТО ОПАСНО,"['доброе', 'утро', 'манчестерская', 'энгельса', 'тореза', 'тратуар', 'вообще', 'убран', 'ходить', 'просто', 'опасно', 'это', 'что', 'вообще', 'такое', 'это', 'только', 'часть', 'фото', 'доржка', 'такая', 'скользкая', 'это', 'просто', 'опасно']","['утро', 'манчестерский', 'энгельс', 'тореза', 'тратуар', 'вообще', 'убрать', 'ходить', 'просто', 'опасно', 'вообще', 'такой', 'часть', 'фото', 'доржка', 'такой', 'скользкий', 'просто', 'опасно']",утро манчестерский энгельс тореза тратуар вообще убрать ходить просто опасно вообще такой часть фото доржка такой скользкий просто опасно,200,0.5,True,2022-02-24,,Дороги,Текст,Дата создания,,Направление
