Проблема,Тип_проблемы,Частота_упоминаний,Количество_субъектов,Количество_действий,Количество_связей,Плотность_подграфа,Важность,Complexity_score,Центральность_степени,Центральность_посредническая
Фото,проблемная_ситуация,394,156,92,394,0.2606,0.22770204101330485,0.896,0.04366636482543516,0.0023646937441301505
Ответ,проблемная_ситуация,521,225,180,521,0.1459,0.3012163806352459,0.889,0.08129590502062582,0.011687250196308958
Автобус,транспорт,342,138,184,342,0.2412,0.19660161818424804,0.886,0.07103330314921018,0.009802056916256588
Мусор,жилищно-коммунальное,360,179,182,360,0.1914,0.20885794437376148,0.883,0.048697052017305564,0.005971039408420754
Дом,другое,486,260,292,486,0.1203,0.2808081454918033,0.881,0.0921621893550659,0.021552731392338077
Район,проблемная_ситуация,630,294,349,630,0.1008,0.36320805528970357,0.881,0.15403964181507193,0.0298599364620324
Год,проблемная_ситуация,647,330,327,647,0.0924,0.3756401436462877,0.879,0.06660629842036422,0.0050736019487415745
Ребёнок,другое,422,230,254,422,0.1347,0.24407765539617488,0.879,0.08703088841935809,0.015125538923523198
Адрес,проблемная_ситуация,364,193,171,364,0.1687,0.21197008354004893,0.877,0.04718784585974444,0.005330808539631218
Спасибо,другое,384,207,229,384,0.146,0.2219649718237705,0.876,0.04406881980078479,0.005550359924854001
Уважение,другое,453,230,246,453,0.1127,0.26101754610655736,0.874,0.047791528322768895,0.0043081743516596195
Ситуация,другое,271,152,124,271,0.2539,0.15699368169398908,0.87,0.09397323674413925,0.017846595379475565
Маршрут,проблемная_ситуация,289,122,160,289,0.2444,0.17069693476775954,0.864,0.04245899989938626,0.005006108715713653
Газон,проблемная_ситуация,253,146,156,253,0.2496,0.1506522074663724,0.863,0.03340376295401952,0.003569940425027555
Br,другое,250,144,183,250,0.2507,0.14504952185792352,0.862,0.45406982593822315,0.06770847179630687
Ремонт,жилищно-коммунальное,288,163,142,288,0.1983,0.17115318254300393,0.861,0.03954120132810142,0.006558398202975765
Двор,проблемная_ситуация,232,132,158,232,0.2646,0.1383077996385834,0.852,0.051011168125565956,0.006350996472826332
Цена,проблемная_ситуация,294,160,166,294,0.1643,0.17183796662058068,0.851,0.06479525103129087,0.01283637079241148
Часть,другое,197,114,140,197,0.3394,0.11432996072404374,0.848,0.02726632457993762,0.0028722285348816634
Транспорт,проблемная_ситуация,206,105,139,206,0.3293,0.12087892314222393,0.844,0.029278599456685785,0.0022823143032542053
Улица,другое,224,136,156,224,0.2475,0.13037312158469946,0.843,0.12425797363919912,0.017093081260511487
Проспект,другое,208,114,138,208,0.3069,0.12034088968579235,0.843,0.030385350638897274,0.0029252622836057865
Заявление,другое,242,131,120,242,0.2396,0.13991621840846996,0.843,0.028574303249823928,0.002514612768307387
День,проблемная_ситуация,231,162,167,231,0.2067,0.13931451006797882,0.841,0.025958345910051313,0.002275413950250378
Помощь,другое,239,139,121,239,0.2213,0.13874562414617486,0.838,0.028574303249823928,0.003382201733912041
Дорога,инфраструктура,203,128,143,203,0.2795,0.12262476594443807,0.837,0.053124056746151525,0.007416353037667787
Территория,проблемная_ситуация,199,117,129,199,0.2805,0.11792421954425594,0.827,0.05574001408592414,0.006836876247026513
Участок,проблемная_ситуация,174,113,126,174,0.3287,0.10408401334406714,0.823,0.024247912264815374,0.002141903857607425
Раз,проблемная_ситуация,210,134,139,210,0.2158,0.12908048100454064,0.82,0.02112888620585572,0.0
Месяц,другое,174,122,123,174,0.268,0.10223040471311474,0.805,0.017607405171546433,0.0005909477245900471
Остановка,инфраструктура,161,90,115,161,0.3658,0.09325157957650274,0.805,0.07576214910956837,0.00901767451312411
Квартира,проблемная_ситуация,173,108,119,173,0.2883,0.10338465252904443,0.802,0.036925243988328804,0.0042757590770577366
Школа,социальное,146,97,100,146,0.3549,0.08846501451502732,0.787,0.03712647147600363,0.006893696412633621
Возможность,проблемная_ситуация,165,122,100,165,0.25,0.10031237192622951,0.784,0.020927658718180905,0.002517835823314806
Пособие,другое,154,73,80,154,0.3925,0.08843034921448088,0.778,0.020323976255156456,0.0017174692199540445
Тротуар,инфраструктура,153,97,99,153,0.3088,0.08929015112704919,0.777,0.026461414629238355,0.0027756614669305255
Порядок,другое,179,128,59,179,0.2328,0.10531420765027322,0.771,0.02062581748666868,0.001872742640097554
Вода,экология,152,88,95,152,0.3149,0.0913742540264596,0.769,0.045879867189858134,0.006428138106788727
Площадка,другое,128,85,99,128,0.3933,0.07492582394125682,0.769,0.07234128181909649,0.007867839734658181
Сад,проблемная_ситуация,130,80,99,130,0.4832,0.07875605439642326,0.769,0.01951906630445719,0.002009965038343035
Песок,проблемная_ситуация,135,76,84,135,0.413,0.08179504537470728,0.765,0.015997585270147902,0.0010429035065544598
Человек,проблемная_ситуация,157,123,128,157,0.2037,0.09534313097677596,0.765,0.04618170842137036,0.008451736896221203
Уборка,жилищно-коммунальное,138,73,81,138,0.4526,0.08339088351927748,0.764,0.03652278901297917,0.0030542414183771845
Магазин,проблемная_ситуация,132,90,103,132,0.3463,0.08031720640020691,0.762,0.02444913975249019,0.0033459701131252424
Информация,проблемная_ситуация,126,89,86,126,0.3753,0.07755567485941671,0.759,0.03571787906227991,0.004605977823136694
Телефон,другое,136,96,91,136,0.3114,0.0799419398907104,0.755,0.01569574403863568,0.0015151462510165957
Проезд,другое,138,94,90,138,0.3059,0.08091764856557378,0.753,0.02062581748666868,0.0014227784242069324
Вид,другое,116,96,79,116,0.3669,0.06901297814207652,0.746,0.014085924137237147,0.001245102915463174
Результат,проблемная_ситуация,120,79,86,120,0.3843,0.07369104883482654,0.745,0.014387765368749372,0.001609917139202081
житель,другое,119,87,89,119,0.3596,0.07012497865437158,0.744,0.04266022738706107,0.007723363744079408
Связь,другое,120,70,80,120,0.4905,0.06967533299180328,0.738,0.018714156353757925,0.0016739327252063394
Обращение,проблемная_ситуация,132,79,101,132,0.3116,0.07973035082068658,0.738,0.015997585270147902,0.0010090359418838415
Документ,другое,124,91,86,124,0.3175,0.07309159409153004,0.737,0.015796357782473087,0.0022673048021214933
Грязь,другое,116,84,90,116,0.3599,0.06830985314207652,0.736,0.018412315122245698,0.0019845996324865645
Нарушение,другое,118,91,81,118,0.3279,0.06981290556693989,0.73,0.014991447831773821,0.0012928972204202017
Покрытие,проблемная_ситуация,127,83,76,127,0.3068,0.0821569251959304,0.723,0.019015997585270148,0.0020095404508830034
Жалоба,другое,118,74,62,118,0.3868,0.0688168118169399,0.723,0.01629942650166013,0.0016583737212433193
Час,другое,121,85,84,121,0.3112,0.07110068732923497,0.723,0.012777945467350841,0.0008965150028971441
Переход,проблемная_ситуация,118,86,87,118,0.307,0.07296821267900885,0.719,0.01831170137840829,0.002750035726159234
Машина,другое,111,86,90,111,0.3205,0.06569480020491804,0.716,0.04447127477613442,0.006435222291322251
Автомобиль,проблемная_ситуация,113,76,80,113,0.3428,0.06995175887978143,0.713,0.017104336452359394,0.0011620170726565106
Окно,проблемная_ситуация,101,74,82,101,0.3695,0.06318573091596694,0.702,0.013884696649562331,0.001611292889559465
Администрация,другое,100,65,81,100,0.5632,0.0584534024931694,0.7,0.09377200925646444,0.010186551282451793
Дерево,экология,102,69,61,102,0.5761,0.05978067366803279,0.696,0.014890834087936412,0.0011997893241544083
Центр,другое,110,81,92,110,0.264,0.06485538336748634,0.688,0.02112888620585572,0.003949259321117203
Средство,проблемная_ситуация,90,69,73,90,0.4015,0.057332885659948346,0.684,0.011771808028976758,0.0008208245896751624
Петербург,проблемная_ситуация,103,56,67,103,0.4223,0.06404301494576299,0.684,0.019317838816782375,0.002078391155819376
Выплата,другое,109,67,58,109,0.353,0.06348862278005464,0.683,0.014186537881074554,0.0010252249151825826
Движение,транспорт,97,67,74,97,0.3676,0.06503935383898243,0.683,0.011469966797464533,0.0008053558671504544
Право,проблемная_ситуация,110,73,58,110,0.3249,0.06955904716058979,0.683,0.011469966797464533,0.0003724494737488601
Момент,другое,91,65,70,91,0.4692,0.053535369706284155,0.68,0.010463829359090453,0.000622733918159668
Поликлиника,социальное,99,67,75,99,0.3521,0.05802414190573771,0.68,0.013582855418050106,0.001655912078459534
Время,другое,89,65,74,89,0.4828,0.052442473531420765,0.679,0.010262601871415635,0.000785394403362208
Карта,другое,96,57,73,96,0.5833,0.05579886014344263,0.677,0.020927658718180905,0.0020210326362881848
Отношение,другое,90,65,69,90,0.58,0.05298892161885246,0.677,0.009658919408391187,0.0008657772837759331
Отсутствие,другое,88,67,68,88,0.5353,0.05201321294398907,0.676,0.011872421772814166,0.0010699132229985934
Отказ,другое,104,57,57,104,0.3905,0.06017044484289617,0.676,0.012274876748163799,0.0008502274655676872
Отопление,жилищно-коммунальное,100,58,59,100,0.4882,0.06312799200588126,0.675,0.013381627930375289,0.0012777115837610308
Действие,другое,87,62,70,87,0.5049,0.051173796106557375,0.669,0.010363215615253043,0.0011586074170815016
Пр,проблемная_ситуация,110,74,69,110,0.2598,0.0731408792913994,0.668,0.016601267733172352,0.001285574159313505
Сторона,другое,85,67,77,85,0.3838,0.050373868681693995,0.668,0.04195593118019922,0.005343708655531512
Запись,проблемная_ситуация,106,61,81,106,0.3049,0.06520141972146326,0.667,0.013482241674212699,0.0012638543534350215
Дверь,проблемная_ситуация,86,63,64,86,0.4373,0.05537344176912569,0.662,0.011168125565952309,0.0008939938649832127
Число,проблемная_ситуация,81,60,67,81,0.6353,0.052255532022265724,0.651,0.011570580541301943,0.0012080281659510475
Рубль,другое,101,72,64,101,0.2655,0.05941000683060109,0.649,0.013381627930375289,0.00165599956848561
Снег,другое,85,59,57,85,0.6119,0.04990511868169399,0.649,0.013582855418050106,0.002138017075488327
Знак,транспорт,87,59,56,87,0.386,0.056355157713700234,0.646,0.011168125565952309,0.0006060516349781103
Подъезд,жилищно-коммунальное,86,69,70,86,0.324,0.05103750426912569,0.646,0.015293289063286045,0.0013253240296618879
Этаж,проблемная_ситуация,77,62,65,77,0.4112,0.05032469984762506,0.646,0.011469966797464533,0.0011645966859313152
Жизнь,проблемная_ситуация,102,68,75,102,0.2415,0.06372207991803279,0.645,0.013079786698863066,0.0011197845347168654
Маршрутка,другое,91,50,57,91,0.6596,0.05265646345628416,0.644,0.028574303249823928,0.002815912577069281
Вход,проблемная_ситуация,87,73,67,87,0.3008,0.05629593929685588,0.643,0.013079786698863066,0.0016419414103645696
Неделя,проблемная_ситуация,78,58,61,78,0.5725,0.05585745389344262,0.639,0.02122949994969313,0.0027558289399815614
Асфальт,инфраструктура,80,55,61,80,0.4279,0.051856536031420764,0.638,0.011973035516651576,0.0011498315230042294
Деньга,другое,83,64,60,83,0.3416,0.049105191256830605,0.634,0.024549753496327598,0.003551878662634383
Освещение,инфраструктура,89,63,48,89,0.3467,0.058575286031420766,0.634,0.009860146896066003,0.00047290461737230753
Здание,проблемная_ситуация,80,70,64,80,0.3232,0.05250490949453552,0.631,0.01167119428513935,0.0012782762652660457
Количество,другое,75,56,60,75,0.424,0.04426485655737705,0.627,0.010262601871415635,0.0006052873363036101
Приём,проблемная_ситуация,87,55,50,87,0.3593,0.05676363985655737,0.623,0.010463829359090453,0.0012853763608259067
Слово,проблемная_ситуация,71,59,63,71,0.385,0.04701675021955503,0.622,0.011771808028976758,0.0014076201756307522
Парковка,инфраструктура,77,49,59,77,0.7955,0.0500323422449523,0.618,0.022336251131904617,0.0017257926057608595
Проход,проблемная_ситуация,79,56,48,79,0.3789,0.052700648907103825,0.615,0.009256464433041553,0.00057484172957298
Минута,проблемная_ситуация,76,52,49,76,0.4962,0.050699378624400576,0.612,0.016400040245497537,0.0013783014321803585
Ограждение,проблемная_ситуация,71,57,49,71,0.5968,0.04826010693724211,0.61,0.009658919408391187,0.0007510132653628039
Лекарство,другое,88,60,69,88,0.2452,0.051603056693989076,0.606,0.013683469161887514,0.0018212650995261127
Житель,проблемная_ситуация,66,52,60,66,0.5464,0.0441124487704918,0.604,0.05865781265720898,0.005842456769628457
Лицо,другое,66,54,57,66,0.4771,0.03922963627049181,0.604,0.00895462320152933,0.0007406067237986177
Т,другое,66,50,59,66,0.5204,0.038995261270491806,0.599,0.007747258275480431,0.00037057591716347233
Ответственность,другое,84,64,32,84,0.3334,0.0496516393442623,0.599,0.00895462320152933,0.000598100812089334
Благоустройство,проблемная_ситуация,65,51,58,65,0.6282,0.04367982072616357,0.596,0.010765670590602676,0.0009140043108331909
Доход,проблемная_ситуация,71,43,56,71,0.4915,0.04667448831479313,0.594,0.00945769192071637,0.0008278643891525592
Безопасность,другое,64,53,50,64,0.5339,0.038078146345628415,0.591,0.007042962068618573,0.00030562928573919497
Очередь,другое,66,50,52,66,0.5371,0.038995261270491806,0.591,0.013683469161887514,0.0014173115231698513
Метро,транспорт,68,50,46,68,0.4204,0.040088157445355196,0.59,0.009658919408391187,0.0007073414946985336
Безобразие,другое,65,51,50,65,0.8251,0.038507406933060116,0.588,0.00996076063990341,0.0006950216527340374
Строительство,другое,66,46,51,66,0.6994,0.038760886270491804,0.584,0.011469966797464533,0.0010319906555571483
Власть,другое,60,51,55,60,0.5603,0.03577516649590164,0.584,0.01056444310292786,0.0011499599065813145
Комитет,другое,62,49,52,62,0.4303,0.03675087517076502,0.58,0.03984304255961364,0.0037191391588125016
Письмо,проблемная_ситуация,68,45,47,68,0.5773,0.04617816741875946,0.58,0.007546030787805615,0.0006317456774617661
Услуга,другое,66,45,49,66,0.6783,0.03870229252049181,0.58,0.014588992856424189,0.001417503310621689
Получение,другое,62,50,51,62,0.3927,0.036809468920765025,0.578,0.006741120837106349,0.0009121519305852249
Пробка,транспорт,62,48,47,62,0.5855,0.03669228142076503,0.575,0.011570580541301943,0.0019417024584903056
Условие,проблемная_ситуация,60,50,47,60,0.6329,0.0420995514693059,0.574,0.006942348324781166,0.00044301813767765394
Понимание,другое,70,46,36,70,0.6896,0.04094667862021858,0.574,0.010463829359090453,0.0010085967801780633
Причина,другое,60,49,47,60,0.5522,0.03565797899590164,0.572,0.010363215615253043,0.0009282564015552306
Препарат,проблемная_ситуация,75,52,61,75,0.27,0.0489485143442623,0.571,0.010966898078277493,0.0011395432634457752
Разрешение,другое,59,49,46,59,0.5106,0.03511153090846995,0.569,0.006238052117919308,0.000545769472143753
Закон,проблемная_ситуация,80,58,53,80,0.2271,0.05277466185302608,0.569,0.01006137438374082,0.0010100428652334453
Замена,проблемная_ситуация,66,47,37,66,0.4463,0.046927588128599915,0.567,0.010765670590602676,0.0009427400207115898
Семья,другое,63,42,49,63,0.4634,0.036887167008196727,0.566,0.04034611127880069,0.0034212963353681793
Билет,другое,63,54,43,63,0.3569,0.037590292008196725,0.566,0.007143575812455982,0.0006994123301933307
Просьба,другое,64,48,37,64,0.7521,0.03778517759562842,0.566,0.040949793741825134,0.003976480186240673
Дорожка,проблемная_ситуация,59,46,47,59,0.4444,0.041318728381874205,0.562,0.011268739309789718,0.0006922827011331021
Площадь,другое,62,47,50,62,0.3594,0.036633687670765025,0.559,0.009860146896066003,0.0009313439486465725
Конец,проблемная_ситуация,57,45,50,57,0.7202,0.03978425973360656,0.559,0.008451554482342288,0.0012009432352297971
Контроль,другое,58,49,40,58,0.7196,0.034565082821038255,0.559,0.007344803300130798,0.0009639585307861677
Сайт,другое,59,44,46,59,0.4707,0.03481856215846995,0.559,0.010665056846765268,0.0008687485775872171
Вечер,другое,56,47,46,56,0.5541,0.03335499914617487,0.558,0.015393902807123454,0.0022560073830935304
Программа,другое,62,42,43,62,0.597,0.03634071892076503,0.556,0.014689606600261597,0.001247001063749002
Выход,проблемная_ситуация,58,41,51,58,0.8502,0.03997868576221473,0.556,0.007445417043968206,0.00033179843329351875
Список,проблемная_ситуация,57,46,43,57,0.5361,0.05477308604174609,0.555,0.006137438374081899,0.0005874001628403241
Расписание,проблемная_ситуация,65,39,41,65,0.778,0.052438428274523524,0.554,0.008250326994667472,0.0007298562856597233
Повод,другое,59,46,37,59,0.6475,0.03493574965846995,0.551,0.008753395713854513,0.0006026210325237119
Аптека,проблемная_ситуация,75,51,48,75,0.2467,0.050221887807377054,0.548,0.010262601871415635,0.0014138080709872652
Оплата,другое,55,44,43,55,0.4348,0.03263276980874317,0.546,0.009357078176878962,0.0008825015749215356
Пыль,другое,55,46,40,55,0.6573,0.03274995730874317,0.546,0.006741120837106349,0.00042242199606281965
Ям,проблемная_ситуация,59,36,46,59,0.7198,0.04087155128890473,0.54,0.020726431230506086,0.001193789879327951
Воронеж,другое,66,37,32,66,0.5064,0.038233542520491805,0.54,0.007042962068618573,0.0004794874967026136
Заявка,проблемная_ситуация,55,43,39,55,0.6218,0.040266483751050866,0.537,0.010665056846765268,0.0006346438838567045
Компания,другое,56,42,34,56,0.6883,0.03306203039617487,0.532,0.025757118422376497,0.0027676327289709764
Образование,другое,53,37,46,53,0.458,0.03112971738387978,0.53,0.007042962068618573,0.0004856111963944909
Основание,проблемная_ситуация,52,39,46,52,0.6282,0.03722219592688287,0.53,0.008049099506992655,0.0009131067200202474
Направление,другое,53,38,41,53,0.6876,0.031188311133879782,0.526,0.008250326994667472,0.0006976805818884218
Дата,другое,52,40,41,52,0.5532,0.030759050546448084,0.526,0.008049099506992655,0.000718598860314761
Забор,другое,57,36,39,57,0.677,0.033256915983606555,0.526,0.008149713250830064,0.0005597341451062066
Май,другое,49,42,40,49,0.4186,0.02923689378415301,0.524,0.00945769192071637,0.0006788458583114652
Путь,проблемная_ситуация,49,40,43,49,0.7079,0.03609645047019952,0.523,0.006439279605594124,0.0006290811555008209
Отписка,другое,50,40,40,50,0.7976,0.0296661543715847,0.522,0.005634369654894859,0.00029722096221438017
Корпус,другое,51,37,43,51,0.7831,0.030036821209016393,0.522,0.006942348324781166,0.0003600842511210517
План,другое,46,42,40,46,0.6694,0.027597549521857924,0.516,0.006238052117919308,0.000497367763979393
Контейнер,проблемная_ситуация,53,37,37,53,0.5833,0.039237825491987885,0.516,0.010363215615253043,0.000898860439462222
Зона,другое,49,38,42,49,0.5505,0.02900251878415301,0.516,0.01559513029479827,0.001144709419276937
Запах,другое,51,35,43,51,0.9244,0.029919633709016395,0.515,0.007646644531643022,0.0005855237009639949
Проверка,другое,52,42,29,52,0.4092,0.030876238046448085,0.514,0.007344803300130798,0.0004700833937870516
Население,проблемная_ситуация,47,38,42,47,0.7281,0.03505247975214676,0.513,0.006238052117919308,0.00046258463557664013
Новость,проблемная_ситуация,65,28,30,65,0.7167,0.047159750683060116,0.513,0.007948485763155247,0.0010672311671960878
Утро,другое,49,40,35,49,0.5634,0.02911970628415301,0.512,0.009558305664553778,0.001342833792316255
Вывоз,другое,47,41,37,47,0.5098,0.02808540385928962,0.51,0.006036824630244492,0.00036945630555636
Качество,другое,49,41,41,49,0.3641,0.02917830003415301,0.509,0.006841734580943757,0.0006628650264624982
Штраф,другое,48,37,38,48,0.6472,0.028397476946721314,0.508,0.006640507093268941,0.0002396820722623901
Комментарий,другое,50,35,36,50,0.9619,0.029373185621584703,0.505,0.005634369654894859,0.000365202514334067
Корп,другое,47,37,37,47,0.5313,0.02785102885928962,0.504,0.004930073448033001,0.00023103227658266312
Уровень,другое,48,33,42,48,0.4759,0.028163101946721315,0.504,0.006841734580943757,0.0010342146619206716
Сахар,другое,49,31,43,49,0.5,0.02859236253415301,0.503,0.008049099506992655,0.0008090486277669838
Торговля,другое,44,39,38,44,0.4096,0.026328872096994537,0.5,0.011168125565952309,0.0007364458277823611
Наличие,другое,44,38,37,44,0.6822,0.02627027834699454,0.498,0.005936210886407083,0.0008304677266510769
Беспредел,другое,49,36,31,49,0.6276,0.02888533128415301,0.497,0.006238052117919308,0.00020377966286174622
График,другое,43,39,36,43,0.7968,0.025782424009562845,0.496,0.006741120837106349,0.000659276336646067
Сообщение,другое,42,37,37,42,0.8741,0.02511878842213115,0.491,0.004728845960358185,0.00024303370625853785
Фотография,другое,47,38,28,47,0.7368,0.02790962260928962,0.491,0.007546030787805615,0.0009491483690076404
Позор,другое,43,36,37,43,0.5413,0.025606642759562846,0.491,0.006439279605594124,0.0007272392910888142
Март,другое,42,36,38,42,0.6674,0.02506019467213115,0.49,0.005835597142569675,0.00069371811123938
Видео,другое,45,33,37,45,0.9635,0.02652375768442623,0.489,0.007143575812455982,0.00017850545820503243
Зимой,другое,44,34,36,44,0.7353,0.026035903346994536,0.488,0.00442700472884596,0.0
Здоровье,другое,45,36,32,45,0.7177,0.02669953893442623,0.488,0.005433142167220043,0.00023771910018158856
Сумма,другое,44,35,38,44,0.3891,0.02609449709699454,0.486,0.01056444310292786,0.001205183735412571
Апрель,другое,43,37,31,43,0.5605,0.025665236509562844,0.484,0.010765670590602676,0.0010540175015671296
Ужас,другое,40,36,37,40,0.5263,0.02396729849726776,0.483,0.006338665861756716,0.0008212021367021706
Обязанность,другое,45,38,26,45,0.6093,0.02681672643442623,0.482,0.004728845960358185,0.0002923831633059948
Требование,другое,44,35,31,44,0.5984,0.02609449709699454,0.482,0.005634369654894859,0.0004975903953524229
Линия,другое,48,31,30,48,0.5635,0.028045914446721314,0.481,0.010262601871415635,0.0007762665663612929
Рука,другое,41,34,36,41,0.9017,0.024396559084699454,0.48,0.005936210886407083,0.0006954556587088827
Лифт,жилищно-коммунальное,43,33,36,43,0.6553,0.04209752817622951,0.48,0.00895462320152933,0.0011475454481242868
Сожаление,другое,41,31,40,41,0.9617,0.024220777834699454,0.478,0.006539893349431533,0.0007542808018103272
Издевательство,другое,43,31,36,43,0.8276,0.025313674009562845,0.478,0.006741120837106349,0.0005877287883836854
Период,другое,40,34,36,40,0.442,0.02385011099726776,0.477,0.005734983398732267,0.00044611120751637947
Ларёк,другое,42,32,36,42,0.7006,0.02482581967213115,0.475,0.007747258275480431,0.0007235912102157543
Бардак,другое,40,33,36,40,0.8663,0.02379151724726776,0.475,0.005131300935707818,0.00034846787017446366
Доступ,проблемная_ситуация,42,34,31,42,0.5151,0.03462042652696986,0.474,0.0046282322165207765,0.00031379470821787237
Справка,другое,42,34,32,42,0.5223,0.02494300717213115,0.474,0.006640507093268941,0.0006345750701933424
Праздник,другое,41,33,35,41,0.482,0.024337965334699455,0.473,0.006439279605594124,0.0006481775610742422
Зарплата,другое,43,34,30,43,0.4082,0.025489455259562845,0.473,0.006841734580943757,0.0007842153830224622
Товар,другое,42,31,34,42,0.6694,0.02476722592213115,0.472,0.005835597142569675,0.0003543878374056442
Пересадка,другое,43,30,35,43,0.7644,0.025255080259562846,0.471,0.007042962068618573,0.0007836858325288748
Стоимость,инфраструктура,40,32,37,40,0.8942,0.023732923497267758,0.471,0.005835597142569675,0.0006365325377552462
Стена,другое,39,34,35,39,0.7799,0.023303662909836063,0.47,0.008451554482342288,0.0008479333830448996
Ук,другое,43,32,30,43,0.7254,0.025372267759562847,0.47,0.006238052117919308,0.000259457380118345
Проект,другое,40,32,34,40,0.6364,0.023732923497267758,0.469,0.006036824630244492,0.0001879655286362712
Квитанция,проблемная_ситуация,41,30,37,41,0.8908,0.03227029219280757,0.469,0.014085924137237147,0.001675210020228289
Трава,другое,41,34,30,41,0.7799,0.024396559084699454,0.468,0.009558305664553778,0.0007650008124616274
Светофор,другое,42,34,27,42,0.4964,0.02494300717213115,0.465,0.00784787201931784,0.00042227085244109854
Продукт,другое,40,31,31,40,0.5312,0.02367432974726776,0.462,0.005734983398732267,0.0005643399049995266
Стекло,другое,42,30,28,42,0.6968,0.02470863217213115,0.459,0.004930073448033001,0.00018421187963122738
Куча,другое,38,33,30,38,0.8841,0.022698621072404373,0.459,0.007948485763155247,0.0013851460734296654
Оборудование,другое,37,30,36,37,0.5356,0.02197639173497268,0.457,0.00442700472884596,0.00019194653071601686
Зима,другое,37,32,31,37,0.9725,0.022093579234972682,0.456,0.008451554482342288,0.0008307569703115531
Статус,другое,41,29,29,41,0.4874,0.024103590334699453,0.456,0.004326390985008552,0.00021887301776409943
Метр,другое,36,32,32,36,0.8703,0.021547131147540984,0.455,0.005332528423382634,0.00027208125724412306
Режим,другое,38,32,30,38,0.8942,0.022640027322404374,0.455,0.004930073448033001,0.00040554848395936004
Начало,другое,36,31,33,36,0.9294,0.021488537397540985,0.454,0.004728845960358185,0.0003472475429151823
Содействие,другое,43,31,23,43,1.0111,0.025313674009562845,0.454,0.0046282322165207765,0.00023025020761304997
Надпись,проблемная_ситуация,45,27,26,45,0.6225,0.03771065672288777,0.453,0.017406177683871617,0.000616094990891074
Жилец,проблемная_ситуация,39,30,29,39,0.5796,0.033414115496042965,0.453,0.026763255860750578,0.002387286093283342
Система,другое,42,26,31,42,0.6954,0.02447425717213115,0.452,0.009155850689204145,0.0007017944362098216
Поддержка,другое,38,28,33,38,0.6798,0.022405652322404372,0.452,0.007042962068618573,0.0005666275836266983
Угол,другое,36,31,32,36,0.9387,0.021488537397540985,0.45,0.005231914679545226,0.0005638982735609286
Народ,другое,38,33,35,38,0.3598,0.022698621072404373,0.45,0.00553375591105745,0.0004420032872333808
М,другое,35,32,31,35,0.7869,0.02100068306010929,0.45,0.0035214810343092867,0.0
Рост,другое,37,29,33,37,0.5271,0.02191779798497268,0.449,0.004829459704195594,0.000527612188869012
Январь,другое,34,32,32,34,0.7169,0.0204542349726776,0.449,0.006439279605594124,0.0005600238688763048
Организация,другое,36,29,33,36,0.58,0.021371349897540984,0.447,0.02505282221551464,0.001906974077678678
Суд,другое,39,30,27,39,0.4207,0.023069287909836065,0.447,0.009357078176878962,0.0007836803145264624
Договор,другое,39,30,26,39,0.614,0.023069287909836065,0.447,0.004930073448033001,0.00029857705861933764
Парк,благоустройство,44,42,39,44,0.2348,0.034196961039302226,0.446,0.010463829359090453,0.0016750838133031398
Ошибка,другое,39,28,28,39,0.7426,0.022952100409836064,0.446,0.004125163497333736,0.00031273324629530315
Перекрёсток,другое,37,31,32,37,0.374,0.02203498548497268,0.445,0.009759533152228595,0.0007213900292628145
Лето,другое,37,29,29,37,1.1759,0.02191779798497268,0.445,0.005835597142569675,0.0003639138897506864
Бюджет,другое,35,30,30,35,0.4828,0.02088349556010929,0.444,0.0046282322165207765,0.0005398444466930453
Отделение,проблемная_ситуация,37,27,31,37,0.8267,0.03147802983981139,0.444,0.005734983398732267,0.0004557784920171439
Пешеход,проблемная_ситуация,40,34,34,40,0.3253,0.032673640409032464,0.443,0.010463829359090453,0.0006943818932953938
Вечером,другое,35,28,31,35,0.9397,0.02076630806010929,0.441,0.0035214810343092867,0.0
Законность,другое,47,29,15,47,0.6759,0.027382278859289618,0.441,0.004930073448033001,5.581419005129464e-05
Долг,другое,37,26,32,37,0.5015,0.02174201673497268,0.44,0.00442700472884596,0.00023871531755053873
Реформа,другое,35,28,32,35,0.922,0.02076630806010929,0.44,0.019418452560619782,0.0018382449051857089
Пункт,другое,35,25,34,35,1.42,0.02059052681010929,0.438,0.004527618472683369,0.0003745886463770069
Опасность,другое,39,31,20,39,0.9657,0.023127881659836064,0.437,0.004527618472683369,0.00021396266247165552
Правительство,проблемная_ситуация,33,28,31,33,0.7451,0.029350831240084613,0.435,0.012174263004326391,0.0012909359625532721
Помещение,другое,34,27,31,34,0.5489,0.0201612662226776,0.435,0.004326390985008552,0.0003789987583938812
Пора,другое,33,28,31,33,0.8424,0.019673411885245903,0.435,0.007948485763155247,0.0005075285227973107
Ожидание,другое,33,27,32,33,0.705,0.019614818135245904,0.434,0.003622094778146695,0.0002226763892105589
Класс,другое,33,28,30,33,0.7143,0.019673411885245903,0.433,0.005131300935707818,0.0005027177191047471
Постановление,другое,41,24,24,41,0.72,0.023810621584699456,0.433,0.005332528423382634,0.00026974963196377586
Улучшение,другое,38,23,28,38,1.4293,0.02211268357240437,0.43,0.004125163497333736,0.00019315281963931568
Содержание,другое,31,29,30,31,0.4586,0.01863910946038251,0.43,0.003622094778146695,0.00021382937616340234
Утром,другое,34,25,29,34,0.8108,0.020044078722677598,0.426,0.0034208672904718785,0.0
Сбор,проблемная_ситуация,32,27,29,32,0.8413,0.029413197634021105,0.426,0.004225777241171144,0.0003564976100319574
Область,другое,31,28,31,31,0.3879,0.018580515710382512,0.425,0.00895462320152933,0.0008651034086700147
Развитие,проблемная_ситуация,31,27,30,31,0.9312,0.028521921960382515,0.425,0.00392393600965892,0.0004183530635256062
Колесо,проблемная_ситуация,38,32,27,38,0.3248,0.03375113843351549,0.423,0.00442700472884596,0.0003133119872750095
Образ,другое,32,27,27,32,0.7354,0.01906837004781421,0.422,0.004829459704195594,0.00045057319667915155
Обещание,другое,33,28,24,33,0.468,0.019673411885245903,0.422,0.003722708521984103,0.00019408402078410463
Материал,другое,31,28,27,31,0.6749,0.018580515710382512,0.422,0.0034208672904718785,0.00013591672203996832
Вариант,другое,32,26,28,32,1.2293,0.019009776297814206,0.421,0.004326390985008552,0.00042280289149819526
Имущество,другое,32,26,28,32,0.8063,0.019009776297814206,0.421,0.004527618472683369,0.0002314556937643606
Июнь,другое,29,28,29,29,0.4507,0.01748761953551913,0.42,0.003722708521984103,0.0004858913404501266
Проведение,другое,32,25,28,32,1.1554,0.018951182547814208,0.419,0.003722708521984103,0.0003014367294467506
Запрос,другое,33,26,25,33,1.3547,0.0195562243852459,0.418,0.0040245497534963275,0.000202375169252816
Труба,проблемная_ситуация,31,27,26,31,0.5146,0.030060383498844052,0.417,0.010866284334440085,0.0009981807704964136
Повышение,другое,31,25,30,31,0.6283,0.018404734460382512,0.417,0.0033202535466344703,4.711280217456426e-06
Коляска,другое,33,28,22,33,0.5283,0.019673411885245903,0.417,0.00442700472884596,0.0002398267859459727
Лужа,другое,30,28,26,30,0.915,0.01803406762295082,0.417,0.00553375591105745,0.00042201842061141714
Питание,другое,32,24,28,32,0.7233,0.01889258879781421,0.416,0.00392393600965892,0.0005783605455170068
Объект,проблемная_ситуация,32,25,26,32,0.8569,0.030489644086275747,0.415,0.005131300935707818,0.0005647134902002061
Должный,другое,31,24,29,31,0.7133,0.018346140710382514,0.415,0.007948485763155247,0.0008696012834862458
Риск,другое,29,27,27,29,0.5238,0.01742902578551913,0.413,0.003823322265821511,0.00031683069485641404
Техника,проблемная_ситуация,30,26,26,30,0.5157,0.02945534166141236,0.412,0.00553375591105745,0.0006201564649215649
Пост,другое,30,27,30,30,0.373,0.01797547387295082,0.412,0.00392393600965892,0.0005357966695865701
Звонок,проблемная_ситуация,30,27,24,30,0.8849,0.03047547387295082,0.41,0.004326390985008552,9.977863796985729e-05
Больница,социальное,30,25,28,30,1.1067,0.01785828637295082,0.41,0.012677331723513431,0.0013564797275164553
Свет,проблемная_ситуация,29,27,25,29,0.5648,0.02942902578551913,0.41,0.0035214810343092867,0.0010842645218628213
Квартал,другое,30,26,25,30,0.8319,0.01791688012295082,0.41,0.004930073448033001,0.0006061880145187968
Ночь,другое,30,23,29,30,0.596,0.01774109887295082,0.409,0.004326390985008552,0.00035492928048143596
Ул.,другое,33,24,23,33,1.32,0.019439036885245904,0.409,0.015997585270147902,0.0012458827352011723
Кабинет,другое,32,21,28,32,0.9372,0.01871680754781421,0.408,0.003823322265821511,0.00010923719520985784
Станция,другое,32,20,29,32,1.2333,0.018658213797814207,0.407,0.009860146896066003,0.0007551499315912728
Устранение,другое,39,24,15,39,0.81,0.022717725409836066,0.407,0.004125163497333736,0.00015423041833964918
Помойка,другое,28,27,24,28,0.5,0.016882577698087434,0.405,0.007546030787805615,0.0002190207117007417
Изменение,другое,28,25,27,28,0.6231,0.016765390198087433,0.405,0.00392393600965892,0.0002658129603189851
Необходимость,инфраструктура,28,24,28,28,0.8167,0.016706796448087435,0.404,0.003119026058959654,0.00019769642622435128
Село,другое,29,26,25,29,0.4969,0.017370432035519127,0.404,0.00503068719187041,0.0005862721070980375
Кусок,другое,31,24,23,31,0.4333,0.018346140710382514,0.403,0.0035214810343092867,0.00021092697413168637
Труд,проблемная_ситуация,29,23,27,29,1.0815,0.028305761896630238,0.403,0.003722708521984103,3.2163728056257904e-05
Шоссе,другое,28,24,27,28,0.8733,0.016706796448087435,0.402,0.005734983398732267,0.0004915880792694411
Туалет,другое,29,26,27,29,0.3746,0.017370432035519127,0.401,0.004125163497333736,0.000588171203844746
Сооружение,проблемная_ситуация,42,19,16,42,0.6901,0.04281410092213115,0.4,0.004728845960358185,9.586570614274271e-05
Продление,другое,29,24,24,29,1.2533,0.01725324453551913,0.399,0.004125163497333736,0.00041190054928904365
Собака,другое,28,24,26,28,0.9312,0.016706796448087435,0.398,0.013281014186537881,0.001393016263484237
Памятник,другое,28,24,26,28,0.6286,0.016706796448087435,0.398,0.004326390985008552,0.00045326452352319153
Страна,другое,27,23,27,27,0.6902,0.016101754610655737,0.397,0.012476104235838616,0.0013912517220228452
Нога,другое,28,24,24,28,0.8833,0.016706796448087435,0.397,0.004728845960358185,0.0003461677092073895
Фасад,другое,45,14,16,45,0.9429,0.02541047643442623,0.395,0.006338665861756716,0.00012929496635499368
Рассмотрение,другое,29,22,24,29,1.4526,0.01713605703551913,0.394,0.0040245497534963275,0.00019052243276176123
Служба,другое,29,23,24,29,0.7451,0.017194650785519128,0.394,0.025153435959352047,0.0016383599201028787
Дворник,другое,27,23,25,27,1.1576,0.016101754610655737,0.393,0.00945769192071637,0.0007780387991851675
Точка,другое,29,24,22,29,0.6123,0.01725324453551913,0.392,0.005433142167220043,0.0004363492593760735
Пенсия,другое,27,25,23,27,0.8017,0.016218942110655738,0.391,0.006841734580943757,0.0006551404183634769
Рождение,другое,28,22,24,28,0.7134,0.016589608948087434,0.391,0.0035214810343092867,0.00022007277068142778
Дождь,другое,29,23,21,29,1.6866,0.017194650785519128,0.39,0.006338665861756716,0.0004991966865776677
Возраст,другое,28,21,25,28,0.7424,0.016531015198087435,0.39,0.004326390985008552,0.00020583683003090594
Подпись,проблемная_ситуация,26,26,21,26,0.5712,0.030016802058938325,0.39,0.0027165710836100213,0.0002920917506102982
Льгота,другое,26,23,26,26,0.4605,0.015555306523224042,0.389,0.00442700472884596,0.00024959402963313585
Смысл,другое,26,23,24,26,0.5127,0.015555306523224042,0.388,0.003823322265821511,0.00042584078640237397
Въезд,другое,28,21,24,28,1.1169,0.016531015198087435,0.388,0.003823322265821511,0.00017496695304369608
Фонд,другое,25,24,24,25,0.9483,0.01506745218579235,0.387,0.0046282322165207765,0.000543426563092591
Глаз,проблемная_ситуация,26,24,22,26,0.88,0.029250263909587678,0.386,0.0029177985712848377,0.00029473958624098704
Урна,благоустройство,28,23,21,28,1.1403,0.030933916983801716,0.385,0.00392393600965892,0.00019487917876308424
Д.,проблемная_ситуация,27,21,24,27,0.4935,0.028484567110655737,0.385,0.006741120837106349,0.0006236670479693425
Свалка,экология,28,21,24,28,1.4786,0.016531015198087435,0.385,0.011872421772814166,0.0006097814479829194
Процесс,проблемная_ситуация,28,27,16,28,1.188,0.035632577698087434,0.384,0.0034208672904718785,0.00021988314160104972
Трубка,другое,30,28,12,30,0.6256,0.01803406762295082,0.384,0.0033202535466344703,0.0002482398209796011
Сеть,проблемная_ситуация,25,22,25,25,0.7451,0.02695026468579235,0.384,0.005231914679545226,0.0004924925122661078
Ночью,другое,25,24,22,25,0.4817,0.01506745218579235,0.383,0.002515343595935205,0.0
Мир,проблемная_ситуация,28,20,24,28,0.4816,0.028972421448087433,0.382,0.006137438374081899,0.00037255688155654837
Люк,другое,27,24,20,27,0.6232,0.01616034836065574,0.382,0.005433142167220043,0.0005410030970382251
Восстановление,другое,28,22,20,28,0.7352,0.016589608948087434,0.382,0.003722708521984103,0.0001638715464139672
Почта,другое,27,23,20,27,0.4547,0.016101754610655737,0.382,0.003622094778146695,0.0003902964830752243
Яма,другое,27,24,20,27,0.8514,0.01616034836065574,0.382,0.014387765368749372,0.000716728885166475
Выполнение,другое,27,20,23,27,1.431,0.015925973360655737,0.38,0.003219639802797062,0.00021325428618151858
Уход,другое,27,22,20,27,1.17,0.01604316086065574,0.379,0.0034208672904718785,0.00010720088163375484
Мост,инфраструктура,27,20,24,27,1.0,0.015925973360655737,0.379,0.005634369654894859,0.0004690789895501064
Соответствие,другое,25,23,21,25,0.8768,0.01500885843579235,0.378,0.0029177985712848377,0.00023374535645424816
Учреждение,другое,25,21,23,25,0.7165,0.01489167093579235,0.377,0.004225777241171144,0.000329383280378964
Конструкция,другое,28,20,20,28,0.6976,0.016472421448087433,0.376,0.010866284334440085,0.000767209752334084
Руководство,другое,27,20,21,27,1.0595,0.015925973360655737,0.376,0.0046282322165207765,0.00021027372130957896
Февраль,другое,24,22,22,24,0.8182,0.014403816598360658,0.375,0.004326390985008552,0.00035679306567439794
Занятие,проблемная_ситуация,25,22,21,25,1.4447,0.029235978971506635,0.375,0.003119026058959654,0.0002615309280080789
Лист,проблемная_ситуация,32,30,29,32,0.2484,0.029588978884021105,0.375,0.004728845960358185,0.0003237576019934281
Орган,другое,28,25,20,28,0.3585,0.016765390198087433,0.375,0.005332528423382634,0.0003092465920173358
Тело,другое,27,21,19,27,0.7359,0.01598456711065574,0.374,0.0028171848274474295,0.00014299978510959433
Трамвай,транспорт,26,24,18,26,1.1341,0.015613900273224042,0.374,0.004225777241171144,0.00035394273470267884
Куст,другое,23,23,22,23,0.6087,0.013915962260928963,0.374,0.003119026058959654,0.00024576554126518355
Полоса,другое,26,22,19,26,0.5889,0.015496712773224043,0.374,0.003622094778146695,0.00022227400577075904
Счёт,другое,25,21,21,25,0.7424,0.01489167093579235,0.373,0.003018412315122246,0.0001883026116373214
Гражданин,другое,26,19,24,26,0.7281,0.015320931523224043,0.373,0.024549753496327598,0.0016375027040463638
Положение,другое,25,21,21,25,0.8398,0.01489167093579235,0.373,0.003018412315122246,0.0001833708572137405
Друг,другое,24,21,22,24,0.8333,0.014345222848360657,0.372,0.004326390985008552,0.0003684069147499366
Итог,другое,25,19,23,25,0.5816,0.014774483435792352,0.371,0.003119026058959654,0.00014335578747555543
Расстояние,другое,24,20,23,24,1.1976,0.014286629098360657,0.371,0.0035214810343092867,0.00022554479418628894
Сутки,другое,24,23,20,24,0.4822,0.014462410348360658,0.37,0.0028171848274474295,0.00014640252517747864
Спб,другое,24,21,21,24,0.855,0.014345222848360657,0.37,0.005634369654894859,0.000509837546510532
Мероприятие,другое,24,22,21,24,0.6667,0.014403816598360658,0.37,0.003219639802797062,0.00022796598605446795
Воздух,экология,25,20,21,25,1.5381,0.01483307718579235,0.37,0.0029177985712848377,9.527437478073658e-05
Домофон,другое,25,24,16,25,0.7933,0.01506745218579235,0.369,0.0033202535466344703,0.0003895457329047938
Операция,другое,24,21,22,24,0.5357,0.014345222848360657,0.369,0.005332528423382634,0.0005818401499364646
Производство,проблемная_ситуация,24,19,23,24,0.7526,0.027271513609230223,0.368,0.003219639802797062,0.0003508494956418782
Земля,другое,26,23,24,26,0.3538,0.015555306523224042,0.367,0.007747258275480431,0.001105104404865013
Павильон,проблемная_ситуация,27,17,21,27,0.8039,0.03003590639637002,0.367,0.00442700472884596,0.00021169695293893193
Сила,другое,24,21,20,24,1.5368,0.014345222848360657,0.367,0.003622094778146695,0.00015612570434316492
Родитель,другое,25,19,21,25,0.7579,0.014774483435792352,0.367,0.009055236945366738,0.0007395972760198192
Деятельность,проблемная_ситуация,30,25,27,30,0.2862,0.02896939748406193,0.367,0.0035214810343092867,0.00035129802411062517
Лет,другое,28,16,21,28,0.7316,0.016238046448087434,0.367,0.0028171848274474295,0.0
Тариф,другое,24,21,20,24,0.4762,0.014345222848360657,0.367,0.0046282322165207765,0.00023486672070739282
Правило,проблемная_ситуация,23,22,19,23,1.1364,0.029646842195139488,0.365,0.003219639802797062,0.00016085325817040877
Камень,проблемная_ситуация,23,19,23,23,0.7684,0.026725065521798527,0.365,0.0035214810343092867,0.00036193486540870987
Р,другое,27,19,17,27,0.6395,0.01586737961065574,0.363,0.0028171848274474295,0.00014289268787127325
Сезон,другое,23,21,19,23,0.5173,0.013798774760928962,0.362,0.003722708521984103,0.0003200868052770457
Насаждение,другое,28,21,13,28,0.9199,0.016531015198087435,0.362,0.0033202535466344703,3.3674146099067146e-05
Имя,другое,27,20,15,27,0.4024,0.015925973360655737,0.361,0.0035214810343092867,0.0002843427072820422
Бездействие,другое,23,19,21,23,0.6816,0.013681587260928963,0.361,0.002414729852097797,5.6516657589821755e-06
Столб,проблемная_ситуация,22,21,20,22,0.4372,0.028252326673497266,0.361,0.003219639802797062,0.00029469805317895893
Размер,другое,22,20,21,22,1.0167,0.013193732923497268,0.36,0.003018412315122246,0.00032652553066586936
Бульвар,другое,21,21,20,21,0.9589,0.012705878586065575,0.358,0.004225777241171144,0.0003218579792158525
Фонарь,другое,25,21,15,25,0.5779,0.01489167093579235,0.358,0.0040245497534963275,0.0002491868497677475
Группа,другое,23,20,20,23,0.8474,0.013740181010928961,0.358,0.018814770097595333,0.0015416919022982908
Ветер,другое,21,21,20,21,0.6883,0.012705878586065575,0.358,0.00442700472884596,0.00029501373142329227
Участие,другое,28,18,15,28,0.5994,0.016355233948087432,0.358,0.0029177985712848377,2.9266679949842925e-06
Норма,другое,23,19,20,23,0.5263,0.013681587260928963,0.358,0.00895462320152933,0.000592630585193302
Температура,другое,22,19,22,22,0.9591,0.01313513917349727,0.357,0.005835597142569675,0.0006338788210769613
Вонь,другое,25,19,18,25,0.693,0.014774483435792352,0.357,0.003823322265821511,0.00024979875923029216
Г.,другое,21,20,21,21,0.7405,0.012647284836065574,0.357,0.003219639802797062,0.00015579256584617436
Приложение,проблемная_ситуация,23,19,19,23,1.1632,0.029471060945139488,0.356,0.003622094778146695,0.00019481834974110655
Осень,другое,22,20,19,22,0.7762,0.013193732923497268,0.356,0.005231914679545226,0.0009777714743551607
Нибудь,другое,24,22,14,24,0.8814,0.014403816598360658,0.355,0.0040245497534963275,0.00019614321739425843
Лестница,другое,22,19,21,22,0.9386,0.01313513917349727,0.355,0.007042962068618573,0.0003944764957172498
Курс,другое,22,19,20,22,1.0632,0.01313513917349727,0.355,0.003722708521984103,0.0003790966238159123
Рецепт,другое,23,19,18,23,0.5184,0.013681587260928963,0.354,0.0028171848274474295,0.00014006938317899658
Пересечение,другое,23,18,19,23,1.1959,0.013622993510928962,0.353,0.00392393600965892,0.00024814248167941936
Скорость,другое,22,18,20,22,1.6374,0.013076545423497269,0.352,0.003119026058959654,3.0595908715781355e-05
Данные,проблемная_ситуация,21,19,20,21,0.4684,0.027588691086065577,0.352,0.002515343595935205,0.00015599327626115246
1,другое,25,19,15,25,0.3974,0.014774483435792352,0.351,0.002615957339772613,4.6064855550433414e-05
Гора,другое,22,19,18,22,0.8342,0.01313513917349727,0.351,0.005131300935707818,0.00021024053842941495
Давление,другое,26,15,18,26,1.5,0.015086556523224043,0.351,0.0027165710836100213,0.00017521443646279771
Жкс,другое,25,16,18,25,1.6066,0.014598702185792352,0.351,0.004225777241171144,7.676278879031141e-05
Крыса,другое,22,20,17,22,1.369,0.013193732923497268,0.351,0.003722708521984103,0.00032857573685494973
Ситуации,другое,32,17,9,32,1.0882,0.018482432547814207,0.35,0.0034208672904718785,0.00010612010843978757
Животное,другое,21,18,19,21,0.5643,0.012530097336065575,0.347,0.0035214810343092867,0.000333089904635128
Отдел,другое,22,17,19,22,1.3856,0.013017951673497268,0.347,0.00442700472884596,0.00017961546254351287
Исполнение,другое,21,18,19,21,1.3275,0.012530097336065575,0.347,0.0023141161082603882,1.9702012272893902e-05
Руб,другое,24,16,17,24,1.0588,0.014052254098360657,0.345,0.0029177985712848377,0.00010960457020878105
Комплекс,другое,21,16,21,21,1.5588,0.012412909836065574,0.345,0.0029177985712848377,0.00016336617828236703
Пор,другое,20,19,18,20,0.9158,0.01204224299863388,0.344,0.0020122748767481637,0.0
Лечение,другое,29,25,24,29,0.2492,0.01731183828551913,0.344,0.003018412315122246,0.0001402369727355623
Ряд,другое,21,17,20,21,0.8787,0.012471503586065575,0.343,0.003119026058959654,0.0002419067373267025
Губернатор,другое,20,19,18,20,0.8421,0.01204224299863388,0.341,0.030989033101921724,0.0024343745524576165
Поступление,другое,21,17,18,21,0.7059,0.012471503586065575,0.341,0.002414729852097797,0.00021579745093611887
Цвет,другое,20,17,19,20,1.1667,0.01192505549863388,0.341,0.002615957339772613,7.646662151385494e-05
Отход,другое,19,18,19,19,0.6462,0.011437201161202186,0.34,0.00392393600965892,0.00025801436697397366
Обеспечение,другое,19,18,19,19,0.7456,0.011437201161202186,0.34,0.0023141161082603882,0.00032383111934020163
Увеличение,другое,21,17,17,21,1.6993,0.012471503586065575,0.339,0.00221350236442298,1.2681209258093247e-07
Использование,проблемная_ситуация,21,17,17,21,0.951,0.030118562409594984,0.339,0.0028171848274474295,0.0002082035166638969
Краска,другое,20,17,18,20,0.5261,0.01192505549863388,0.338,0.0029177985712848377,0.0002189243033866234
Налог,другое,22,19,13,22,0.7763,0.01313513917349727,0.338,0.002515343595935205,0.0001051539482865653
Жильё,другое,21,21,18,21,0.3571,0.012705878586065575,0.337,0.002112888620585572,0.0
Бак,проблемная_ситуация,21,16,19,21,2.5667,0.028202383520276098,0.337,0.003018412315122246,0.00013282794155245915
Речь,другое,23,19,12,23,0.3947,0.013681587260928963,0.336,0.003622094778146695,0.00023383410926695205
Слой,проблемная_ситуация,19,19,17,19,1.0585,0.0291428537347316,0.336,0.002615957339772613,0.00036553028932823463
Выезд,другое,20,18,17,20,1.0948,0.01198364924863388,0.336,0.003622094778146695,0.00029512931813149504
Весна,другое,22,15,17,22,1.275,0.012900764173497269,0.336,0.0046282322165207765,0.00030802576416300064
Название,другое,19,17,18,19,1.4346,0.011378607411202186,0.335,0.0020122748767481637,0.0001422845846287097
Голова,другое,19,17,18,19,0.5588,0.011378607411202186,0.335,0.002615957339772613,0.0001564752104497089
Ограничение,другое,19,17,18,19,0.4248,0.011378607411202186,0.335,0.003018412315122246,0.0006533041836326625
Салон,другое,22,12,20,22,1.6538,0.01272498292349727,0.333,0.002515343595935205,9.096397053280304e-06
Врач,другое,20,18,16,20,0.6111,0.01198364924863388,0.333,0.05201730556394003,0.004019641364724563
Объявление,другое,19,16,18,19,0.511,0.011320013661202187,0.332,0.00442700472884596,0.0005137023362751135
Декабрь,другое,19,16,18,19,1.2978,0.011320013661202187,0.332,0.002414729852097797,0.00011675297960837688
Распоряжение,другое,19,18,15,19,0.5088,0.011437201161202186,0.331,0.002414729852097797,0.0002575497881468007
Пример,другое,20,17,15,20,0.4641,0.01192505549863388,0.331,0.003018412315122246,0.0003170713410080943
Паспорт,другое,20,14,19,20,1.6048,0.01174927424863388,0.331,0.0023141161082603882,8.585858773458058e-05
Госуслуга,другое,19,18,15,19,0.7544,0.011437201161202186,0.331,0.002515343595935205,0.000314067467618168
Мест,другое,19,16,17,19,1.4963,0.011320013661202187,0.33,0.0019116611329107556,0.0
Обслуживание,другое,19,16,17,19,1.6618,0.011320013661202187,0.33,0.0023141161082603882,9.11090402122737e-05
Соц,другое,20,16,16,20,1.1728,0.011866461748633879,0.33,0.0023141161082603882,8.114176061620061e-05
Здравоохранение,другое,19,16,17,19,0.8897,0.011320013661202187,0.33,0.00945769192071637,0.0006627820061692421
Принятие,проблемная_ситуация,20,15,17,20,1.9875,0.02945492682216329,0.33,0.0023141161082603882,5.770531024491364e-06
Отключение,другое,19,15,18,19,1.7625,0.011261419911202187,0.329,0.002414729852097797,8.474060981333308e-05
Вещь,другое,19,15,18,19,1.3292,0.011261419911202187,0.329,0.0028171848274474295,3.5627587353801185e-05
Предоставление,проблемная_ситуация,18,16,18,18,0.7316,0.027440232240437158,0.329,0.002515343595935205,0.00012981645102840843
Собрание,другое,19,15,18,19,1.1125,0.011261419911202187,0.329,0.002515343595935205,0.00013541909069374097
Пара,другое,18,18,17,18,0.683,0.010890753073770493,0.329,0.003622094778146695,0.0003379535128778784
Талон,другое,23,17,19,23,0.3431,0.013564399760928962,0.328,0.003219639802797062,0.00022720095835555121
Повреждение,другое,19,18,14,19,0.7573,0.011437201161202186,0.328,0.004125163497333736,0.00015761920043643894
Травма,другое,19,18,14,19,0.9181,0.011437201161202186,0.328,0.0029177985712848377,0.0002554185288479757
Водоснабжение,жилищно-коммунальное,23,14,14,23,0.9286,0.034817189939500386,0.328,0.002414729852097797,2.222175708316163e-05
Предложение,другое,23,12,16,23,0.9808,0.013271431010928963,0.327,0.0033202535466344703,0.00016069855253174624
Интерес,проблемная_ситуация,18,16,17,18,0.9338,0.028420624397299903,0.326,0.0018110473890733474,0.0
Счётчик,проблемная_ситуация,19,16,17,19,1.2708,0.0289670724847316,0.326,0.0033202535466344703,0.00022199946538096617
Посещение,другое,17,17,16,17,0.9935,0.010285711236338799,0.324,0.0018110473890733474,1.4983133451102101e-06
Контракт,другое,18,16,16,18,1.4559,0.010773565573770492,0.324,0.00221350236442298,1.1307233420860828e-05
Часы,другое,17,16,17,17,1.3824,0.0102271174863388,0.323,0.0035214810343092867,9.495094344409832e-05
Меры,другое,28,17,4,28,0.9118,0.016296640198087433,0.323,0.0028171848274474295,0.0
Пространство,другое,17,16,17,17,0.4632,0.0102271174863388,0.323,0.002414729852097797,0.00011911964047177925
Неудобство,другое,19,17,13,19,0.7778,0.011378607411202186,0.322,0.0020122748767481637,7.434518823094756e-05
Ветка,другое,18,18,14,18,0.4902,0.010890753073770493,0.322,0.004125163497333736,0.0002610998673671741
Замечание,другое,19,17,13,19,0.4379,0.011378607411202186,0.322,0.002112888620585572,0.00014341963668022866
Подтверждение,другое,19,16,14,19,0.8713,0.011320013661202187,0.322,0.002414729852097797,0.00027085585196585645
Сквер,благоустройство,18,15,16,18,1.9625,0.010714971823770493,0.321,0.005734983398732267,0.00031181396197498185
Оформление,другое,18,15,16,18,1.2875,0.010714971823770493,0.321,0.002112888620585572,8.873450340039457e-05
Пакет,другое,18,17,16,18,0.3856,0.010832159323770492,0.321,0.00221350236442298,8.034608059894454e-05
Желание,другое,17,16,16,17,1.4301,0.0102271174863388,0.321,0.0020122748767481637,4.27519074597255e-05
Гос,проблемная_ситуация,17,16,16,17,0.6618,0.0289771174863388,0.321,0.0020122748767481637,0.00017219715138547785
Анализ,другое,17,16,16,17,0.7132,0.0102271174863388,0.321,0.002112888620585572,0.0001531309520929556
Регистрация,другое,18,15,17,18,1.7952,0.010714971823770493,0.32,0.007445417043968206,0.0007619694302646837
Скамейка,благоустройство,18,15,17,18,2.3571,0.010714971823770493,0.32,0.0035214810343092867,0.00014795531003158216
Каток,другое,17,15,17,17,2.1208,0.0101685237363388,0.32,0.002615957339772613,0.0002728894839639985
Течение,другое,17,16,16,17,0.3971,0.0102271174863388,0.319,0.0023141161082603882,0.0002324785186667346
Году,другое,21,14,13,21,1.6381,0.012295722336065575,0.319,0.002112888620585572,0.0
Комната,другое,18,15,15,18,0.4917,0.010714971823770493,0.318,0.003823322265821511,0.0002862503725990644
Минимум,другое,18,13,17,18,0.956,0.010597784323770492,0.317,0.0018110473890733474,0.0
‍,другое,16,16,16,16,0.9375,0.009680669398907105,0.317,0.001609819901398531,0.0
Угроза,другое,21,15,11,21,1.5542,0.012354316086065575,0.317,0.007344803300130798,0.0004907687872954185
Рейс,проблемная_ситуация,17,15,16,17,3.5292,0.028918523736338797,0.317,0.0019116611329107556,8.111863154262683e-05
Полотно,другое,19,14,14,19,1.119,0.011202826161202186,0.315,0.0029177985712848377,3.100681516197026e-05
Ключ,проблемная_ситуация,17,16,14,17,1.0993,0.031655688914910225,0.315,0.0019116611329107556,7.589848912530367e-05
Парка,благоустройство,19,14,15,19,0.9451,0.011202826161202186,0.315,0.004225777241171144,0.0002614278238190492
Платёж,другое,18,15,15,18,0.9048,0.010714971823770493,0.315,0.003119026058959654,0.00016665661704878845
Установка,другое,20,18,16,20,0.3421,0.01198364924863388,0.314,0.006439279605594124,0.0003951055688904132
Батарея,другое,16,15,16,16,1.3625,0.009622075648907104,0.314,0.002414729852097797,0.00013541853025281287
Забота,другое,16,15,16,16,0.925,0.009622075648907104,0.314,0.0023141161082603882,0.00013356065583312567
Сотрудник,другое,17,14,16,17,0.6286,0.010109929986338799,0.314,0.0306871918704095,0.0023032418163808194
Доступность,другое,20,14,12,20,2.419,0.01174927424863388,0.313,0.003119026058959654,0.00012609045382042217
Маска,другое,18,15,13,18,0.6833,0.010714971823770493,0.313,0.00221350236442298,3.492866512840054e-06
Лёд,другое,16,15,15,16,1.9667,0.009622075648907104,0.312,0.003219639802797062,0.00011881018339068256
Июль,другое,16,15,15,16,0.6375,0.009622075648907104,0.312,0.002112888620585572,0.00015503266539200326
Поездка,другое,16,15,15,16,1.5042,0.009622075648907104,0.312,0.004125163497333736,0.00037427952497443186
Инвалид,социальное,16,16,14,16,0.5809,0.009680669398907105,0.312,0.009055236945366738,0.0007481167164625159
Поток,другое,16,15,15,16,0.7042,0.009622075648907104,0.312,0.0020122748767481637,8.234942975345803e-05
Флаг,другое,17,15,14,17,0.8458,0.0101685237363388,0.312,0.0018110473890733474,3.187820314454537e-06
Работу,другое,20,12,14,20,1.9423,0.01163208674863388,0.312,0.0020122748767481637,0.0
Ситуацию,другое,20,11,15,20,1.1136,0.01157349299863388,0.311,0.0020122748767481637,0.0
Контакт,другое,17,13,16,17,0.7967,0.010051336236338798,0.311,0.0020122748767481637,4.949549093729131e-06
Садик,другое,18,13,16,18,0.8397,0.010597784323770492,0.311,0.006439279605594124,0.000925298652502397
Жк,другое,16,15,16,16,1.3,0.009622075648907104,0.311,0.005332528423382634,0.0004149918792837173
Кровь,проблемная_ситуация,20,13,12,20,0.989,0.036690680498633874,0.31,0.002112888620585572,4.6064855550433414e-05
Отпуск,другое,18,14,13,18,1.2476,0.010656378073770493,0.31,0.002112888620585572,2.3379150119410418e-06
Петергоф,другое,16,15,14,16,0.875,0.009622075648907104,0.309,0.002414729852097797,0.00027116756076601414
Справедливость,другое,20,12,13,20,1.6603,0.01163208674863388,0.309,0.002515343595935205,7.536630955077905e-05
Язык,другое,16,15,14,16,1.2,0.009622075648907104,0.309,0.0020122748767481637,0.0002820474313082262
Пользование,другое,15,15,15,15,1.5875,0.00907562756147541,0.308,0.002112888620585572,9.003023096259062e-05
Способ,другое,16,13,16,16,1.5989,0.009504888148907103,0.308,0.002414729852097797,0.00029541619183441294
Трактор,другое,15,15,15,15,0.8333,0.00907562756147541,0.308,0.002414729852097797,0.00011511954614803968
Сын,другое,17,12,17,17,0.6288,0.0099927424863388,0.307,0.013784082905724922,0.0007872554463126264
Ущерб,другое,16,16,12,16,0.875,0.009680669398907105,0.307,0.001609819901398531,0.0
Проблему,другое,24,11,9,24,2.697,0.013759285348360658,0.307,0.002414729852097797,0.0
Авария,транспорт,15,15,14,15,1.3167,0.00907562756147541,0.306,0.002414729852097797,0.00019731511752915507
Круг,другое,15,15,14,15,2.15,0.00907562756147541,0.306,0.0019116611329107556,2.534713194277323e-05
Сертификат,другое,17,13,15,17,1.3077,0.010051336236338798,0.305,0.002112888620585572,5.132320691420512e-05
Совесть,другое,16,14,15,16,0.7857,0.009563481898907104,0.305,0.002615957339772613,0.00017591152971960022
Ранний,другое,15,14,15,15,0.9286,0.00901703381147541,0.305,0.002414729852097797,2.9435742871241134e-05
Качели,проблемная_ситуация,16,12,16,16,1.641,0.028196294398907105,0.304,0.003018412315122246,0.00026693926199542167
Смесь,другое,17,13,13,17,1.1538,0.010051336236338798,0.303,0.00221350236442298,1.8557743126317415e-05
Картина,другое,15,15,13,15,0.7625,0.00907562756147541,0.303,0.003219639802797062,0.0007225653683815547
Застройка,другое,19,11,13,19,1.7727,0.011027044911202186,0.303,0.0023141161082603882,2.554398641507261e-05
Боль,другое,15,14,14,15,0.4143,0.00901703381147541,0.302,0.0020122748767481637,8.565394569763948e-05
Проживание,проблемная_ситуация,15,13,15,15,0.7088,0.02895844006147541,0.302,0.0018110473890733474,7.66897259437031e-05
Многое,другое,15,14,14,15,0.7429,0.00901703381147541,0.302,0.0017104336452359392,8.740037499414396e-05
Водитель,другое,16,12,16,16,1.803,0.009446294398907104,0.301,0.03169332930878358,0.002411159803419438
Мин,другое,16,16,10,16,0.989,0.009680669398907105,0.301,0.001609819901398531,0.0
Воз,другое,15,15,14,15,0.3875,0.00907562756147541,0.301,0.0020122748767481637,0.00024050233250392177
Интервал,другое,16,13,13,16,1.489,0.009504888148907103,0.3,0.0027165710836100213,0.00014027315730675175
Запрет,другое,16,12,14,16,0.9231,0.009446294398907104,0.299,0.001609819901398531,0.0
Кустарник,другое,15,13,14,15,2.3681,0.00895844006147541,0.299,0.0023141161082603882,8.909656096427559e-05
Протяжение,другое,14,14,14,14,0.8381,0.008470585724043717,0.299,0.003018412315122246,0.00025144700232608363
Троллейбус,транспорт,16,13,14,16,1.3654,0.009504888148907103,0.299,0.002615957339772613,3.787848549069002e-06
Состав,другое,16,12,14,16,2.2051,0.009446294398907104,0.299,0.0018110473890733474,8.59722175998528e-05
Пол,другое,14,14,14,14,1.0571,0.008470585724043717,0.299,0.001609819901398531,7.582602408827673e-05
Прям,другое,14,14,14,14,1.1524,0.008470585724043717,0.299,0.0014085924137237148,0.0
Поставка,другое,16,13,14,16,1.1218,0.009504888148907103,0.299,0.004326390985008552,0.0004023321188858663
Этап,другое,18,16,15,18,0.3419,0.010773565573770492,0.299,0.002515343595935205,0.0002831427156177754
Карман,другое,18,13,16,18,0.3571,0.010597784323770492,0.298,0.0028171848274474295,0.00020973186617042117
Назначение,другое,16,11,15,16,1.0833,0.009387700648907104,0.298,0.002414729852097797,0.00015291629960874863
Такси,транспорт,17,14,10,17,1.781,0.010109929986338799,0.298,0.002414729852097797,0.0001096731854088455
Согласование,другое,15,14,13,15,1.0604,0.00901703381147541,0.297,0.0018110473890733474,7.703304181263072e-05
Провод,другое,17,12,12,17,0.5705,0.0099927424863388,0.297,0.00221350236442298,0.00011329780069643835
Смочь,другое,16,13,12,16,1.2418,0.009504888148907103,0.297,0.00221350236442298,8.770023530745727e-05
Половина,проблемная_ситуация,14,14,14,14,1.1209,0.029899157152615142,0.296,0.004527618472683369,0.00037409946955602646
Собственность,другое,17,17,15,17,0.3333,0.010285711236338799,0.296,0.00221350236442298,0.0001644377870828042
Столица,другое,15,13,14,15,1.0833,0.00895844006147541,0.296,0.004125163497333736,0.0005281590283740883
Передвижение,транспорт,14,13,14,14,0.8242,0.008411991974043716,0.296,0.001509206157561123,4.3631901866776913e-05
Битком,другое,15,12,14,15,2.9038,0.008899846311475411,0.296,0.001509206157561123,0.0
Кв.,другое,16,12,13,16,1.5192,0.009446294398907104,0.296,0.003823322265821511,0.000246078542849367
Норматив,другое,14,14,12,14,0.5762,0.008470585724043717,0.294,0.0020122748767481637,0.0002396274998217562
Нахождение,другое,19,11,10,19,0.6061,0.011027044911202186,0.294,0.00221350236442298,3.899365617575884e-05
Война,другое,15,13,12,15,0.5385,0.00895844006147541,0.294,0.0023141161082603882,5.475993290305752e-05
Впечатление,другое,15,14,11,15,1.5,0.00901703381147541,0.294,0.002515343595935205,0.00023468834180232943
Другой,другое,15,12,13,15,1.2115,0.008899846311475411,0.293,0.002112888620585572,0.00019679051433895263
Заезд,другое,14,13,13,14,0.7637,0.008411991974043716,0.293,0.0023141161082603882,0.00021300000607655771
Толк,другое,14,13,13,14,2.3626,0.008411991974043716,0.293,0.002414729852097797,0.00011345122915397631
Финансирование,другое,14,13,13,14,0.7088,0.008411991974043716,0.293,0.001609819901398531,0.00014570446694984248
Мама,другое,14,12,14,14,1.4615,0.008353398224043717,0.293,0.017104336452359394,0.001876255596851102
Заведение,другое,14,13,13,14,0.5275,0.008411991974043716,0.293,0.0017104336452359392,0.0001632304575158931
Форма,другое,14,12,14,14,0.4872,0.008353398224043717,0.293,0.003722708521984103,0.00030371185145132564
Детей,другое,17,9,14,17,1.1556,0.009816961236338798,0.292,0.0017104336452359392,0.0
Сколько,другое,15,13,11,15,1.489,0.00895844006147541,0.291,0.0017104336452359392,0.0003564710924476005
Инстанция,другое,14,14,11,14,1.1286,0.008470585724043717,0.291,0.007646644531643022,0.0005750251932795747
Поле,другое,13,13,13,13,0.8846,0.00786554388661202,0.29,0.0019116611329107556,0.00012430564177230507
Продажа,другое,13,13,13,13,1.3352,0.00786554388661202,0.29,0.003219639802797062,0.0001533509849691748
Подход,проблемная_ситуация,13,13,13,13,1.1648,0.0309424669635351,0.29,0.0023141161082603882,3.6940085725787656e-05
Удобство,другое,14,12,13,14,0.8654,0.008353398224043717,0.29,0.0019116611329107556,2.1798050910738357e-05
Склад,другое,13,13,13,13,0.4341,0.00786554388661202,0.29,0.001509206157561123,8.239643869974157e-05
Мочь,другое,14,12,13,14,0.7564,0.008353398224043717,0.29,0.001609819901398531,1.9716766773207935e-06
Эутирокс,другое,15,13,12,15,0.4038,0.00895844006147541,0.29,0.002112888620585572,3.1312904214584224e-05
Борщевик,другое,15,13,12,15,1.5641,0.00895844006147541,0.29,0.003622094778146695,0.00026677989589660205
Снос,другое,14,13,12,14,2.1648,0.008411991974043716,0.29,0.001609819901398531,0.00011854581503001997
Мать,другое,14,12,13,14,1.4679,0.008353398224043717,0.29,0.007445417043968206,0.00048676063987646196
Ул,другое,14,12,13,14,1.0064,0.008353398224043717,0.29,0.00392393600965892,0.0003270163830275274
Дочь,другое,15,11,14,15,1.2364,0.00884125256147541,0.289,0.005131300935707818,0.0002932852331891819
Чиновник,другое,15,11,14,15,1.3455,0.00884125256147541,0.289,0.01448837911258678,0.0013686107547959377
Прокуратура,другое,26,24,19,26,0.165,0.015613900273224042,0.289,0.014085924137237147,0.0010993524367145127
Аналог,проблемная_ситуация,13,12,13,13,0.7821,0.0308838732135351,0.287,0.0018110473890733474,0.00024856195647785954
Микрорайон,другое,13,12,13,13,1.0192,0.007806950136612021,0.287,0.003119026058959654,0.0001506737162816043
Ноль,другое,14,12,12,14,2.0321,0.008353398224043717,0.287,0.0017104336452359392,8.888082537238293e-06
Элемент,проблемная_ситуация,16,13,12,16,0.3736,0.0345048881489071,0.287,0.0029177985712848377,6.773710366999966e-05
Вызов,другое,13,12,13,13,1.5833,0.007806950136612021,0.287,0.0014085924137237148,7.293692991493068e-05
Обследование,другое,13,12,13,13,0.5897,0.007806950136612021,0.287,0.0017104336452359392,8.403737096652621e-05
Обед,другое,13,13,13,13,0.8397,0.00786554388661202,0.287,0.001509206157561123,0.00019470318450293624
Пропасть,другое,13,12,13,13,1.4295,0.007806950136612021,0.287,0.001609819901398531,2.0780773198469546e-06
Код,проблемная_ситуация,13,13,12,13,0.4286,0.03286554388661202,0.287,0.001609819901398531,0.0001974635395270106
Концерт,другое,13,12,13,13,1.2821,0.007806950136612021,0.287,0.0020122748767481637,0.0002905708048704738
Предмет,другое,14,11,13,14,1.4621,0.008294804474043717,0.286,0.0019116611329107556,0.00014428440910331668
Напор,другое,14,11,13,14,0.5303,0.008294804474043717,0.286,0.0017104336452359392,7.668190586239134e-05
Подорожник,другое,15,10,13,15,1.7,0.00878265881147541,0.286,0.00553375591105745,0.00021593730365204738
Законодательство,другое,15,14,8,15,0.7,0.00901703381147541,0.285,0.0018110473890733474,0.00040785511438558086
Чистота,другое,14,14,9,14,1.4143,0.008470585724043717,0.285,0.001609819901398531,4.989661121575633e-05
Тест,другое,13,13,12,13,0.5128,0.00786554388661202,0.284,0.001509206157561123,5.652126483759809e-06
Реакция,другое,13,12,12,13,1.2179,0.007806950136612021,0.284,0.00503068719187041,0.00039489524296368355
Подача,другое,13,12,12,13,0.9167,0.007806950136612021,0.284,0.00442700472884596,0.00018886800339198908
Мешок,другое,13,13,11,13,1.2473,0.00786554388661202,0.284,0.0020122748767481637,0.00012561877664436343
Сохранение,другое,13,12,12,13,1.0641,0.007806950136612021,0.284,0.0013079786698863066,0.0
Пандус,проблемная_ситуация,14,11,12,14,1.6212,0.03329480447404372,0.284,0.0017104336452359392,7.452354065749687e-05
Халатность,другое,14,12,11,14,0.6026,0.008353398224043717,0.284,0.001509206157561123,0.0001441308066490297
Тироксин,проблемная_ситуация,15,10,12,15,0.8364,0.03378265881147541,0.284,0.0020122748767481637,0.000167190347120785
Пассажир,другое,14,11,12,14,1.0076,0.008294804474043717,0.284,0.011570580541301943,0.0007416151885220782
Душа,другое,13,11,13,13,1.1439,0.0077483563866120216,0.283,0.0017104336452359392,1.502987108459947e-05
Тип,другое,13,11,13,13,1.6667,0.0077483563866120216,0.283,0.001609819901398531,0.0001928107848099584
Хлеб,другое,13,11,13,13,1.2121,0.0077483563866120216,0.283,0.0018110473890733474,0.0002588384919846601
Горожанин,другое,13,12,13,13,0.5227,0.007806950136612021,0.283,0.004527618472683369,0.00040638987840329384
Координата,другое,21,9,6,21,0.4556,0.012002753586065576,0.282,0.002112888620585572,0.0
2,другое,16,14,14,16,0.3381,0.009563481898907104,0.282,0.001609819901398531,0.0
Упаковка,другое,13,12,11,13,1.0,0.007806950136612021,0.281,0.002112888620585572,0.0001403864454257494
Табличка,другое,15,10,11,15,2.7636,0.00878265881147541,0.281,0.0020122748767481637,5.2991147576107504e-05
Смена,другое,15,11,11,15,2.3545,0.00884125256147541,0.281,0.003622094778146695,0.0006962378036358425
Государство,другое,13,12,11,13,2.0833,0.007806950136612021,0.281,0.003018412315122246,0.00017677217231995245
Км,другое,13,12,12,13,1.303,0.007806950136612021,0.28,0.0017104336452359392,0.00011010505179187751
Многий,другое,12,12,12,12,0.5769,0.0072605020491803285,0.28,0.001509206157561123,2.4884587633109596e-05
Частность,другое,13,11,12,13,1.2121,0.0077483563866120216,0.28,0.0020122748767481637,0.00018440093240671074
Муж,другое,13,11,13,13,1.4909,0.0077483563866120216,0.28,0.027568165811449843,0.001948500692336201
Открытие,другое,13,11,12,13,1.0985,0.0077483563866120216,0.28,0.002112888620585572,0.00018920395272316215
Т.ч,другое,12,12,12,12,1.1474,0.0072605020491803285,0.28,0.0012073649260488984,0.0
Ребёночек,другое,12,12,12,12,0.9679,0.0072605020491803285,0.28,0.0014085924137237148,0.00011716333241301796
Санкция,другое,12,12,12,12,2.2564,0.0072605020491803285,0.28,0.002615957339772613,0.0002811287048255994
Очистка,другое,13,11,12,13,1.8561,0.0077483563866120216,0.28,0.0029177985712848377,7.477522708225064e-05
Расселение,другое,15,8,13,15,1.5417,0.00866547131147541,0.279,0.0018110473890733474,7.187887008632946e-07
Поведение,другое,12,12,11,12,0.7244,0.0072605020491803285,0.278,0.0013079786698863066,0.0001770372083974669
Беда,другое,12,12,11,12,0.9103,0.0072605020491803285,0.278,0.0020122748767481637,0.00021911468819209943
Велосипед,другое,12,12,11,12,0.5128,0.0072605020491803285,0.278,0.0017104336452359392,2.5502392969645394e-05
Поиск,другое,12,12,11,12,1.1538,0.0072605020491803285,0.278,0.0013079786698863066,4.4056108806856086e-07
Благодарность,другое,13,12,10,13,0.9808,0.007806950136612021,0.278,0.0013079786698863066,0.0
Мина,другое,13,12,10,13,1.0192,0.007806950136612021,0.278,0.002112888620585572,0.0002912708963384577
Переулок,проблемная_ситуация,12,11,12,12,0.6742,0.03220190829918033,0.277,0.0029177985712848377,0.0005087490684453543
Надоесть,другое,12,11,12,12,0.5152,0.007201908299180329,0.277,0.0017104336452359392,5.6945633436634686e-05
Сведение,другое,13,11,10,13,2.1439,0.0077483563866120216,0.275,0.001509206157561123,8.204143829220374e-06
Пенсионер,социальное,16,15,12,16,0.3333,0.009622075648907104,0.275,0.013381627930375289,0.0010075323971164294
Нос,другое,14,10,10,14,3.0091,0.008236210724043716,0.275,0.001609819901398531,2.4163418161724366e-06
Показание,другое,13,11,10,13,0.75,0.0077483563866120216,0.275,0.0014085924137237148,7.16759505551382e-05
Страница,другое,12,11,11,12,1.8485,0.007201908299180329,0.274,0.00221350236442298,0.0003503213718592535
Кг,другое,13,10,11,13,0.7455,0.007689762636612021,0.274,0.001509206157561123,0.00019034971417858154
Замок,другое,13,11,11,13,0.9545,0.0077483563866120216,0.274,0.0020122748767481637,5.045184767779668e-05
Сентябрь,другое,12,10,12,12,0.9273,0.007143314549180328,0.274,0.002112888620585572,0.0001769149646289301
Схема,другое,12,11,11,12,1.7348,0.007201908299180329,0.274,0.002615957339772613,0.0003187857034512047
Растение,проблемная_ситуация,12,11,12,12,0.5636,0.03220190829918033,0.274,0.001509206157561123,2.460726318941962e-06
Подвал,другое,12,11,11,12,1.5909,0.007201908299180329,0.274,0.0014085924137237148,0.00014768387256921368
Обязательство,другое,13,11,9,13,2.2652,0.0077483563866120216,0.272,0.0013079786698863066,0.0
Уведомление,другое,12,12,9,12,1.4359,0.0072605020491803285,0.272,0.0013079786698863066,2.442713446245841e-07
Электричество,жилищно-коммунальное,11,11,11,11,2.0,0.0066554602117486344,0.271,0.00221350236442298,0.00030482597197522854
Стадион,социальное,11,11,11,11,0.447,0.0066554602117486344,0.271,0.0019116611329107556,0.0001245910227550068
Разговор,другое,11,11,11,11,0.5758,0.0066554602117486344,0.271,0.0018110473890733474,0.00031311098696922284
Уничтожение,другое,11,11,11,11,2.5682,0.0066554602117486344,0.271,0.0020122748767481637,0.00021974380198488806
Испытание,другое,11,11,11,11,1.7045,0.0066554602117486344,0.271,0.001509206157561123,8.812907287122957e-05
Бумага,другое,11,11,11,11,0.9091,0.0066554602117486344,0.271,0.0023141161082603882,0.0004297222191656597
Щит,проблемная_ситуация,11,11,11,11,0.4773,0.06120091475720318,0.271,0.001609819901398531,7.353573125565769e-05
Щебень,другое,11,11,11,11,0.9697,0.0066554602117486344,0.271,0.00110675118221149,0.0
Рублей,другое,14,9,10,14,2.4667,0.008177616974043716,0.271,0.0014085924137237148,0.0
Начисление,другое,12,10,11,12,1.1455,0.007143314549180328,0.271,0.0019116611329107556,2.10919515179723e-05
Задолженность,другое,11,11,11,11,0.7727,0.0066554602117486344,0.271,0.001609819901398531,1.0571212591447155e-05
Мнение,другое,21,16,17,21,0.2316,0.012412909836065574,0.271,0.0028171848274474295,0.00022857123873306834
Дыра,другое,13,10,10,13,1.2091,0.007689762636612021,0.271,0.004225777241171144,6.162570361807016e-05
Разъяснение,другое,13,10,10,13,3.8909,0.007689762636612021,0.271,0.001509206157561123,3.08309768162464e-05
Претензия,другое,12,11,10,12,2.2197,0.007201908299180329,0.271,0.0018110473890733474,0.00011432495796603016
Реклама,другое,13,11,10,13,0.8545,0.0077483563866120216,0.271,0.006439279605594124,0.0002836887934403525
Отмена,другое,12,11,10,12,1.6364,0.007201908299180329,0.271,0.002615957339772613,0.0002534562640885393
Капремонт,жилищно-коммунальное,11,11,11,11,0.6288,0.0066554602117486344,0.271,0.003219639802797062,0.00027179311598373395
Лес,проблемная_ситуация,11,11,11,11,0.6515,0.0339281874844759,0.271,0.001509206157561123,8.12486061450875e-05
Позорище,другое,11,11,11,11,0.9697,0.0066554602117486344,0.271,0.0014085924137237148,0.00014622549040456444
Карточка,другое,11,11,11,11,0.5909,0.0066554602117486344,0.271,0.0020122748767481637,0.00021064367896427588
Питер,другое,11,11,11,11,1.1364,0.0066554602117486344,0.271,0.002414729852097797,0.0003770548004056032
Скидка,другое,11,11,11,11,1.303,0.0066554602117486344,0.271,0.00442700472884596,0.00023290201922722157
Портал,другое,12,10,11,12,1.8182,0.007143314549180328,0.271,0.006640507093268941,0.00023320531681078114
Провал,другое,20,17,13,20,0.2549,0.01192505549863388,0.27,0.003622094778146695,0.0001098311074928557
Пачка,другое,12,10,12,12,0.9778,0.007143314549180328,0.27,0.0020122748767481637,0.00015733319785007381
Завод,другое,12,12,12,12,0.3788,0.0072605020491803285,0.269,0.0028171848274474295,0.00037373236433923645
Учёт,другое,14,11,7,14,0.5303,0.008294804474043717,0.269,0.001509206157561123,0.0001426156482175905
Текст,другое,12,11,12,12,0.3788,0.007201908299180329,0.269,0.0012073649260488984,0.0
Регион,другое,12,11,12,12,0.3788,0.007201908299180329,0.269,0.0014085924137237148,0.00010343331698365448
Препятствие,другое,11,11,10,11,0.7955,0.0066554602117486344,0.268,0.0014085924137237148,0.00010817617692457276
Значение,проблемная_ситуация,12,10,10,12,1.4636,0.03714331454918033,0.268,0.0012073649260488984,0.0
Газ,другое,12,10,10,12,0.9727,0.007143314549180328,0.268,0.0014085924137237148,1.3997976964847136e-05
Президент,другое,12,10,10,12,1.3545,0.007143314549180328,0.268,0.01629942650166013,0.001294992618241219
Коррозия,другое,19,10,7,19,0.3636,0.010968451161202186,0.268,0.0029177985712848377,0.00017556952132309714
Согласие,проблемная_ситуация,12,10,10,12,2.6545,0.03714331454918033,0.268,0.001509206157561123,7.98724586479694e-06
Километр,другое,12,10,10,12,2.4182,0.007143314549180328,0.268,0.001609819901398531,7.468431479405285e-05
Наледь,другое,12,10,10,12,2.2182,0.007143314549180328,0.268,0.0019116611329107556,5.2168199234851374e-05
Совет,другое,17,15,17,17,0.2625,0.0101685237363388,0.267,0.003219639802797062,0.00020878981127768115
Выдача,другое,13,8,11,13,4.8056,0.007572575136612022,0.267,0.0018110473890733474,0.00010150495389601174
Тишина,другое,12,9,11,12,3.6333,0.007084720799180329,0.267,0.001609819901398531,5.1621366802363574e-05
Млн,другое,11,10,11,11,0.4727,0.006596866461748634,0.267,0.00110675118221149,0.0
Кошмар,другое,11,10,11,11,1.4182,0.006596866461748634,0.267,0.0018110473890733474,0.00010768877323403907
Встреча,другое,11,10,11,11,0.6273,0.006596866461748634,0.267,0.002112888620585572,0.00020787934883345017
Тепло,другое,11,10,11,11,2.9273,0.006596866461748634,0.267,0.0012073649260488984,3.230866952423982e-06
Основа,другое,11,10,11,11,0.4091,0.006596866461748634,0.267,0.003219639802797062,9.943840857995999e-05
Развод,другое,11,10,11,11,2.6,0.006596866461748634,0.267,0.0013079786698863066,4.695247789830683e-05
Наказание,другое,11,10,11,11,1.7,0.006596866461748634,0.267,0.0013079786698863066,7.46433586461229e-05
Акт,другое,12,9,11,12,1.7111,0.007084720799180329,0.267,0.0013079786698863066,0.00021353601688282967
Лента,другое,12,9,11,12,2.6667,0.007084720799180329,0.267,0.00503068719187041,0.00034682247902193225
Песочница,другое,13,8,12,13,2.3393,0.007572575136612022,0.266,0.006036824630244492,0.0004999878455855207
Канал,другое,11,11,9,11,1.5606,0.0066554602117486344,0.265,0.00392393600965892,0.0002593568484323854
Граффити,другое,11,11,9,11,1.1136,0.0066554602117486344,0.265,0.003119026058959654,0.00013591627741267264
Последствие,другое,11,11,9,11,1.7576,0.0066554602117486344,0.265,0.0013079786698863066,4.688311696577913e-05
Пожар,безопасность,11,11,9,11,0.6136,0.0066554602117486344,0.265,0.0013079786698863066,3.6914826548798954e-06
Пятёрочка,другое,11,10,10,11,1.3091,0.006596866461748634,0.264,0.003622094778146695,0.0003867154283880919
Беглов,другое,11,10,10,11,0.7909,0.006596866461748634,0.264,0.0028171848274474295,9.519698117884618e-05
Принцип,проблемная_ситуация,11,10,10,11,0.9364,0.03659686646174863,0.264,0.001509206157561123,9.912938814247343e-06
Продукция,другое,11,9,11,11,1.7667,0.006538272711748634,0.264,0.0020122748767481637,0.00011739806528133375
Субботник,другое,11,10,10,11,3.1364,0.006596866461748634,0.264,0.0018110473890733474,0.00014550271333461823
Осмотр,другое,11,10,10,11,1.0364,0.006596866461748634,0.264,0.0014085924137237148,0.0003574621893132393
\n,другое,20,6,5,20,1.881,0.01128052424863388,0.264,0.00221350236442298,8.436444840108263e-05
Спец,другое,11,10,10,11,0.4,0.006596866461748634,0.264,0.0014085924137237148,0.00014605109108376793
Шок,другое,11,10,10,11,0.6273,0.006596866461748634,0.264,0.001509206157561123,0.00018523390947466914
Перевод,другое,11,9,11,11,1.1,0.006538272711748634,0.264,0.001509206157561123,1.1658894215969054e-05
Указание,другое,12,8,11,12,2.5417,0.007026127049180328,0.264,0.001509206157561123,2.1238233203713483e-06
Появление,другое,13,10,10,13,0.3818,0.007689762636612021,0.264,0.0014085924137237148,1.7094261010083706e-06
Мед,другое,11,9,11,11,0.7111,0.006538272711748634,0.264,0.00110675118221149,0.0
Соблюдение,другое,11,10,10,11,0.5727,0.006596866461748634,0.264,0.00110675118221149,0.0
Доска,другое,11,11,10,11,0.3864,0.0066554602117486344,0.263,0.0014085924137237148,0.0003763399122370027
Инсулин,другое,11,10,9,11,2.8636,0.006596866461748634,0.262,0.001609819901398531,8.280001840972376e-05
Домовладение,другое,25,3,3,25,13.0,0.01383698343579235,0.262,0.002615957339772613,9.410986553050841e-07
Строение,другое,11,9,10,11,0.6444,0.006538272711748634,0.261,0.0018110473890733474,0.0001465805578006318
Оказание,другое,11,9,10,11,1.9111,0.006538272711748634,0.261,0.0012073649260488984,6.321985747847152e-06
Исключение,другое,10,10,10,10,0.9545,0.0060504183743169395,0.261,0.0010061374383740819,0.0
Кладбище,другое,10,10,10,10,0.6545,0.0060504183743169395,0.261,0.001509206157561123,1.3173739395628435e-05
Поколение,другое,10,10,10,10,0.4273,0.0060504183743169395,0.261,0.0012073649260488984,7.586552470315054e-05
Посёлок,другое,10,10,10,10,0.9636,0.0060504183743169395,0.261,0.0013079786698863066,8.117860995074917e-06
Мат,другое,10,10,10,10,0.8091,0.0060504183743169395,0.261,0.0010061374383740819,0.0
Воспитатель,другое,18,6,6,18,0.9048,0.010187628073770492,0.261,0.003219639802797062,0.00016843798466747962
Ценник,другое,10,10,10,10,1.5909,0.0060504183743169395,0.261,0.001609819901398531,0.00022894744077748666
Край,другое,10,10,10,10,1.4091,0.0060504183743169395,0.261,0.001609819901398531,1.6375593185321322e-05
Украине,другое,19,5,6,19,2.3667,0.010675482411202187,0.261,0.0019116611329107556,0.0
Голосование,другое,10,10,10,10,1.8455,0.0060504183743169395,0.261,0.0012073649260488984,7.17240100662742e-05
Одежда,другое,10,10,10,10,1.7091,0.0060504183743169395,0.261,0.0028171848274474295,0.0001288746785196533
Ящик,другое,10,10,10,10,1.9545,0.0060504183743169395,0.261,0.0018110473890733474,0.0001171489060522434
Приказ,другое,10,10,10,10,0.5455,0.0060504183743169395,0.261,0.0012073649260488984,7.645009917494206e-05
Большинство,другое,10,10,10,10,2.1636,0.0060504183743169395,0.261,0.0027165710836100213,0.0001644635157534778
Кольцо,другое,10,10,10,10,2.2636,0.0060504183743169395,0.261,0.001509206157561123,7.889168526543492e-05
Мусорк,жилищно-коммунальное,10,10,10,10,0.9091,0.0060504183743169395,0.261,0.0013079786698863066,6.000483126893318e-05
Перерасчёт,другое,12,11,6,12,0.8712,0.007201908299180329,0.259,0.0013079786698863066,1.983926449365968e-06
Хлам,другое,10,10,9,10,1.1909,0.0060504183743169395,0.258,0.0010061374383740819,0.0
Расход,другое,10,9,10,10,1.0222,0.00599182462431694,0.258,0.0013079786698863066,9.62829441958195e-07
Дача,другое,10,9,10,10,0.7,0.00599182462431694,0.258,0.0012073649260488984,0.0001429000290667999
Крышка,другое,13,9,8,13,1.5,0.0076311688866120215,0.258,0.002112888620585572,9.484915645843037e-05
Вложение,другое,10,10,9,10,1.5909,0.0060504183743169395,0.258,0.0013079786698863066,4.053250892799536e-06
Затор,другое,16,6,7,16,3.7143,0.009094731898907103,0.258,0.002615957339772613,6.949785844122907e-05
Скриншот,другое,10,10,9,10,1.0636,0.0060504183743169395,0.258,0.0010061374383740819,0.0
Вывод,другое,11,10,8,11,1.2273,0.006596866461748634,0.258,0.00110675118221149,0.0
Усиление,другое,11,9,9,11,2.0778,0.006538272711748634,0.258,0.0014085924137237148,0.00013677051466375213
Защита,другое,10,9,10,10,1.3556,0.00599182462431694,0.258,0.005634369654894859,0.0002889871094583862
Беспокойство,другое,13,8,8,13,3.5,0.007572575136612022,0.258,0.001609819901398531,0.00024315684410037
Недостаток,другое,13,9,8,13,0.3889,0.0076311688866120215,0.257,0.0013079786698863066,0.0
Характер,другое,16,10,9,16,0.3455,0.009329106898907103,0.257,0.001609819901398531,0.0
Среда,проблемная_ситуация,11,11,8,11,0.3864,0.08165546021174863,0.257,0.0019116611329107556,7.468062880243802e-06
Жительство,другое,10,9,9,10,3.2222,0.00599182462431694,0.255,0.0017104336452359392,0.00010723816945173779
Авто,другое,10,9,9,10,3.5111,0.00599182462431694,0.255,0.00110675118221149,7.179431209744259e-05
Палец,другое,14,7,7,14,1.7857,0.008060429474043717,0.255,0.0014085924137237148,0.0
Красота,другое,10,9,9,10,0.4444,0.00599182462431694,0.255,0.001609819901398531,0.0001574471555222744
Мороз,другое,10,9,9,10,0.7,0.00599182462431694,0.255,0.0012073649260488984,0.00013090976949138987
Колодец,другое,14,7,7,14,0.6071,0.008060429474043717,0.255,0.0029177985712848377,7.77174791608515e-05
Комиссия,другое,10,10,9,10,1.0667,0.0060504183743169395,0.255,0.005231914679545226,0.000561740337057348
Далёкий,другое,10,9,9,10,2.3889,0.00599182462431694,0.255,0.001509206157561123,1.243679247859355e-05
Избежание,другое,10,9,9,10,0.9333,0.00599182462431694,0.255,0.0010061374383740819,0.0
Ворота,другое,10,9,9,10,0.9444,0.00599182462431694,0.255,0.001509206157561123,0.0002285827541581176
Энгельс,другое,11,9,8,11,2.8222,0.006538272711748634,0.255,0.002515343595935205,4.600553006910138e-05
Банк,другое,10,9,9,10,1.0667,0.00599182462431694,0.255,0.002414729852097797,0.0002368663817316697
Аргумент,другое,25,2,2,25,4.1667,0.01377838968579235,0.254,0.004125163497333736,5.6058647212307074e-05
Разметка,проблемная_ситуация,12,8,9,12,0.8929,0.04035946038251366,0.254,0.0046282322165207765,0.0002265618756815753
Команда,другое,10,9,10,10,2.1389,0.00599182462431694,0.254,0.002112888620585572,0.0003571859746451795
Источник,другое,10,8,10,10,1.3056,0.0059332308743169394,0.254,0.00221350236442298,0.0002396057478981476
Александр,другое,10,9,10,10,3.2083,0.00599182462431694,0.254,0.15001509206157562,0.010967379952649792
Года,другое,11,6,11,11,3.9286,0.006362491461748635,0.253,0.00110675118221149,0.0
Полгода,проблемная_ситуация,10,9,8,10,1.2778,0.04349182462431694,0.252,0.0010061374383740819,0.0
Баланс,другое,10,9,8,10,1.3889,0.00599182462431694,0.252,0.0013079786698863066,0.00012911279044188558
Голос,другое,9,9,9,9,1.8,0.005445376536885246,0.251,0.0014085924137237148,3.717251588982289e-05
Секция,другое,9,9,9,9,0.8222,0.005445376536885246,0.251,0.003722708521984103,0.00026056093027354506
Структура,другое,9,9,9,9,0.7444,0.005445376536885246,0.251,0.0019116611329107556,0.0005067734954775052
Вакцина,другое,9,9,9,9,2.3333,0.005445376536885246,0.251,0.00110675118221149,8.592015972763773e-06
Разрушение,другое,9,9,9,9,1.0556,0.005445376536885246,0.251,0.002414729852097797,0.00014892184939483205
Разница,другое,9,9,9,9,1.0889,0.005445376536885246,0.251,0.0027165710836100213,0.000254753657031743
Управление,другое,9,9,9,9,2.7444,0.005445376536885246,0.251,0.0020122748767481637,0.0001356431487205082
Путин,другое,9,9,9,9,1.4889,0.005445376536885246,0.251,0.003219639802797062,0.00014871417461798797
Объём,проблемная_ситуация,9,9,9,9,1.4889,0.03877870987021858,0.251,0.0012073649260488984,6.3785248837284125e-06
Небо,другое,9,9,9,9,0.7333,0.005445376536885246,0.251,0.0012073649260488984,0.00012570246757680946
Снижение,другое,9,9,9,9,0.4778,0.005445376536885246,0.251,0.0014085924137237148,0.00022323074227710213
Ноябрь,другое,9,9,9,9,0.4444,0.005445376536885246,0.251,0.0013079786698863066,0.00030997741496438953
Округ,другое,9,9,9,9,3.7889,0.005445376536885246,0.251,0.0019116611329107556,5.361735333189001e-05
Крыша,жилищно-коммунальное,9,9,9,9,4.1778,0.005445376536885246,0.251,0.004326390985008552,0.00020217586291978423
Хозяйство,другое,9,9,9,9,3.1,0.005445376536885246,0.251,0.0014085924137237148,2.4242666451037914e-05
Функция,другое,9,9,9,9,2.0889,0.005445376536885246,0.251,0.00221350236442298,9.604984654161791e-05
Кругом,другое,9,9,9,9,0.6,0.005445376536885246,0.251,0.0009055236945366737,0.0
Минут,другое,10,8,9,10,1.7917,0.0059332308743169394,0.251,0.0010061374383740819,0.0
Предприятие,другое,9,9,9,9,1.3667,0.005445376536885246,0.251,0.0019116611329107556,0.0002314212777614222
Создание,другое,10,9,9,10,1.6806,0.00599182462431694,0.251,0.0014085924137237148,2.2259978358271957e-06
Погода,другое,9,9,9,9,1.2222,0.005445376536885246,0.251,0.003722708521984103,0.00040217239168230466
Неделю,другое,9,9,9,9,2.0222,0.005445376536885246,0.251,0.0009055236945366737,0.0
Переезд,другое,9,9,9,9,0.4444,0.005445376536885246,0.251,0.0013079786698863066,5.137114938629037e-05
Грунт,другое,11,8,9,11,1.7143,0.006479678961748635,0.251,0.0019116611329107556,7.279031165703836e-05
Процент,другое,10,8,10,10,0.5357,0.0059332308743169394,0.25,0.001609819901398531,7.60212489125223e-05
Сигнал,другое,10,7,10,10,0.7857,0.00587463712431694,0.25,0.001609819901398531,5.505674387018536e-05
История,другое,10,7,10,10,1.3929,0.00587463712431694,0.25,0.004930073448033001,0.0001892155860023746
Эл,другое,11,9,6,11,2.1333,0.006538272711748634,0.249,0.001509206157561123,0.00014267910897709552
Наведение,другое,12,9,5,12,0.5,0.007084720799180329,0.249,0.0012073649260488984,0.0
Протокол,другое,9,9,8,9,0.4889,0.005445376536885246,0.248,0.0013079786698863066,1.198127729166624e-06
Районе,другое,11,7,8,11,3.5357,0.006421085211748634,0.248,0.0013079786698863066,0.00011698995466001071
Поверхность,другое,9,9,8,9,0.6556,0.005445376536885246,0.248,0.0012073649260488984,0.00011264173739169905
Пациент,другое,9,8,9,9,0.5278,0.005386782786885246,0.248,0.008049099506992655,0.0004851883919462743
Десятка,другое,9,8,9,9,0.6528,0.005386782786885246,0.248,0.00110675118221149,1.0806159576643169e-05
Радость,другое,9,8,9,9,0.9028,0.005386782786885246,0.248,0.0012073649260488984,0.0002328516452961984
Таблетка,другое,9,8,9,9,1.8333,0.005386782786885246,0.248,0.0018110473890733474,0.0001342404063434453
Озеленение,благоустройство,9,9,8,9,0.9333,0.005445376536885246,0.248,0.0013079786698863066,2.375638786673451e-05
Вредительство,другое,9,9,9,9,0.8194,0.005445376536885246,0.248,0.0023141161082603882,0.00012350693217769306
Полчаса,другое,9,8,9,9,0.6389,0.005386782786885246,0.248,0.0009055236945366737,0.0
Польза,другое,9,9,8,9,1.3889,0.005445376536885246,0.248,0.0012073649260488984,1.4259977984762759e-05
Руб.,другое,9,8,9,9,1.8889,0.005386782786885246,0.248,0.0014085924137237148,0.00013712707344453178
Неровность,другое,10,9,7,10,0.5,0.00599182462431694,0.248,0.001609819901398531,9.474901320284352e-05
Бог,другое,9,9,9,9,2.0556,0.005445376536885246,0.248,0.004930073448033001,0.0005855091692248056
Деревня,другое,10,8,8,10,3.6806,0.0059332308743169394,0.248,0.002515343595935205,0.00030537837424359643
Рабочий,другое,10,7,9,10,2.3571,0.00587463712431694,0.247,0.001509206157561123,6.2987652930608135e-06
Промежуток,другое,9,8,8,9,1.9861,0.005386782786885246,0.245,0.0010061374383740819,1.6108080400306243e-06
Кв,другое,9,8,8,9,0.8056,0.005386782786885246,0.245,0.0012073649260488984,0.00014939282705416702
Благо,другое,9,8,8,9,1.4167,0.005386782786885246,0.245,0.0010061374383740819,1.2901730105374651e-06
Штука,другое,9,8,8,9,0.6389,0.005386782786885246,0.245,0.0013079786698863066,7.899152959717195e-05
Распределение,другое,9,8,8,9,1.8056,0.005386782786885246,0.245,0.0009055236945366737,0.0
Трасса,другое,9,8,8,9,2.2917,0.005386782786885246,0.245,0.0014085924137237148,6.472706016036911e-06
Будущее,другое,9,8,8,9,0.7361,0.005386782786885246,0.245,0.0013079786698863066,8.767094069309347e-05
Ипотека,другое,9,8,8,9,0.7639,0.005386782786885246,0.245,0.00110675118221149,7.909833041604929e-06
Реальность,другое,9,8,8,9,0.6944,0.005386782786885246,0.245,0.0009055236945366737,0.0
Статья,другое,9,8,8,9,0.6806,0.005386782786885246,0.245,0.002112888620585572,0.00016328337998139576
Дефицит,проблемная_ситуация,9,8,8,9,1.0833,0.04288678278688524,0.245,0.00110675118221149,6.905692593137312e-05
Берег,другое,9,8,8,9,0.6111,0.005386782786885246,0.245,0.0017104336452359392,0.00013616870295707725
Формат,другое,9,8,8,9,1.4861,0.005386782786885246,0.245,0.0010061374383740819,0.00014252603323671638
Речка,другое,9,8,9,9,3.8036,0.005386782786885246,0.244,0.003018412315122246,0.0001794377570884555
Недовольство,другое,9,7,9,9,1.8929,0.005328189036885246,0.244,0.0009055236945366737,0.0
Пляж,другое,9,8,9,9,1.1071,0.005386782786885246,0.244,0.0017104336452359392,1.539649639679552e-05
Нагрузка,другое,9,9,9,9,0.3778,0.005445376536885246,0.243,0.0013079786698863066,0.00014714303118217836
Вопросе,другое,11,8,5,11,2.1528,0.006479678961748635,0.242,0.00110675118221149,0.0
Новый,другое,15,15,13,15,0.2375,0.00907562756147541,0.241,0.0018110473890733474,0.00030957715967496813
Кирпич,другое,8,8,8,8,0.6528,0.004840334699453552,0.241,0.0010061374383740819,3.156271596191734e-06
Гость,другое,8,8,8,8,2.2083,0.004840334699453552,0.241,0.0033202535466344703,0.00027323949281388035
Регламент,другое,8,8,8,8,0.4028,0.004840334699453552,0.241,0.001609819901398531,9.37509331576061e-06
Рынок,другое,8,8,8,8,1.75,0.004840334699453552,0.241,0.0013079786698863066,1.8394518119988364e-05
Остаток,другое,8,8,8,8,1.2639,0.004840334699453552,0.241,0.0008049099506992655,0.0
Воздействие,другое,8,8,8,8,0.5556,0.004840334699453552,0.241,0.0008049099506992655,0.0
Бизнес,другое,8,8,8,8,1.4306,0.004840334699453552,0.241,0.0013079786698863066,6.029189277075003e-05
Просвещение,инфраструктура,8,8,8,8,2.2083,0.004840334699453552,0.241,0.003119026058959654,0.00011361583998703933
Передача,другое,10,7,7,10,0.8214,0.00587463712431694,0.241,0.0010061374383740819,0.0
Закрытие,другое,8,8,8,8,0.9444,0.004840334699453552,0.241,0.0009055236945366737,5.980274117771752e-06
Бутылка,другое,8,8,8,8,0.4583,0.004840334699453552,0.241,0.0014085924137237148,8.117406589536109e-05
Успех,другое,8,8,8,8,0.9722,0.004840334699453552,0.241,0.0009055236945366737,1.584915399746116e-05
Обочина,проблемная_ситуация,8,8,8,8,1.1528,0.04234033469945355,0.241,0.0014085924137237148,0.00012618122577895676
Стаж,другое,8,8,8,8,0.7639,0.004840334699453552,0.241,0.00110675118221149,8.41880704833881e-05
Участник,другое,8,8,8,8,0.7222,0.004840334699453552,0.241,0.006036824630244492,0.0002274152133908536
Рамка,другое,8,8,8,8,1.4028,0.004840334699453552,0.241,0.002112888620585572,0.00016086164985647778
Аллея,другое,8,8,8,8,1.5278,0.004840334699453552,0.241,0.001509206157561123,0.00010831286043547984
Градус,другое,8,8,8,8,0.7917,0.004840334699453552,0.241,0.0012073649260488984,7.933221366470102e-05
Шаг,другое,8,8,8,8,1.1944,0.004840334699453552,0.241,0.00110675118221149,4.852757723989914e-05
Включение,другое,8,8,8,8,1.625,0.004840334699453552,0.241,0.0008049099506992655,0.0
Льготник,другое,8,8,8,8,0.4861,0.004840334699453552,0.241,0.00221350236442298,8.553804927759955e-06
Облик,другое,8,8,8,8,2.2639,0.004840334699453552,0.241,0.0008049099506992655,0.0
Р-н,другое,8,8,8,8,3.2222,0.004840334699453552,0.241,0.001609819901398531,0.00012078103176768254
Мужество,другое,9,8,7,9,0.6806,0.005386782786885246,0.241,0.00110675118221149,3.87684736772248e-05
Терпение,другое,9,7,8,9,2.0893,0.005328189036885246,0.241,0.0010061374383740819,6.294576534841833e-09
Идея,проблемная_ситуация,8,8,8,8,0.4306,0.04234033469945355,0.241,0.003622094778146695,0.00034438373033384784
Коммуникация,другое,8,8,8,8,2.7361,0.004840334699453552,0.241,0.0018110473890733474,2.279589608350442e-05
Второй,другое,8,8,8,8,3.0833,0.004840334699453552,0.241,0.0010061374383740819,0.00021024163959503734
Возврат,другое,9,8,8,9,1.9107,0.005386782786885246,0.241,0.00110675118221149,4.6064855550433414e-05
Документы,проблемная_ситуация,10,6,8,10,2.119,0.04331604337431694,0.241,0.0010061374383740819,0.0
Дорогу,другое,12,6,6,12,1.4762,0.006908939549180329,0.241,0.0012073649260488984,0.0
Улице,другое,9,6,9,9,2.4286,0.005269595286885247,0.24,0.0009055236945366737,0.0
Неисправность,другое,11,8,4,11,0.4444,0.006479678961748635,0.239,0.001509206157561123,1.581178178605053e-05
Обман,другое,11,6,6,11,0.4286,0.006362491461748635,0.238,0.0014085924137237148,2.201518945219688e-05
Реконструкция,другое,8,8,7,8,1.7778,0.004840334699453552,0.238,0.003119026058959654,0.00018167781757633342
Плохой,другое,8,8,7,8,1.125,0.004840334699453552,0.238,0.0008049099506992655,0.0
Подробность,другое,8,8,7,8,0.625,0.004840334699453552,0.238,0.0008049099506992655,0.0
Стройка,другое,8,8,7,8,1.2222,0.004840334699453552,0.238,0.005433142167220043,0.0004175275057543597
Близость,другое,8,8,7,8,2.0833,0.004840334699453552,0.238,0.001609819901398531,4.161606896760812e-06
Прививка,другое,8,8,7,8,1.3889,0.004840334699453552,0.238,0.0020122748767481637,0.0002838325119168837
Блок,другое,8,8,7,8,1.2083,0.004840334699453552,0.238,0.0014085924137237148,5.529828679298838e-05
Обогреватель,другое,8,8,7,8,0.4444,0.004840334699453552,0.238,0.0010061374383740819,0.00014512094641835937
Пластик,другое,9,7,7,9,2.5714,0.005328189036885246,0.238,0.0010061374383740819,3.1377211537493493e-06
Предел,другое,8,8,7,8,0.7222,0.004840334699453552,0.238,0.0010061374383740819,0.0001284691285970423
Маленький,проблемная_ситуация,8,8,7,8,2.1667,0.0476974775565964,0.238,0.0012073649260488984,1.449280325720637e-05
Цель,другое,8,8,7,8,1.5139,0.004840334699453552,0.238,0.00110675118221149,7.859892560307354e-05
Возможности,другое,9,7,7,9,2.7143,0.005328189036885246,0.238,0.0009055236945366737,0.0
Сотня,другое,9,7,7,9,1.4107,0.005328189036885246,0.238,0.0010061374383740819,2.13213164326392e-06
Парнас,другое,9,7,7,9,1.6786,0.005328189036885246,0.238,0.002414729852097797,0.0001292514554415237
Помощью,другое,12,6,5,12,2.7143,0.006908939549180329,0.238,0.0012073649260488984,0.0
Поезд,другое,9,6,9,9,2.1333,0.005269595286885247,0.237,0.0013079786698863066,0.00011799889125678775
Киоск,другое,8,8,8,8,0.75,0.004840334699453552,0.237,0.001509206157561123,1.1736216085475362e-05
Задержка,другое,8,7,8,8,1.1964,0.004781740949453552,0.237,0.0018110473890733474,5.068772903475486e-06
Мо,другое,8,7,8,8,1.9107,0.004781740949453552,0.237,0.001509206157561123,0.000142290671736402
Задача,другое,8,7,8,8,2.3393,0.004781740949453552,0.237,0.0013079786698863066,7.632357247137011e-05
Деньги,другое,8,7,8,8,1.8036,0.004781740949453552,0.237,0.0008049099506992655,0.0
Обучение,другое,13,11,12,13,0.2879,0.0077483563866120216,0.237,0.001609819901398531,2.7963193674365217e-06
Пандемия,другое,8,7,8,8,0.6786,0.004781740949453552,0.237,0.0012073649260488984,7.193129360643195e-05
Музей,другое,9,6,9,9,4.3667,0.005269595286885247,0.237,0.001509206157561123,1.013979907119003e-06
Размещение,другое,13,10,10,13,0.3091,0.007689762636612021,0.236,0.0028171848274474295,0.00015976260376234058
Мытьё,другое,8,8,6,8,1.375,0.004840334699453552,0.235,0.0008049099506992655,0.0
Надежда,другое,15,14,15,15,0.219,0.00901703381147541,0.235,0.006439279605594124,0.0010772878837950587
Обзор,проблемная_ситуация,9,7,6,9,1.0,0.055328189036885245,0.235,0.0009055236945366737,0.0
Строй,другое,8,8,6,8,0.4306,0.004840334699453552,0.235,0.0009055236945366737,7.726177092910925e-05
Копейка,другое,8,7,7,8,2.125,0.004781740949453552,0.234,0.001609819901398531,0.00012572745804221422
Ступень,другое,11,6,6,11,2.6,0.006362491461748635,0.234,0.0013079786698863066,7.112906694954662e-05
Акция,другое,8,7,8,8,0.6667,0.004781740949453552,0.234,0.002112888620585572,0.0002627975526200544
Балкон,другое,8,7,7,8,1.875,0.004781740949453552,0.234,0.0012073649260488984,5.173422720333244e-05
Стоянка,другое,8,7,7,8,1.9821,0.004781740949453552,0.234,0.00221350236442298,6.885092089680738e-05
Регистратура,другое,8,6,8,8,1.9048,0.004723147199453552,0.234,0.0010061374383740819,2.737067881771421e-05
Толпа,другое,8,7,7,8,2.5357,0.004781740949453552,0.234,0.002515343595935205,9.930379178365139e-05
Полиция,безопасность,8,6,8,8,1.6905,0.004723147199453552,0.234,0.009357078176878962,0.0004304620392022384
Подорожание,другое,8,7,7,8,3.5536,0.004781740949453552,0.234,0.0009055236945366737,4.656384981005483e-06
Ощущение,другое,8,8,7,8,0.3889,0.004840334699453552,0.234,0.0014085924137237148,6.04713538339249e-05
Самокат,другое,8,6,8,8,3.7381,0.004723147199453552,0.234,0.00110675118221149,0.00011713418303195214
Городе,другое,8,6,8,8,1.619,0.004723147199453552,0.234,0.0008049099506992655,0.0
Мфц,другое,8,7,7,8,1.1786,0.004781740949453552,0.234,0.0010061374383740819,1.1146801799585924e-06
След,другое,8,7,7,8,0.5536,0.004781740949453552,0.234,0.00110675118221149,8.736673488527346e-05
Занятость,другое,8,7,7,8,1.7321,0.004781740949453552,0.234,0.0008049099506992655,0.0
Выгул,другое,8,6,8,8,1.0,0.004723147199453552,0.234,0.0009055236945366737,3.5150476314279065e-07
Озеро,экология,7,7,7,7,1.9821,0.004235292862021858,0.231,0.0017104336452359392,0.0001738556005952089
Расторжение,другое,7,7,7,7,1.0714,0.004235292862021858,0.231,0.0007042962068618574,0.0
Лагерь,другое,7,7,7,7,0.6429,0.004235292862021858,0.231,0.0013079786698863066,0.00010075700813504168
Поребрик,другое,7,7,7,7,1.875,0.004235292862021858,0.231,0.0010061374383740819,0.00014515707469989358
Общение,другое,7,7,7,7,1.7321,0.004235292862021858,0.231,0.0007042962068618574,0.0
Терапевт,другое,7,7,7,7,0.9107,0.004235292862021858,0.231,0.0029177985712848377,0.00025756516052372535
Нерв,другое,7,7,7,7,3.1429,0.004235292862021858,0.231,0.0009055236945366737,7.51785901524843e-05
Понедельник,другое,7,7,7,7,1.4286,0.004235292862021858,0.231,0.00110675118221149,0.00011771781686167133
Роспотребнадзор,другое,7,7,7,7,1.3393,0.004235292862021858,0.231,0.0014085924137237148,1.9514533043261508e-05
Приход,другое,7,7,7,7,0.8214,0.004235292862021858,0.231,0.0010061374383740819,0.00021548451466643076
Закупка,другое,7,7,7,7,0.9464,0.004235292862021858,0.231,0.0010061374383740819,2.0831752007658136e-06
Металлострой,другое,7,7,7,7,1.7143,0.004235292862021858,0.231,0.0007042962068618574,0.0
Век,другое,7,7,7,7,0.5536,0.004235292862021858,0.231,0.0020122748767481637,0.0001643039609239438
Предупреждение,другое,7,7,7,7,1.7679,0.004235292862021858,0.231,0.0010061374383740819,0.0001411911280132268
Одобрение,другое,7,7,7,7,0.625,0.004235292862021858,0.231,0.0008049099506992655,9.740737755537518e-07
Перерыв,проблемная_ситуация,7,7,7,7,2.3214,0.04709243571916471,0.231,0.0009055236945366737,0.00011798725704556393
Декрет,другое,8,7,6,8,2.7857,0.004781740949453552,0.231,0.001609819901398531,3.798686015226182e-05
Август,другое,7,7,7,7,1.9643,0.004235292862021858,0.231,0.00110675118221149,4.083561150932636e-06
Ссылка,другое,7,7,7,7,3.9464,0.004235292862021858,0.231,0.0018110473890733474,0.0002966471971670349
Природа,проблемная_ситуация,7,7,7,7,0.4821,0.04709243571916471,0.231,0.0009055236945366737,7.216942590534899e-05
Комфорт,другое,7,7,7,7,2.25,0.004235292862021858,0.231,0.0014085924137237148,0.00010271595344694513
Тема,другое,7,7,7,7,3.5179,0.004235292862021858,0.231,0.0034208672904718785,0.00019032737697332247
Приведение,другое,8,7,6,8,1.6964,0.004781740949453552,0.231,0.0008049099506992655,0.0
Завтрак,другое,8,8,5,8,1.1667,0.004840334699453552,0.231,0.0008049099506992655,0.0
Смс,другое,7,7,7,7,1.2143,0.004235292862021858,0.231,0.0007042962068618574,0.0
Фронт,другое,8,7,6,8,1.5,0.004781740949453552,0.231,0.0013079786698863066,0.00010428405719635396
Мусором,жилищно-коммунальное,8,7,6,8,1.5714,0.004781740949453552,0.231,0.0008049099506992655,0.0
Отдых,проблемная_ситуация,7,7,7,7,0.5,0.04709243571916471,0.231,0.0007042962068618574,0.0
Вокзал,другое,7,7,7,7,1.6429,0.004235292862021858,0.231,0.0014085924137237148,7.505901066244195e-05
Перекрытие,другое,7,7,7,7,3.7143,0.004235292862021858,0.231,0.0008049099506992655,7.186807190452771e-05
Коллапс,другое,7,7,7,7,1.1429,0.004235292862021858,0.231,0.00110675118221149,3.3724388587598234e-05
Родственник,другое,7,7,7,7,0.5536,0.004235292862021858,0.231,0.0028171848274474295,0.00014382370143380363
Распространение,другое,10,6,5,10,1.2381,0.00581604337431694,0.231,0.0018110473890733474,7.864385175410503e-05
Дезинфекция,другое,10,6,6,10,1.9,0.00581604337431694,0.231,0.001609819901398531,4.9593109443209985e-05
Судьба,другое,11,10,10,11,0.3091,0.006596866461748634,0.23,0.00221350236442298,0.00026890574496411085
Клещ,другое,7,7,6,7,1.0536,0.004235292862021858,0.228,0.0007042962068618574,0.0
Сфера,другое,7,7,6,7,0.7143,0.004235292862021858,0.228,0.0009055236945366737,2.266112131115128e-06
Победа,другое,7,7,6,7,1.25,0.004235292862021858,0.228,0.005231914679545226,0.00041844981608782236
Результатов,другое,9,8,3,9,1.5972,0.005386782786885246,0.228,0.0009055236945366737,0.0
Заблуждение,другое,9,8,3,9,1.3611,0.005386782786885246,0.228,0.0009055236945366737,0.0
Память,другое,7,7,6,7,0.5893,0.004235292862021858,0.228,0.0007042962068618574,0.0
Фрукт,другое,9,7,4,9,1.4286,0.005328189036885246,0.228,0.0009055236945366737,0.0
Трудоустройство,другое,7,7,6,7,3.6071,0.004235292862021858,0.228,0.0007042962068618574,0.0
Пфр,другое,7,7,6,7,0.9464,0.004235292862021858,0.228,0.0009055236945366737,3.427834727169715e-05
Кабель,другое,7,7,6,7,0.8036,0.004235292862021858,0.228,0.0012073649260488984,0.00012022145158607222
Кор,другое,7,7,6,7,2.25,0.004235292862021858,0.228,0.0007042962068618574,0.0
Ответа,другое,8,6,6,8,3.119,0.004723147199453552,0.227,0.0008049099506992655,0.0
Работник,другое,14,14,13,14,0.219,0.008470585724043717,0.227,0.01448837911258678,0.0014184365521355703
Прорыв,другое,8,5,7,8,0.9,0.004664553449453552,0.227,0.00110675118221149,7.228615008445611e-05
Октябрь,другое,8,6,6,8,2.5714,0.004723147199453552,0.227,0.00110675118221149,3.833470621499328e-06
Дома,другое,7,6,7,7,4.9048,0.004176699112021859,0.227,0.0007042962068618574,0.0
Позиция,другое,7,6,7,7,2.1905,0.004176699112021859,0.227,0.001609819901398531,0.00013304748559363511
Клиника,другое,7,6,7,7,0.4048,0.004176699112021859,0.227,0.001609819901398531,0.00021547502032852672
Митинг,проблемная_ситуация,7,6,7,7,0.4286,0.04703384196916471,0.227,0.0007042962068618574,0.0
Вагон,другое,7,7,7,7,0.6905,0.004235292862021858,0.227,0.0010061374383740819,9.212971110086683e-05
Технология,другое,7,6,7,7,0.9048,0.004176699112021859,0.227,0.0013079786698863066,7.723123417522136e-05
Доплата,другое,7,6,7,7,0.4048,0.004176699112021859,0.227,0.0007042962068618574,0.0
Один,другое,7,6,7,7,2.8571,0.004176699112021859,0.227,0.0017104336452359392,0.00019269153921930927
Удовольствие,другое,7,6,7,7,4.0,0.004176699112021859,0.227,0.00110675118221149,0.00013112713078378558
Превышение,другое,7,6,7,7,2.5238,0.004176699112021859,0.227,0.0008049099506992655,4.309240261477151e-07
Инвалидность,социальное,7,6,7,7,1.5476,0.004176699112021859,0.227,0.0010061374383740819,7.917244453933098e-06
Магнит,другое,7,6,7,7,2.8571,0.004176699112021859,0.227,0.0013079786698863066,5.791951907941452e-05
Указ,другое,7,6,7,7,0.4048,0.004176699112021859,0.227,0.0009055236945366737,3.911270823365494e-07
Галочка,другое,7,6,7,7,0.8095,0.004176699112021859,0.227,0.0012073649260488984,4.550788773268995e-06
Первый,другое,7,6,7,7,1.3333,0.004176699112021859,0.227,0.00110675118221149,4.787060436912806e-05
Гжи,другое,11,5,4,11,3.3,0.006303897711748634,0.227,0.001609819901398531,9.289694364746587e-05
Проезжий,другое,8,4,8,8,5.2,0.004605959699453552,0.226,0.0008049099506992655,0.0
Плата,другое,8,8,8,8,0.3611,0.004840334699453552,0.226,0.0027165710836100213,0.00016491017051460243
Окей,другое,8,6,8,8,0.381,0.004723147199453552,0.226,0.0009055236945366737,0.00021368734951881995
Специалист,другое,8,7,7,8,0.375,0.004781740949453552,0.225,0.013985310393399739,0.0013440630288556507
Эксплуатация,другое,8,8,3,8,1.5833,0.004840334699453552,0.225,0.0017104336452359392,7.427156129952032e-06
Вандал,другое,9,5,5,9,1.7333,0.005211001536885246,0.224,0.0010061374383740819,1.5272844101028139e-06
Член,другое,8,5,6,8,4.5333,0.004664553449453552,0.224,0.004125163497333736,0.0005959463163910102
Гражданство,другое,7,6,6,7,2.3571,0.004176699112021859,0.224,0.0007042962068618574,0.0
Инициатива,другое,10,5,4,10,0.6,0.00575744962431694,0.224,0.0018110473890733474,0.0003431495176063606
Покой,проблемная_ситуация,8,6,5,8,1.5952,0.06472314719945355,0.224,0.0008049099506992655,0.0
Набор,другое,7,6,6,7,1.619,0.004176699112021859,0.224,0.0007042962068618574,0.0
Крик,другое,7,6,6,7,0.7857,0.004176699112021859,0.224,0.0012073649260488984,9.7894268809149e-05
Газель,другое,7,6,6,7,0.4762,0.004176699112021859,0.224,0.0018110473890733474,0.00022053469364399919
Доверие,другое,7,6,6,7,0.4048,0.004176699112021859,0.224,0.0007042962068618574,0.0
Покраска,другое,8,6,5,8,0.881,0.004723147199453552,0.224,0.0012073649260488984,4.8918094440566995e-05
Зачистка,другое,9,6,4,9,1.0238,0.005269595286885247,0.224,0.00110675118221149,1.2611598267116327e-06
Гост,другое,7,7,5,7,1.4464,0.004235292862021858,0.224,0.00110675118221149,2.4787699398484465e-05
Спрос,другое,7,7,5,7,2.6964,0.004235292862021858,0.224,0.0013079786698863066,7.350696761271239e-05
Выбоина,другое,7,6,6,7,1.5238,0.004176699112021859,0.224,0.0017104336452359392,5.250749842513678e-05
Возмущение,другое,7,6,6,7,1.5476,0.004176699112021859,0.224,0.0009055236945366737,0.00011769824472644706
Ломоносов,другое,7,6,6,7,1.3095,0.004176699112021859,0.224,0.00110675118221149,8.175181627032701e-06
Подросток,другое,7,6,6,7,1.0238,0.004176699112021859,0.224,0.00221350236442298,0.000173902986542169
Анон,другое,7,6,6,7,0.7857,0.004176699112021859,0.224,0.001509206157561123,8.132554708400422e-05
Ведро,другое,7,6,6,7,2.0,0.004176699112021859,0.224,0.0009055236945366737,7.243838204907905e-05
Очереди,другое,7,5,7,7,6.7,0.004118105362021858,0.223,0.0007042962068618574,0.0
Брак,другое,7,5,7,7,2.2667,0.004118105362021858,0.223,0.0009055236945366737,4.336791297724287e-07
Объяснение,другое,7,5,7,7,3.0667,0.004118105362021858,0.223,0.00110675118221149,7.011294032369767e-06
Работе,другое,7,5,7,7,4.3333,0.004118105362021858,0.223,0.0007042962068618574,0.0
Гараж,другое,7,6,7,7,0.9,0.004176699112021859,0.223,0.001609819901398531,8.245317865455975e-05
Клуб,другое,7,5,7,7,3.7667,0.004118105362021858,0.223,0.0009055236945366737,7.477876425144874e-05
Плитка,другое,12,11,11,12,0.2727,0.007201908299180329,0.222,0.00392393600965892,0.00012991219997159808
Плесень,другое,14,8,7,14,0.3056,0.008119023224043717,0.222,0.00221350236442298,0.00013820092372173538
Набережная,другое,7,6,5,7,0.5476,0.004176699112021859,0.221,0.006137438374081899,0.0003795359399173236
Перечень,другое,8,6,4,8,3.0238,0.004723147199453552,0.221,0.0008049099506992655,0.0
Общество,другое,7,7,7,7,0.375,0.004235292862021858,0.221,0.0007042962068618574,0.0
Файл,другое,7,7,4,7,0.75,0.004235292862021858,0.221,0.0009055236945366737,7.46542015504626e-05
Лампочка,другое,7,6,5,7,1.7857,0.004176699112021859,0.221,0.0007042962068618574,0.0
Телевизор,другое,6,6,6,6,1.0952,0.0036302510245901642,0.22,0.0008049099506992655,7.466274627583346e-05
Визит,другое,6,6,6,6,0.5238,0.0036302510245901642,0.22,0.0007042962068618574,6.074486446211e-08
Хозяин,другое,6,6,6,6,0.7143,0.0036302510245901642,0.22,0.004125163497333736,0.0002511445787578963
Представитель,другое,6,6,6,6,0.8571,0.0036302510245901642,0.22,0.009558305664553778,0.0005691261729735672
Личность,другое,6,6,6,6,0.9048,0.0036302510245901642,0.22,0.0006036824630244492,0.0
Кнопка,проблемная_ситуация,6,6,6,6,1.3333,0.05363025102459016,0.22,0.0019116611329107556,2.268818963390084e-05
Обновление,другое,6,6,6,6,1.1905,0.0036302510245901642,0.22,0.0009055236945366737,2.602122703126257e-06
Максимум,другое,6,6,6,6,1.8333,0.0036302510245901642,0.22,0.0007042962068618574,3.5111033422655264e-06
Прохождение,другое,6,6,6,6,1.3571,0.0036302510245901642,0.22,0.0007042962068618574,3.2697609295305637e-07
Процедура,другое,6,6,6,6,1.2619,0.0036302510245901642,0.22,0.002414729852097797,0.00021778511953133705
Съезд,другое,6,6,6,6,1.1905,0.0036302510245901642,0.22,0.00110675118221149,6.147447816046386e-05
Россошь,другое,7,5,6,7,0.7333,0.004118105362021858,0.22,0.0009055236945366737,0.00018802353885804727
Расследование,другое,6,6,6,6,0.5714,0.0036302510245901642,0.22,0.0007042962068618574,1.6323829452131585e-06
Протечка,другое,6,6,6,6,0.8571,0.0036302510245901642,0.22,0.003119026058959654,0.00015727225221687092
Решения,другое,7,5,6,7,1.8333,0.004118105362021858,0.22,0.0007042962068618574,0.0
Фраза,другое,6,6,6,6,0.881,0.0036302510245901642,0.22,0.0008049099506992655,9.542371697710748e-07
Пофига,другое,6,6,6,6,0.7143,0.0036302510245901642,0.22,0.0007042962068618574,7.124566237414459e-05
Невролог,другое,6,6,6,6,1.0714,0.0036302510245901642,0.22,0.0017104336452359392,8.989769868558387e-05
Мошенничество,другое,6,6,6,6,1.2857,0.0036302510245901642,0.22,0.0008049099506992655,7.436980445798049e-05
Ход,другое,6,6,6,6,1.1667,0.0036302510245901642,0.22,0.00110675118221149,5.900489044434151e-05
Бомж,другое,6,6,6,6,2.5476,0.0036302510245901642,0.22,0.0008049099506992655,7.065686599256312e-07
Интернет,проблемная_ситуация,6,6,6,6,0.7381,0.05363025102459016,0.22,0.0006036824630244492,0.0
Доп,другое,6,6,6,6,0.5238,0.0036302510245901642,0.22,0.0006036824630244492,0.0
Подарок,другое,6,6,6,6,1.2857,0.0036302510245901642,0.22,0.0007042962068618574,7.11198893073484e-05
Поворот,другое,6,6,6,6,1.5238,0.0036302510245901642,0.22,0.0013079786698863066,5.679326330673796e-05
Событие,другое,6,6,6,6,0.5476,0.0036302510245901642,0.22,0.0010061374383740819,6.188582711017551e-05
Игра,другое,6,6,6,6,0.4286,0.0036302510245901642,0.22,0.0014085924137237148,5.7009401644439335e-05
Подключение,другое,6,6,6,6,2.9286,0.0036302510245901642,0.22,0.0007042962068618574,0.00014292837828818776
Литера,другое,6,6,6,6,4.1905,0.0036302510245901642,0.22,0.0009055236945366737,7.537085359574159e-06
Зрение,другое,6,6,6,6,3.2619,0.0036302510245901642,0.22,0.0007042962068618574,7.777507293581904e-07
Застройщик,другое,6,6,6,6,1.881,0.0036302510245901642,0.22,0.006741120837106349,0.0002654565029777477
Цветок,другое,6,6,6,6,1.5,0.0036302510245901642,0.22,0.0007042962068618574,3.470295451995696e-06
Тд,другое,6,6,6,6,1.619,0.0036302510245901642,0.22,0.00110675118221149,7.528829586357839e-05
Погашение,другое,6,6,6,6,0.7381,0.0036302510245901642,0.22,0.0006036824630244492,0.0
Оценка,другое,6,6,6,6,1.2143,0.0036302510245901642,0.22,0.0010061374383740819,0.00022095057051292464
Сопровождение,другое,6,6,6,6,2.9762,0.0036302510245901642,0.22,0.0008049099506992655,5.600638260853569e-05
База,другое,6,6,6,6,1.1905,0.0036302510245901642,0.22,0.001609819901398531,0.0001531037804098732
Отличие,другое,6,6,6,6,2.2143,0.0036302510245901642,0.22,0.0006036824630244492,0.0
Картинка,другое,6,6,6,6,1.6429,0.0036302510245901642,0.22,0.0010061374383740819,0.0002869321148815232
Вероятность,другое,6,6,6,6,1.6905,0.0036302510245901642,0.22,0.0007042962068618574,2.2506357775899121e-07
Невозможность,другое,7,5,6,7,4.9333,0.004118105362021858,0.22,0.0008049099506992655,0.0
Укрытие,проблемная_ситуация,6,6,6,6,3.119,0.05363025102459016,0.22,0.0007042962068618574,3.5083074277445675e-07
Квота,другое,6,6,6,6,3.0476,0.0036302510245901642,0.22,0.0010061374383740819,5.094014762568049e-05
Водоканал,другое,7,6,6,7,1.6,0.004176699112021859,0.22,0.0010061374383740819,7.116709282114811e-05
Работы,другое,7,4,7,7,3.9,0.0040595116120218586,0.22,0.0010061374383740819,1.6193696216582904e-07
Логика,другое,6,6,6,6,1.5952,0.0036302510245901642,0.22,0.0007042962068618574,7.129614540467329e-05
Урок,другое,6,6,6,6,2.6429,0.0036302510245901642,0.22,0.0008049099506992655,5.65235734914742e-05
Счастие,другое,6,6,6,6,0.6667,0.0036302510245901642,0.22,0.0006036824630244492,0.0
Честь,другое,6,6,6,6,2.3571,0.0036302510245901642,0.22,0.0008049099506992655,1.0882140486482108e-06
Преступление,другое,6,6,6,6,2.0238,0.0036302510245901642,0.22,0.0006036824630244492,0.0
Конфликт,другое,6,6,6,6,1.6905,0.0036302510245901642,0.22,0.0008049099506992655,5.5078623504027166e-05
Университет,другое,6,6,6,6,2.3333,0.0036302510245901642,0.22,0.00110675118221149,4.672901481908123e-05
Коммуналка,другое,6,6,6,6,0.8095,0.0036302510245901642,0.22,0.0008049099506992655,9.98935262536678e-05
Запас,другое,6,6,6,6,2.881,0.0036302510245901642,0.22,0.0007042962068618574,8.629629815514229e-08
Вещество,другое,6,6,6,6,1.2857,0.0036302510245901642,0.22,0.0006036824630244492,0.0
Колейность,другое,6,6,6,6,1.381,0.0036302510245901642,0.22,0.0007042962068618574,3.266481456475713e-05
Правда,другое,6,6,6,6,1.3333,0.0036302510245901642,0.22,0.001509206157561123,0.00012198694701394753
Шум,экология,6,6,6,6,1.5714,0.0036302510245901642,0.22,0.0013079786698863066,0.0005253033149778035
Наблюдение,другое,6,6,6,6,0.6905,0.0036302510245901642,0.22,0.0007042962068618574,8.312818510998094e-05
Проектирование,другое,6,6,6,6,4.5714,0.0036302510245901642,0.22,0.0008049099506992655,7.625049959213671e-05
Посадка,другое,6,6,6,6,0.7619,0.0036302510245901642,0.22,0.001509206157561123,7.887757696807119e-05
Разруха,другое,6,6,6,6,0.4524,0.0036302510245901642,0.22,0.0007042962068618574,7.463486579587335e-05
Машин,другое,7,5,6,7,8.3333,0.004118105362021858,0.22,0.0008049099506992655,3.3811806440164686e-05
Кран,другое,7,5,6,7,2.7333,0.004118105362021858,0.22,0.0012073649260488984,6.526956033260501e-05
Потребление,другое,6,6,6,6,1.6905,0.0036302510245901642,0.22,0.0007042962068618574,9.508606800673572e-07
Кки,другое,11,4,3,11,0.65,0.0062453039617486345,0.22,0.0012073649260488984,3.472506144687936e-07
Таракан,другое,6,6,6,6,1.8333,0.0036302510245901642,0.22,0.0006036824630244492,0.0
Стая,другое,7,5,6,7,2.3333,0.004118105362021858,0.22,0.0014085924137237148,0.0001413563809595454
Зелень,экология,6,6,6,6,3.4524,0.0036302510245901642,0.22,0.0009055236945366737,1.2903701999331317e-05
Собственник,другое,6,6,6,6,2.0238,0.0036302510245901642,0.22,0.01992152127980682,0.0011160687964939383
Вред,другое,11,11,7,11,0.2955,0.0066554602117486344,0.219,0.0014085924137237148,0.00014590238601547655
Действительность,другое,7,7,3,7,0.6964,0.004235292862021858,0.218,0.0007042962068618574,0.0
Копия,другое,6,5,6,6,0.9333,0.003571657274590164,0.217,0.0008049099506992655,4.7998169189839036e-05
Управа,другое,6,6,5,6,1.4762,0.0036302510245901642,0.217,0.0008049099506992655,3.514125799634618e-07
Производитель,другое,6,5,6,6,5.7667,0.003571657274590164,0.217,0.003018412315122246,0.0003172787033880996
Ручка,другое,6,5,6,6,3.8667,0.003571657274590164,0.217,0.0008049099506992655,7.73404789340661e-05
Остальной,другое,6,5,6,6,5.4333,0.003571657274590164,0.217,0.0006036824630244492,0.0
Мясо,другое,6,6,5,6,0.7619,0.0036302510245901642,0.217,0.0006036824630244492,0.0
Присутствие,другое,6,5,6,6,3.4333,0.003571657274590164,0.217,0.0009055236945366737,2.7578757957386842e-05
Ношение,другое,8,4,5,8,2.35,0.004605959699453552,0.217,0.0009055236945366737,7.100525765801943e-05
Ветеран,другое,6,6,6,6,4.0333,0.0036302510245901642,0.217,0.01006137438374082,0.00022202821121359415
Района,другое,6,5,6,6,2.3333,0.003571657274590164,0.217,0.0006036824630244492,0.0
Вытаптывание,другое,6,5,6,6,1.1667,0.003571657274590164,0.217,0.0006036824630244492,0.0
Реализация,другое,6,6,6,6,0.4,0.0036302510245901642,0.217,0.0046282322165207765,7.639650796527555e-05
Проблемы,другое,7,5,5,7,5.3333,0.004118105362021858,0.217,0.0007042962068618574,0.0
Инспекция,другое,6,5,6,6,0.8,0.003571657274590164,0.217,0.004930073448033001,0.0003049269148277025
Полусфера,другое,6,6,6,6,1.6667,0.0036302510245901642,0.217,0.00110675118221149,2.0456886250753998e-06
Эвакуация,другое,6,5,6,6,1.8667,0.003571657274590164,0.217,0.0012073649260488984,0.00013912267071344929
Стр,другое,6,6,5,6,3.5,0.0036302510245901642,0.217,0.0007042962068618574,3.249083888142821e-06
Вырубка,другое,6,6,6,6,0.9,0.0036302510245901642,0.217,0.0012073649260488984,5.4405070689282036e-05
Сроки,другое,7,5,5,7,3.7667,0.004118105362021858,0.217,0.0007042962068618574,0.0
Видимость,инфраструктура,6,6,5,6,2.4524,0.0036302510245901642,0.217,0.0008049099506992655,2.4496288435640444e-07
Сказка,другое,7,5,5,7,1.5667,0.004118105362021858,0.217,0.00110675118221149,0.0001885084948239824
Городок,другое,6,5,6,6,4.7667,0.003571657274590164,0.217,0.0010061374383740819,7.392694923737299e-05
Тыс.,другое,6,6,5,6,0.4524,0.0036302510245901642,0.217,0.0009055236945366737,7.301524134159363e-05
Высота,другое,6,6,6,6,0.8,0.0036302510245901642,0.217,0.0013079786698863066,0.0001348269084472476
Месте,другое,7,5,5,7,4.8667,0.004118105362021858,0.217,0.0007042962068618574,0.0
Каша,проблемная_ситуация,6,5,6,6,0.8,0.05357165727459016,0.217,0.0007042962068618574,4.6064855550433414e-05
Овощ,другое,6,5,6,6,2.0333,0.003571657274590164,0.217,0.0008049099506992655,0.00011736922500230395
Щётка,другое,6,5,6,6,4.9667,0.003571657274590164,0.217,0.0008049099506992655,6.657116011510917e-07
Отвод,другое,7,5,5,7,1.3667,0.004118105362021858,0.217,0.0007042962068618574,0.0
Вождение,другое,6,5,6,6,1.9,0.003571657274590164,0.217,0.0006036824630244492,0.0
Т.к.,другое,6,5,6,6,2.2333,0.003571657274590164,0.217,0.0010061374383740819,5.030207287803573e-05
Подьезд,другое,6,6,5,6,0.619,0.0036302510245901642,0.217,0.0009055236945366737,4.7468018823171456e-05
Подвеска,другое,6,6,5,6,1.1429,0.0036302510245901642,0.217,0.0006036824630244492,0.0
Ведение,другое,6,6,5,6,4.3571,0.0036302510245901642,0.217,0.0010061374383740819,1.1742946804104148e-05
Детям,другое,6,6,5,6,3.6905,0.0036302510245901642,0.217,0.0006036824630244492,0.0
Помощи,другое,6,5,6,6,2.4333,0.003571657274590164,0.217,0.0006036824630244492,0.0
Привычка,другое,6,6,5,6,1.6667,0.0036302510245901642,0.217,0.0010061374383740819,0.00016414446111368775
Канализация,жилищно-коммунальное,10,10,10,10,0.2818,0.0060504183743169395,0.216,0.007646644531643022,0.0008147683311260732
Раза,другое,7,6,3,7,6.4286,0.004176699112021859,0.214,0.0007042962068618574,0.0
Школу,другое,7,5,4,7,2.9667,0.004118105362021858,0.214,0.0007042962068618574,0.0
Столбик,другое,6,6,4,6,0.4286,0.0036302510245901642,0.214,0.0008049099506992655,8.806300923812453e-05
Свинарник,другое,6,6,4,6,1.7619,0.0036302510245901642,0.214,0.0008049099506992655,4.616987050081052e-05
Лит,другое,6,6,4,6,0.4762,0.0036302510245901642,0.214,0.0007042962068618574,7.108744233431367e-05
Дефект,другое,6,6,4,6,0.4286,0.0036302510245901642,0.214,0.0009055236945366737,1.5772885991319445e-05
Территории,другое,6,6,4,6,3.1905,0.0036302510245901642,0.214,0.0006036824630244492,0.0
Недопущение,другое,7,5,4,7,4.4333,0.004118105362021858,0.214,0.0007042962068618574,0.0
Мозг,другое,6,5,5,6,2.9667,0.003571657274590164,0.213,0.0006036824630244492,0.0
Ковид,другое,6,4,6,6,0.5,0.003513063524590164,0.213,0.001609819901398531,9.455556598701235e-05
Москва,другое,6,4,6,6,2.5,0.003513063524590164,0.213,0.005634369654894859,0.0003124733074066388
Многие,другое,6,5,5,6,5.3333,0.003571657274590164,0.213,0.002615957339772613,0.00034477215602854905
Подрядчик,другое,6,5,5,6,2.1,0.003571657274590164,0.213,0.0040245497534963275,0.0002987040085052548
Аренда,другое,6,5,5,6,1.0,0.003571657274590164,0.213,0.0013079786698863066,5.198279096652318e-05
Детьми,другое,7,4,5,7,3.6,0.0040595116120218586,0.213,0.0007042962068618574,0.0
Взгляд,другое,7,4,5,7,2.7,0.0040595116120218586,0.213,0.0009055236945366737,5.445938877307169e-07
Фундамент,другое,6,5,5,6,0.4667,0.003571657274590164,0.213,0.0006036824630244492,0.0
Пополнение,другое,6,5,5,6,1.0,0.003571657274590164,0.213,0.0007042962068618574,3.4777787641540945e-07
Документация,другое,6,5,5,6,2.2667,0.003571657274590164,0.213,0.001509206157561123,5.096336741936251e-05
Скрин,другое,6,5,5,6,3.7667,0.003571657274590164,0.213,0.0008049099506992655,5.810488407486647e-07
Вопросы,другое,9,3,4,9,3.9167,0.005093814036885246,0.213,0.0018110473890733474,7.157717381931856e-06
Саду,другое,6,5,5,6,0.9,0.003571657274590164,0.213,0.0006036824630244492,0.0
Утилизация,другое,6,5,5,6,1.4,0.003571657274590164,0.213,0.00221350236442298,1.443644038099968e-05
Зам,другое,6,5,5,6,3.3667,0.003571657274590164,0.213,0.0006036824630244492,0.0
Соль,другое,6,6,6,6,0.381,0.0036302510245901642,0.213,0.0007042962068618574,7.73250372486859e-06
10,другое,6,5,5,6,3.4,0.003571657274590164,0.213,0.0006036824630244492,0.0
Козырёк,другое,6,6,6,6,0.381,0.0036302510245901642,0.213,0.00110675118221149,4.850662906619134e-05
Сплошной,другое,6,5,5,6,0.4667,0.003571657274590164,0.213,0.0006036824630244492,0.0
Продвижение,транспорт,5,5,5,5,3.7333,0.0030252091871584698,0.21,0.0007042962068618574,0.00022110242637040273
Совпадение,другое,6,5,4,6,1.2667,0.003571657274590164,0.21,0.0006036824630244492,0.0
Контролёр,другое,5,5,5,5,1.6667,0.0030252091871584698,0.21,0.0005030687191870409,0.0
Дублёр,другое,5,5,5,5,2.0,0.0030252091871584698,0.21,0.0006036824630244492,7.121721477881376e-05
Людей,другое,5,5,5,5,1.7333,0.0030252091871584698,0.21,0.0006036824630244492,1.2336542343235862e-06
Отклик,другое,5,5,5,5,1.5667,0.0030252091871584698,0.21,0.0006036824630244492,6.706001986493933e-08
Стоматология,другое,5,5,5,5,1.9667,0.0030252091871584698,0.21,0.0010061374383740819,0.0001194587536215927
Реабилитация,другое,5,5,5,5,1.9,0.0030252091871584698,0.21,0.003018412315122246,0.0002441128646479881
Жкх,другое,5,5,5,5,1.1333,0.0030252091871584698,0.21,0.0009055236945366737,4.851680860797507e-05
Признак,транспорт,5,5,5,5,0.4333,0.0030252091871584698,0.21,0.0005030687191870409,0.0
Диабет,другое,5,5,5,5,0.4333,0.0030252091871584698,0.21,0.0010061374383740819,2.383659026373805e-05
Театр,другое,5,5,5,5,0.4,0.0030252091871584698,0.21,0.0012073649260488984,6.184509192739646e-05
Фотофиксация,другое,7,5,3,7,0.4,0.004118105362021858,0.21,0.00110675118221149,5.629525486966377e-06
Удача,другое,5,5,5,5,0.4,0.0030252091871584698,0.21,0.0005030687191870409,0.0
Норм,другое,5,5,5,5,2.6333,0.0030252091871584698,0.21,0.0005030687191870409,0.0
Безнаказанность,транспорт,5,5,5,5,3.3,0.0030252091871584698,0.21,0.0005030687191870409,0.0
Вопросом,другое,6,5,4,6,1.7667,0.003571657274590164,0.21,0.0006036824630244492,0.0
Удаление,другое,5,5,5,5,2.6333,0.0030252091871584698,0.21,0.0006036824630244492,0.0
Мамочка,другое,5,5,5,5,2.9667,0.0030252091871584698,0.21,0.00110675118221149,4.559142318387216e-06
Подготовка,другое,5,5,5,5,1.5,0.0030252091871584698,0.21,0.0008049099506992655,7.353945468444092e-05
Клумба,благоустройство,5,5,5,5,1.1,0.0030252091871584698,0.21,0.0010061374383740819,0.00014677775589073304
Беседа,другое,5,5,5,5,5.9667,0.0030252091871584698,0.21,0.0008049099506992655,1.302017861082817e-06
Самоуправство,другое,5,5,5,5,1.5333,0.0030252091871584698,0.21,0.0005030687191870409,0.0
Экскурсия,другое,5,5,5,5,0.4667,0.0030252091871584698,0.21,0.0006036824630244492,7.150233387606196e-05
Расширение,другое,6,5,4,6,2.0,0.003571657274590164,0.21,0.0010061374383740819,7.368211926482325e-05
Полка,другое,5,5,5,5,2.6,0.0030252091871584698,0.21,0.0007042962068618574,9.255011334560029e-07
Детсад,другое,5,5,5,5,0.9333,0.0030252091871584698,0.21,0.0008049099506992655,1.0583321905262922e-05
Любовь,другое,5,5,5,5,3.1,0.0030252091871584698,0.21,0.0005030687191870409,0.0
Трубы,другое,7,4,4,7,0.4,0.0040595116120218586,0.21,0.0007042962068618574,0.0
Родина,другое,5,5,5,5,1.7,0.0030252091871584698,0.21,0.0006036824630244492,2.1492481594685765e-06
Полоска,другое,5,5,5,5,1.6,0.0030252091871584698,0.21,0.0005030687191870409,0.0
Зал,другое,5,5,5,5,0.4667,0.0030252091871584698,0.21,0.0008049099506992655,4.82361171753863e-05
Буря,другое,5,5,5,5,0.6667,0.0030252091871584698,0.21,0.0017104336452359392,7.929242185035574e-05
Море,другое,5,5,5,5,6.1,0.0030252091871584698,0.21,0.0006036824630244492,1.1113448012711565e-06
Россия,другое,5,5,5,5,0.9,0.0030252091871584698,0.21,0.006338665861756716,0.0005924761753959031
Персонал,другое,5,5,5,5,0.4333,0.0030252091871584698,0.21,0.0012073649260488984,7.69704557720692e-05
Обустройство,другое,5,5,5,5,0.6333,0.0030252091871584698,0.21,0.0007042962068618574,1.4154509368986382e-06
Капитал,другое,5,5,5,5,1.6667,0.0030252091871584698,0.21,0.0012073649260488984,1.5704878238396206e-05
Пожелание,другое,5,5,5,5,1.0333,0.0030252091871584698,0.21,0.0007042962068618574,7.321790163925509e-05
Спорт,другое,8,8,8,8,0.3194,0.004840334699453552,0.21,0.0013079786698863066,6.269566337735908e-05
Палатка,проблемная_ситуация,5,5,5,5,0.9333,0.06302520918715847,0.21,0.0009055236945366737,0.00016514855624264445
Зарание,другое,5,5,5,5,5.2,0.0030252091871584698,0.21,0.0005030687191870409,0.0
Выписка,другое,5,5,5,5,0.4,0.0030252091871584698,0.21,0.0007042962068618574,0.00014769124209952278
Снятие,другое,5,5,5,5,0.4667,0.0030252091871584698,0.21,0.0007042962068618574,1.3954381155107155e-05
Городу,другое,6,4,5,6,2.55,0.003513063524590164,0.21,0.0006036824630244492,0.0
Продух,другое,8,4,3,8,0.5,0.004605959699453552,0.21,0.00110675118221149,7.240584386157904e-05
Воспитание,другое,5,5,5,5,1.5,0.0030252091871584698,0.21,0.0006036824630244492,0.0001431008873276816
Консультация,проблемная_ситуация,5,5,5,5,1.8333,0.06302520918715847,0.21,0.004326390985008552,0.0005725159107824823
Штат,другое,6,4,5,6,0.8,0.003513063524590164,0.21,0.0007042962068618574,8.019707120163317e-06
Подвоз,другое,6,6,4,6,0.6667,0.0036302510245901642,0.21,0.0008049099506992655,7.127824756223223e-05
Плечо,другое,5,5,5,5,2.4,0.0030252091871584698,0.21,0.0006036824630244492,7.102383010720028e-05
Заросль,другое,5,5,5,5,0.7,0.0030252091871584698,0.21,0.0010061374383740819,4.35880620792734e-06
Инфраструктура,другое,5,5,5,5,1.4,0.0030252091871584698,0.21,0.0020122748767481637,0.00010645207352810364
Складирование,другое,5,5,5,5,4.9667,0.0030252091871584698,0.21,0.0006036824630244492,9.84548025485052e-07
Политика,другое,5,5,5,5,2.1333,0.0030252091871584698,0.21,0.00110675118221149,7.595279846392602e-05
Детство,другое,5,5,5,5,1.5667,0.0030252091871584698,0.21,0.0008049099506992655,1.9110207170851873e-05
Разбирательство,другое,5,5,5,5,5.6667,0.0030252091871584698,0.21,0.0006036824630244492,1.6607186928000746e-06
Стенд,проблемная_ситуация,5,5,5,5,0.6333,0.06302520918715847,0.21,0.0009055236945366737,7.549739176790639e-05
Депутат,другое,5,5,5,5,2.7667,0.0030252091871584698,0.21,0.005734983398732267,0.0005262124280948838
Хользунов,другое,5,5,5,5,1.9333,0.0030252091871584698,0.21,0.0005030687191870409,0.0
Приют,другое,5,5,5,5,3.3,0.0030252091871584698,0.21,0.0007042962068618574,2.9388342453664165e-06
Коробка,другое,5,5,5,5,1.2667,0.0030252091871584698,0.21,0.0014085924137237148,0.00014527365460704822
Предписание,другое,8,8,8,8,0.3194,0.004840334699453552,0.21,0.0009055236945366737,7.273362100795561e-05
Мкд,другое,5,5,5,5,2.0333,0.0030252091871584698,0.21,0.00110675118221149,0.00011846892475641899
Потеря,другое,5,5,5,5,1.0667,0.0030252091871584698,0.21,0.0008049099506992655,4.915552095605362e-05
Ухудшение,другое,5,5,5,5,0.4333,0.0030252091871584698,0.21,0.0005030687191870409,0.0
Отверстие,другое,6,6,5,6,0.381,0.0036302510245901642,0.21,0.0006036824630244492,0.0
Шашлык,другое,6,5,4,6,0.4333,0.003571657274590164,0.21,0.0006036824630244492,0.0
Пятно,другое,5,5,5,5,4.6,0.0030252091871584698,0.21,0.0005030687191870409,0.0
Прошлое,другое,5,5,5,5,0.7,0.0030252091871584698,0.21,0.0007042962068618574,7.171837863944615e-05
Телефону,другое,5,5,5,5,2.2,0.0030252091871584698,0.21,0.0005030687191870409,0.0
Пожалуйста,другое,5,5,5,5,1.4333,0.0030252091871584698,0.21,0.0007042962068618574,1.8427440081254466e-06
Пятница,другое,5,5,5,5,1.8667,0.0030252091871584698,0.21,0.002515343595935205,0.00010949510887659845
Отбор,другое,5,5,5,5,1.2,0.0030252091871584698,0.21,0.0006036824630244492,0.00014592812394497167
Компетенция,другое,5,5,5,5,1.7,0.0030252091871584698,0.21,0.0019116611329107556,8.423438809183556e-05
Выходной,другое,5,5,5,5,1.5333,0.0030252091871584698,0.21,0.0005030687191870409,0.0
Маршруту,другое,5,5,5,5,2.4667,0.0030252091871584698,0.21,0.0005030687191870409,0.0
Филиал,другое,5,5,5,5,1.1333,0.0030252091871584698,0.21,0.0010061374383740819,3.257462240761032e-05
Фонтан,благоустройство,5,5,5,5,2.1667,0.0030252091871584698,0.21,0.00110675118221149,4.229145504465916e-05
Доме,проблемная_ситуация,5,5,5,5,0.8,0.06302520918715847,0.21,0.0005030687191870409,0.0
Учитель,другое,5,5,5,5,4.8333,0.0030252091871584698,0.21,0.004225777241171144,0.0001556110742255406
Отец,другое,5,5,5,5,1.1667,0.0030252091871584698,0.21,0.007445417043968206,0.0005811942938660511
Аппарат,другое,5,5,5,5,0.5,0.0030252091871584698,0.21,0.0008049099506992655,7.286967513158128e-05
Продавец,другое,5,5,5,5,1.8333,0.0030252091871584698,0.21,0.002515343595935205,0.00017024310076054017
Масло,другое,5,5,5,5,1.3,0.0030252091871584698,0.21,0.0014085924137237148,0.00017764338454268983
Приглашение,другое,5,5,5,5,0.8333,0.0030252091871584698,0.21,0.0005030687191870409,0.0
Устройство,другое,5,5,5,5,1.6,0.0030252091871584698,0.21,0.0008049099506992655,7.173185010650538e-05
Кошка,другое,5,5,5,5,2.6,0.0030252091871584698,0.21,0.0014085924137237148,0.00018277653856028925
Поднятие,другое,5,5,5,5,3.2333,0.0030252091871584698,0.21,0.0006036824630244492,1.1930609103104178e-06
Ажиотаж,другое,5,5,5,5,1.3667,0.0030252091871584698,0.21,0.0006036824630244492,7.096012583582147e-05
Вторник,другое,5,5,5,5,3.2,0.0030252091871584698,0.21,0.0007042962068618574,2.928691266253727e-07
Переписка,другое,5,5,5,5,0.6333,0.0030252091871584698,0.21,0.0008049099506992655,8.032048036213732e-05
Реагент,другое,5,5,5,5,1.0667,0.0030252091871584698,0.21,0.0006036824630244492,3.4376801323152213e-06
Будка,другое,5,5,5,5,1.2333,0.0030252091871584698,0.21,0.0014085924137237148,3.1736578933771074e-06
Павловск,другое,5,5,5,5,1.9,0.0030252091871584698,0.21,0.0005030687191870409,0.0
Дно,другое,5,5,5,5,1.9333,0.0030252091871584698,0.21,0.0005030687191870409,0.0
Арка,другое,5,5,5,5,2.4667,0.0030252091871584698,0.21,0.002515343595935205,0.00011870185389331698
Премия,другое,5,5,5,5,1.0667,0.0030252091871584698,0.21,0.0005030687191870409,0.0
Смерть,другое,14,13,13,14,0.1813,0.008411991974043716,0.209,0.0017104336452359392,0.0003663440935154001
Дней,другое,8,3,4,8,5.5833,0.004547365949453552,0.209,0.0008049099506992655,0.0
Чек,другое,7,7,7,7,0.3393,0.004235292862021858,0.207,0.0010061374383740819,0.00018003157349903687
Зачисление,другое,5,4,5,5,0.95,0.0029666154371584697,0.206,0.0005030687191870409,0.0
Милость,другое,5,5,4,5,2.1667,0.0030252091871584698,0.206,0.0006036824630244492,4.6054731406356395e-05
Пушкин,другое,5,5,5,5,2.35,0.0030252091871584698,0.206,0.00221350236442298,0.00013976072376634664
Мусоропровод,жилищно-коммунальное,5,4,5,5,2.7,0.0029666154371584697,0.206,0.0007042962068618574,4.422760546416424e-06
Кухня,проблемная_ситуация,5,5,4,5,1.8333,0.07802520918715847,0.206,0.00110675118221149,1.3625280728333472e-05
Химия,другое,5,5,4,5,1.3667,0.0030252091871584698,0.206,0.0006036824630244492,7.199226301370871e-05
Практика,другое,7,4,3,7,1.25,0.0040595116120218586,0.206,0.0008049099506992655,1.151176274917522e-06
Табло,другое,5,5,4,5,0.6,0.0030252091871584698,0.206,0.0010061374383740819,1.8109239370769703e-06
Доллар,проблемная_ситуация,5,5,4,5,2.2,0.07802520918715847,0.206,0.00110675118221149,0.00010753045390770176
Граница,другое,5,5,4,5,2.0667,0.0030252091871584698,0.206,0.0019116611329107556,0.00024424465852441183
Кредит,другое,5,4,5,5,3.0,0.0029666154371584697,0.206,0.0007042962068618574,4.60551360834835e-05
Спектакль,другое,5,5,4,5,1.7667,0.0030252091871584698,0.206,0.0007042962068618574,0.00011727219237773017
Ограда,другое,5,5,4,5,2.9,0.0030252091871584698,0.206,0.0005030687191870409,0.0
Выброс,экология,6,4,4,6,0.45,0.003513063524590164,0.206,0.0008049099506992655,7.194451073010002e-07
Колено,другое,5,4,5,5,1.2,0.0029666154371584697,0.206,0.0005030687191870409,0.0
Перебой,другое,5,4,5,5,2.8,0.0029666154371584697,0.206,0.0005030687191870409,0.0
Темнота,другое,5,5,4,5,1.7667,0.0030252091871584698,0.206,0.0007042962068618574,3.7854128413338408e-06
Прилавок,проблемная_ситуация,5,5,4,5,1.3333,0.07802520918715847,0.206,0.0006036824630244492,2.8241176764114386e-07
Река,экология,5,5,5,5,2.15,0.0030252091871584698,0.206,0.00553375591105745,0.000248856291007282
Реквизит,другое,5,5,4,5,2.3667,0.0030252091871584698,0.206,0.0005030687191870409,0.0
Вклад,другое,6,4,4,6,3.6,0.003513063524590164,0.206,0.0007042962068618574,0.0
Напиток,другое,5,5,4,5,1.0333,0.0030252091871584698,0.206,0.0005030687191870409,0.0
Др,другое,8,3,3,8,0.9167,0.004547365949453552,0.206,0.0008049099506992655,0.0
Трещина,другое,5,5,4,5,1.2333,0.0030252091871584698,0.206,0.0020122748767481637,0.0001246259679832138
Стандарт,другое,5,5,4,5,1.9333,0.0030252091871584698,0.206,0.0010061374383740819,2.5702596681928406e-06
Реестр,другое,6,4,4,6,1.65,0.003513063524590164,0.206,0.0007042962068618574,0.00014207642085787702
Зрелище,другое,5,4,5,5,9.55,0.0029666154371584697,0.206,0.0005030687191870409,0.0
Гсп,другое,5,5,4,5,3.4667,0.0030252091871584698,0.206,0.0009055236945366737,1.377203278402863e-06
Квартиру,другое,5,4,5,5,2.85,0.0029666154371584697,0.206,0.0005030687191870409,0.0
Длина,другое,5,4,5,5,4.3,0.0029666154371584697,0.206,0.0006036824630244492,6.787017288922577e-07
Турист,другое,5,5,5,5,0.45,0.0030252091871584698,0.206,0.0033202535466344703,0.0002125881258990141
Наталья,другое,5,5,4,5,1.4667,0.0030252091871584698,0.206,0.0028171848274474295,0.00021777022276227523
Ввод,другое,5,5,4,5,0.8667,0.0030252091871584698,0.206,0.0005030687191870409,0.0
Бордюр,инфраструктура,5,5,5,5,0.9,0.0030252091871584698,0.206,0.0008049099506992655,8.792739384699994e-07
Состоянии,другое,5,4,5,5,3.45,0.0029666154371584697,0.206,0.0005030687191870409,0.0
Кап,другое,5,5,4,5,1.2667,0.0030252091871584698,0.206,0.0007042962068618574,6.49579240697224e-06
Указатель,другое,5,5,5,5,4.35,0.0030252091871584698,0.206,0.0006036824630244492,0.0
Залив,другое,5,4,5,5,2.9,0.0029666154371584697,0.206,0.0009055236945366737,6.099265343480483e-07
Коновалов,другое,5,4,5,5,0.7,0.0029666154371584697,0.206,0.0005030687191870409,0.0
Проникновение,другое,5,5,4,5,1.7667,0.0030252091871584698,0.206,0.0006036824630244492,2.395470288336628e-07
Окурок,другое,5,5,4,5,1.9333,0.0030252091871584698,0.206,0.0007042962068618574,3.82183990735487e-06
Горка,другое,5,4,5,5,1.5,0.0029666154371584697,0.206,0.0017104336452359392,1.1929172824418622e-05
Специальность,другое,5,5,4,5,2.2333,0.0030252091871584698,0.206,0.0005030687191870409,0.0
Обстановка,другое,5,5,5,5,1.4,0.0030252091871584698,0.206,0.001609819901398531,0.00012047467166118652
Гололёд,другое,5,4,5,5,3.15,0.0029666154371584697,0.206,0.0008049099506992655,3.8756615025518525e-06
Категория,другое,5,4,5,5,0.8,0.0029666154371584697,0.206,0.001509206157561123,1.77612986502421e-05
Постановка,инфраструктура,5,5,4,5,2.1,0.0030252091871584698,0.206,0.0014085924137237148,4.8104463285049015e-05
Унитаз,другое,10,2,2,10,1.6667,0.00558166837431694,0.205,0.0010061374383740819,0.0
Выделение,другое,6,6,6,6,0.3571,0.0036302510245901642,0.204,0.0006036824630244492,0.0
Иск,другое,7,5,5,7,0.3667,0.004118105362021858,0.204,0.0008049099506992655,0.00014368663663770026
Куртка,другое,5,4,4,5,1.35,0.0029666154371584697,0.203,0.0006036824630244492,4.607027499815973e-05
Транспорту,другое,5,4,4,5,2.55,0.0029666154371584697,0.203,0.0005030687191870409,0.0
Сервис,другое,5,4,4,5,0.45,0.0029666154371584697,0.203,0.0012073649260488984,1.1873771461711224e-06
Гибдд,другое,5,4,4,5,1.15,0.0029666154371584697,0.203,0.0005030687191870409,0.0
Ситуацией,другое,5,4,4,5,3.1,0.0029666154371584697,0.203,0.0005030687191870409,0.0
Масштаб,другое,5,4,4,5,0.65,0.0029666154371584697,0.203,0.0007042962068618574,2.861441079124012e-06
Водой,другое,5,4,4,5,1.05,0.0029666154371584697,0.203,0.0005030687191870409,0.0
Месяцев,другое,5,4,4,5,2.7,0.0029666154371584697,0.203,0.0005030687191870409,0.0
Маршрутов,другое,5,4,4,5,2.95,0.0029666154371584697,0.203,0.0005030687191870409,0.0
Нужда,другое,5,4,4,5,3.1,0.0029666154371584697,0.203,0.0009055236945366737,3.880430930516008e-06
Ремонта,жилищно-коммунальное,7,4,2,7,6.2,0.0040595116120218586,0.203,0.0007042962068618574,0.0
Балл,другое,5,4,4,5,0.6,0.0029666154371584697,0.203,0.0007042962068618574,4.687692379164489e-05
Нарушитель,другое,5,4,4,5,0.85,0.0029666154371584697,0.203,0.0020122748767481637,0.00013879001419928546
Шушар,другое,5,4,4,5,3.65,0.0029666154371584697,0.203,0.0013079786698863066,0.00014355638516613134
Электричка,другое,5,5,4,5,0.45,0.0030252091871584698,0.203,0.0013079786698863066,0.00018688098336579952
Вмешательство,другое,7,3,3,7,1.3333,0.004000917862021858,0.202,0.00110675118221149,4.6915099831901156e-05
Минздрав,другое,6,3,4,6,2.0,0.0034544697745901645,0.202,0.0007042962068618574,2.430831352063522e-07
Льду,другое,7,3,3,7,2.8333,0.004000917862021858,0.202,0.0007042962068618574,0.0
Ремонтом,жилищно-коммунальное,8,3,2,8,6.9167,0.004547365949453552,0.202,0.0008049099506992655,0.0
Машины,другое,5,3,5,5,5.3333,0.00290802168715847,0.202,0.0005030687191870409,0.0
Проблеме,другое,5,3,5,5,7.8333,0.00290802168715847,0.202,0.0005030687191870409,0.0
Корень,другое,13,8,8,13,0.25,0.007572575136612022,0.201,0.00221350236442298,0.00019635709578968806
Завершение,другое,4,4,4,4,8.5,0.002420167349726776,0.199,0.0007042962068618574,2.654462405754309e-07
Главное,другое,4,4,4,4,1.05,0.002420167349726776,0.199,0.0006036824630244492,9.469359086841924e-05
Прибытие,другое,4,4,4,4,3.4,0.002420167349726776,0.199,0.00040245497534963277,0.0
Гадость,другое,4,4,4,4,4.35,0.002420167349726776,0.199,0.00040245497534963277,0.0
Усмань,другое,4,4,4,4,1.05,0.002420167349726776,0.199,0.0007042962068618574,4.1739879902821863e-05
Сюрприз,другое,4,4,4,4,3.3,0.002420167349726776,0.199,0.00040245497534963277,0.0
Поздравление,другое,4,4,4,4,0.45,0.002420167349726776,0.199,0.00040245497534963277,0.0
Посетитель,другое,4,4,4,4,0.8,0.002420167349726776,0.199,0.0019116611329107556,0.00012906376371124172
Проблемма,другое,6,4,2,6,1.9,0.003513063524590164,0.199,0.0007042962068618574,3.65425549528898e-07
Беззаконие,другое,4,4,4,4,3.8,0.002420167349726776,0.199,0.00040245497534963277,0.0
Спуск,другое,4,4,4,4,2.85,0.002420167349726776,0.199,0.0006036824630244492,7.527138489557389e-07
Проявление,другое,4,4,4,4,2.85,0.002420167349726776,0.199,0.00040245497534963277,0.0
Опрос,другое,4,4,4,4,2.45,0.002420167349726776,0.199,0.0007042962068618574,8.124878649103696e-05
Профиль,другое,4,4,4,4,3.95,0.002420167349726776,0.199,0.00040245497534963277,0.0
Окончание,другое,4,4,4,4,3.25,0.002420167349726776,0.199,0.0007042962068618574,3.561285075734865e-06
Тропинка,другое,4,4,4,4,6.3,0.002420167349726776,0.199,0.0009055236945366737,7.517373079208041e-05
Исправление,другое,4,4,4,4,0.55,0.002420167349726776,0.199,0.00040245497534963277,0.0
Ухо,другое,4,4,4,4,0.55,0.002420167349726776,0.199,0.00040245497534963277,0.0
Игрушка,другое,4,4,4,4,0.5,0.002420167349726776,0.199,0.0008049099506992655,0.00016347915890662154
Шампунь,другое,4,4,4,4,0.55,0.002420167349726776,0.199,0.0005030687191870409,7.109310585364888e-05
Магистраль,другое,4,4,4,4,0.85,0.002420167349726776,0.199,0.0005030687191870409,2.9321066352230475e-07
Заказ,другое,12,11,11,12,0.2045,0.007201908299180329,0.199,0.0012073649260488984,0.0
Студент,другое,4,4,4,4,1.0,0.002420167349726776,0.199,0.0028171848274474295,0.000249227216688658
Расположение,другое,4,4,4,4,4.45,0.002420167349726776,0.199,0.0007042962068618574,2.912739884199912e-06
Поручень,другое,4,4,4,4,1.35,0.002420167349726776,0.199,0.00040245497534963277,0.0
Альтернатива,другое,4,4,4,4,5.15,0.002420167349726776,0.199,0.0020122748767481637,6.213503678791268e-05
Мойка,другое,4,4,4,4,2.9,0.002420167349726776,0.199,0.0009055236945366737,0.00010555754895523815
Наследство,другое,4,4,4,4,3.95,0.002420167349726776,0.199,0.00040245497534963277,0.0
Взаимодействие,другое,4,4,4,4,3.55,0.002420167349726776,0.199,0.0005030687191870409,7.098458205503934e-05
Катание,другое,4,4,4,4,2.55,0.002420167349726776,0.199,0.00040245497534963277,0.0
Экология,другое,4,4,4,4,0.4,0.002420167349726776,0.199,0.0009055236945366737,7.042556017137251e-06
Петербуржец,другое,4,4,4,4,0.6,0.002420167349726776,0.199,0.002112888620585572,9.6790863531305e-05
Пустырь,другое,4,4,4,4,1.8,0.002420167349726776,0.199,0.0013079786698863066,5.067807415053242e-05
Метраж,другое,4,4,4,4,2.25,0.002420167349726776,0.199,0.0007042962068618574,9.226216968886418e-07
Домах,другое,4,4,4,4,1.85,0.002420167349726776,0.199,0.00040245497534963277,0.0
Нововведение,другое,4,4,4,4,4.65,0.002420167349726776,0.199,0.0007042962068618574,3.4094173815682818e-06
Тонна,другое,8,2,2,8,4.1667,0.004488772199453552,0.199,0.0012073649260488984,4.624853817403045e-05
Долгий,другое,4,4,4,4,2.95,0.002420167349726776,0.199,0.0005030687191870409,5.849365195517115e-07
Отчёт,другое,9,6,7,9,0.3095,0.005269595286885247,0.199,0.00110675118221149,1.1231660390286592e-06
Четверг,другое,4,4,4,4,1.0,0.002420167349726776,0.199,0.0005030687191870409,2.7522013156559117e-06
Кондуктор,другое,4,4,4,4,1.7,0.002420167349726776,0.199,0.0012073649260488984,5.728945201144226e-05
Начальник,другое,4,4,4,4,6.45,0.002420167349726776,0.199,0.004930073448033001,0.00025400707603261136
Зп,другое,4,4,4,4,4.65,0.002420167349726776,0.199,0.0005030687191870409,4.6054731406356395e-05
Заседание,другое,4,4,4,4,0.65,0.002420167349726776,0.199,0.0005030687191870409,1.8720318956763512e-06
Кафе,другое,4,4,4,4,2.2,0.002420167349726776,0.199,0.0007042962068618574,1.5809016693927643e-05
Зарасти,другое,4,4,4,4,0.5,0.002420167349726776,0.199,0.00040245497534963277,0.0
Столик,другое,4,4,4,4,2.25,0.002420167349726776,0.199,0.00040245497534963277,0.0
Существо,другое,4,4,4,4,1.9,0.002420167349726776,0.199,0.0007042962068618574,2.9675246719185155e-06
Введение,другое,4,4,4,4,2.55,0.002420167349726776,0.199,0.0005030687191870409,1.1525791129235084e-05
Ооо,другое,4,4,4,4,2.25,0.002420167349726776,0.199,0.001609819901398531,5.825302658265775e-05
Руль,другое,4,4,4,4,3.3,0.002420167349726776,0.199,0.0006036824630244492,3.294710285512983e-06
Исследование,другое,4,4,4,4,1.3,0.002420167349726776,0.199,0.0009055236945366737,4.928981962220264e-05
Масса,другое,8,8,8,8,0.2917,0.004840334699453552,0.199,0.0017104336452359392,1.8351984992876065e-05
Контора,другое,4,4,4,4,0.8,0.002420167349726776,0.199,0.0008049099506992655,5.360337070271958e-06
Последний,другое,4,4,4,4,0.9,0.002420167349726776,0.199,0.0008049099506992655,0.00011795007770522655
Воровство,другое,4,4,4,4,3.3,0.002420167349726776,0.199,0.0005030687191870409,7.108995813607348e-05
Поручение,другое,4,4,4,4,3.3,0.002420167349726776,0.199,0.0005030687191870409,2.697397437613347e-07
Сми,другое,4,4,4,4,1.2,0.002420167349726776,0.199,0.00040245497534963277,0.0
Десятилетие,другое,4,4,4,4,0.85,0.002420167349726776,0.199,0.0006036824630244492,1.0307643930516996e-06
Ступенька,другое,4,4,4,4,1.35,0.002420167349726776,0.199,0.0007042962068618574,4.661054438537227e-05
Школьник,другое,4,4,4,4,0.95,0.002420167349726776,0.199,0.002615957339772613,0.000251389190248885
Прочее,другое,4,4,4,4,6.85,0.002420167349726776,0.199,0.0005030687191870409,7.222957592687808e-06
Фекалия,другое,4,4,4,4,2.3,0.002420167349726776,0.199,0.0006036824630244492,4.609061916588324e-05
Знание,другое,4,4,4,4,2.4,0.002420167349726776,0.199,0.0006036824630244492,4.6166083993512135e-05
Доктор,другое,4,4,4,4,2.65,0.002420167349726776,0.199,0.00221350236442298,0.00010980448323902029
Стадия,другое,4,4,4,4,0.65,0.002420167349726776,0.199,0.0005030687191870409,0.000141920251671643
Неуважение,другое,4,4,4,4,0.45,0.002420167349726776,0.199,0.0005030687191870409,1.0983930566683762e-05
Улицу,другое,5,3,4,5,3.5833,0.00290802168715847,0.199,0.0005030687191870409,0.0
Новшество,другое,4,4,4,4,4.8,0.002420167349726776,0.199,0.00040245497534963277,0.0
Порыв,другое,4,4,4,4,0.8,0.002420167349726776,0.199,0.0010061374383740819,0.00014299464298393963
Рекомендация,другое,4,4,4,4,2.75,0.002420167349726776,0.199,0.0008049099506992655,1.1195157904187725e-05
Тележка,другое,4,4,4,4,10.75,0.002420167349726776,0.199,0.0006036824630244492,4.609307759104883e-05
Ветвь,другое,4,4,4,4,3.5,0.002420167349726776,0.199,0.0006036824630244492,4.6453199546876036e-05
Ознакомление,транспорт,4,4,4,4,2.75,0.002420167349726776,0.199,0.00040245497534963277,0.0
Достижение,другое,4,4,4,4,1.4,0.002420167349726776,0.199,0.00040245497534963277,0.0
Навязывание,другое,4,4,4,4,0.65,0.002420167349726776,0.199,0.00040245497534963277,0.0
P.s,другое,4,4,4,4,0.9,0.002420167349726776,0.199,0.00040245497534963277,0.0
Косяк,другое,4,4,4,4,2.15,0.002420167349726776,0.199,0.0005030687191870409,1.756116764923273e-07
Негатив,другое,4,4,4,4,1.5,0.002420167349726776,0.199,0.00040245497534963277,0.0
Совершение,другое,4,4,4,4,0.4,0.002420167349726776,0.199,0.0005030687191870409,1.0593507750710172e-06
Экспресс,другое,4,4,4,4,0.95,0.002420167349726776,0.199,0.00040245497534963277,0.0
Обрушение,другое,4,4,4,4,4.6,0.002420167349726776,0.199,0.0013079786698863066,0.0001392793300092255
Герой,другое,4,4,4,4,0.85,0.002420167349726776,0.199,0.005131300935707818,0.0002602662317149339
Фестиваль,другое,4,4,4,4,2.55,0.002420167349726776,0.199,0.0005030687191870409,4.6064855550433414e-05
Колпино,другое,4,4,4,4,2.9,0.002420167349726776,0.199,0.0012073649260488984,5.6088340103641975e-05
Брусчатка,другое,4,4,4,4,0.95,0.002420167349726776,0.199,0.0008049099506992655,4.946623131698181e-05
Обход,другое,4,4,4,4,1.0,0.002420167349726776,0.199,0.0005030687191870409,7.192013041823055e-05
Критерий,другое,4,4,4,4,2.1,0.002420167349726776,0.199,0.00040245497534963277,0.0
Беженец,другое,4,4,4,4,0.95,0.002420167349726776,0.199,0.002414729852097797,0.00020815023687126072
Кипяток,другое,4,4,4,4,0.8,0.002420167349726776,0.199,0.0005030687191870409,7.144431490691175e-05
Полигон,другое,4,4,4,4,4.8,0.002420167349726776,0.199,0.00040245497534963277,0.0
Жемчужина,другое,4,4,4,4,2.9,0.002420167349726776,0.199,0.0006036824630244492,1.132191629105554e-06
Детишки,другое,4,4,4,4,2.35,0.002420167349726776,0.199,0.0005030687191870409,4.285587672289015e-07
Перевозка,другое,4,4,4,4,2.4,0.002420167349726776,0.199,0.0007042962068618574,7.103139743285344e-05
Стояк,другое,4,4,4,4,3.65,0.002420167349726776,0.199,0.0005030687191870409,1.8217374449499237e-07
Поздний,другое,4,4,4,4,1.5,0.002420167349726776,0.199,0.0005030687191870409,1.7983829437042387e-07
П.,другое,5,3,4,5,4.25,0.00290802168715847,0.199,0.0007042962068618574,2.0409810123580427e-06
Потребность,другое,4,4,4,4,0.75,0.002420167349726776,0.199,0.0005030687191870409,8.710647440556893e-07
Расчёт,другое,4,4,4,4,0.5,0.002420167349726776,0.199,0.0007042962068618574,7.262278479943034e-05
Русло,другое,5,4,3,5,1.8,0.0029666154371584697,0.199,0.0005030687191870409,0.0
Заявитель,другое,5,4,3,5,3.0,0.0029666154371584697,0.199,0.002414729852097797,0.000262560243040526
Урегулирование,другое,4,4,4,4,4.45,0.002420167349726776,0.199,0.0005030687191870409,8.155722186889166e-05
Железа,другое,4,4,4,4,3.2,0.002420167349726776,0.199,0.00040245497534963277,0.0
Юр,другое,4,4,4,4,0.55,0.002420167349726776,0.199,0.0006036824630244492,4.098518116060859e-07
Развязка,инфраструктура,4,4,4,4,4.55,0.002420167349726776,0.199,0.0017104336452359392,0.00017916589048396674
Сужение,другое,4,4,4,4,1.65,0.002420167349726776,0.199,0.00040245497534963277,0.0
Кой,другое,4,4,4,4,0.85,0.002420167349726776,0.199,0.00040245497534963277,0.0
Вкус,другое,4,4,4,4,1.0,0.002420167349726776,0.199,0.00040245497534963277,0.0
Прежний,другое,4,4,4,4,1.25,0.002420167349726776,0.199,0.00040245497534963277,0.0
Бумажка,другое,4,4,4,4,0.95,0.002420167349726776,0.199,0.0012073649260488984,0.00011939688470106155
Опора,другое,4,4,4,4,0.8,0.002420167349726776,0.199,0.0009055236945366737,5.218348153731214e-05
Перепад,другое,4,4,4,4,1.05,0.002420167349726776,0.199,0.0006036824630244492,9.740387081345438e-06
Прогноз,другое,4,4,4,4,2.45,0.002420167349726776,0.199,0.0006036824630244492,4.635575988454947e-05
Описание,другое,4,4,4,4,0.7,0.002420167349726776,0.199,0.0009055236945366737,0.00012318302529582746
Крюк,другое,4,4,4,4,0.45,0.002420167349726776,0.199,0.00040245497534963277,0.0
Порт,другое,4,4,4,4,1.25,0.002420167349726776,0.199,0.0005030687191870409,1.4140693474396309e-06
Возвращение,другое,4,4,4,4,1.4,0.002420167349726776,0.199,0.0006036824630244492,1.3717085733181962e-06
Касса,другое,4,4,4,4,1.1,0.002420167349726776,0.199,0.0007042962068618574,1.5155597165692744e-05
Ленинград,другое,4,4,4,4,2.05,0.002420167349726776,0.199,0.0008049099506992655,8.8187207164967e-05
Детский,другое,4,4,4,4,0.45,0.002420167349726776,0.199,0.0006036824630244492,6.040152663524831e-07
Дет,другое,4,4,4,4,6.0,0.002420167349726776,0.199,0.00040245497534963277,0.0
Миллион,другое,4,4,4,4,1.5,0.002420167349726776,0.199,0.0005030687191870409,7.338116722296877e-05
Петроэлектросбыт,другое,4,4,4,4,0.75,0.002420167349726776,0.199,0.0005030687191870409,4.436908618056186e-06
Дворец,другое,4,4,4,4,0.5,0.002420167349726776,0.199,0.0008049099506992655,0.00011723928394642294
Люди,другое,4,4,4,4,3.05,0.002420167349726776,0.199,0.002112888620585572,1.737784071013401e-05
Солнце,другое,4,4,4,4,5.65,0.002420167349726776,0.199,0.0005030687191870409,4.6054731406356395e-05
Снилс,другое,4,4,4,4,0.9,0.002420167349726776,0.199,0.00040245497534963277,0.0
Ерунда,другое,4,4,4,4,3.1,0.002420167349726776,0.199,0.0006036824630244492,3.26192792035132e-05
Суббота,другое,4,4,4,4,0.65,0.002420167349726776,0.199,0.0012073649260488984,7.415786744114222e-05
Сапог,другое,4,4,4,4,5.55,0.002420167349726776,0.199,0.0005030687191870409,9.687160041590505e-07
Наступление,другое,4,4,4,4,0.9,0.002420167349726776,0.199,0.00040245497534963277,0.0
Метрополитен,транспорт,4,4,4,4,0.6,0.002420167349726776,0.199,0.0005030687191870409,7.133950484174386e-05
Доу,другое,4,4,4,4,2.0,0.002420167349726776,0.199,0.0005030687191870409,3.4718022481990884e-06
Оклад,другое,4,4,4,4,0.4,0.002420167349726776,0.199,0.0005030687191870409,2.673248163687864e-07
Директор,другое,4,4,4,4,0.9,0.002420167349726776,0.199,0.00945769192071637,0.0007420742734632867
Показуха,другое,4,4,4,4,0.6,0.002420167349726776,0.199,0.0007042962068618574,5.335290258739287e-07
Квест,другое,4,4,4,4,2.4,0.002420167349726776,0.199,0.0005030687191870409,4.6054731406356395e-05
Продолжение,другое,4,4,4,4,1.8,0.002420167349726776,0.199,0.00110675118221149,4.36329656469092e-06
Асфальтирование,инфраструктура,4,4,4,4,0.85,0.002420167349726776,0.199,0.00040245497534963277,0.0
Метод,другое,4,4,4,4,1.1,0.002420167349726776,0.199,0.00040245497534963277,0.0
Торец,другое,4,4,4,4,2.7,0.002420167349726776,0.199,0.0012073649260488984,5.477026543962435e-05
Беременность,другое,4,4,4,4,2.05,0.002420167349726776,0.199,0.0008049099506992655,7.532327741686929e-06
Оао,другое,4,4,4,4,1.75,0.002420167349726776,0.199,0.0005030687191870409,7.102989917763753e-05
Виновный,другое,4,4,4,4,1.15,0.002420167349726776,0.199,0.00040245497534963277,0.0
Стиль,другое,4,4,4,4,2.55,0.002420167349726776,0.199,0.0006036824630244492,5.644793800350954e-06
Остановке,другое,4,4,4,4,6.4,0.002420167349726776,0.199,0.00040245497534963277,0.0
Секунда,другое,4,4,4,4,2.1,0.002420167349726776,0.199,0.0010061374383740819,2.9818508648695867e-06
Гр,другое,5,5,5,5,0.3667,0.0030252091871584698,0.197,0.0005030687191870409,0.0
Узи,другое,6,5,4,6,0.3667,0.003571657274590164,0.197,0.0007042962068618574,7.147032256360836e-05
Ворона,другое,5,5,5,5,0.3667,0.0030252091871584698,0.197,0.0005030687191870409,0.0
Егоров,другое,4,4,3,4,7.75,0.002420167349726776,0.196,0.0005030687191870409,0.0
Морозов,проблемная_ситуация,4,4,3,4,0.8,0.10242016734972677,0.196,0.00040245497534963277,0.0
Ленсовет,другое,4,4,3,4,2.3,0.002420167349726776,0.196,0.0005030687191870409,2.430158919331276e-07
Пыли,другое,4,4,3,4,3.9,0.002420167349726776,0.196,0.00040245497534963277,0.0
Должность,другое,9,9,9,9,0.2556,0.005445376536885246,0.196,0.0009055236945366737,0.0
Обстоятельство,другое,4,4,3,4,1.9,0.002420167349726776,0.196,0.0006036824630244492,5.71376963979992e-05
Прописка,другое,4,4,3,4,4.05,0.002420167349726776,0.196,0.0005030687191870409,1.8098484650657575e-06
Парадный,другое,4,4,3,4,1.75,0.002420167349726776,0.196,0.0019116611329107556,8.171573477019931e-05
Образом,другое,4,4,3,4,4.05,0.002420167349726776,0.196,0.00040245497534963277,0.0
Реставрация,другое,4,4,3,4,1.1,0.002420167349726776,0.196,0.0006036824630244492,4.7325045785558e-05
Больнице,другое,4,4,3,4,1.15,0.002420167349726776,0.196,0.00040245497534963277,0.0
Гор,другое,4,4,3,4,2.45,0.002420167349726776,0.196,0.00040245497534963277,0.0
Грамм,другое,4,4,3,4,6.65,0.002420167349726776,0.196,0.0005030687191870409,4.5086154420432805e-07
Ускорение,другое,4,4,3,4,3.05,0.002420167349726776,0.196,0.00040245497534963277,0.0
Шов,другое,4,4,3,4,3.1,0.002420167349726776,0.196,0.00040245497534963277,0.0
Облагораживание,другое,4,4,3,4,0.95,0.002420167349726776,0.196,0.00040245497534963277,0.0
Всвязь,другое,4,4,3,4,2.0,0.002420167349726776,0.196,0.0005030687191870409,2.970954465248633e-05
Курение,другое,4,4,3,4,2.6,0.002420167349726776,0.196,0.00040245497534963277,0.0
Ширина,другое,4,4,3,4,3.65,0.002420167349726776,0.196,0.0005030687191870409,1.0047548789163391e-07
Анна,другое,4,3,4,4,0.75,0.002361573599726776,0.195,0.0023141161082603882,5.102011658852187e-05
Экономия,другое,4,3,4,4,3.5,0.002361573599726776,0.195,0.0006036824630244492,5.106346515024922e-05
Обработка,другое,4,3,4,4,8.0,0.002361573599726776,0.195,0.001509206157561123,1.6156064118929325e-05
Перевозчик,другое,4,3,4,4,4.5,0.002361573599726776,0.195,0.002414729852097797,5.218334678473193e-05
Формирование,другое,4,3,4,4,4.0,0.002361573599726776,0.195,0.0005030687191870409,7.093987754766747e-05
Коллектор,другое,5,3,3,5,1.5,0.00290802168715847,0.195,0.0007042962068618574,7.478213329497475e-07
А.а,другое,4,3,4,4,1.25,0.002361573599726776,0.195,0.00040245497534963277,0.0
Покупка,другое,4,4,4,4,2.1667,0.002420167349726776,0.195,0.0013079786698863066,1.3224136100619148e-05
Сторону,другое,4,3,4,4,6.0833,0.002361573599726776,0.195,0.00040245497534963277,0.0
Расписка,другое,4,3,4,4,3.5,0.002361573599726776,0.195,0.00040245497534963277,0.0
Публикация,другое,4,3,4,4,3.4167,0.002361573599726776,0.195,0.0014085924137237148,2.1939349728034084e-05
Рубеж,другое,5,3,3,5,5.0,0.00290802168715847,0.195,0.0005030687191870409,0.0
Домов,другое,5,3,3,5,7.75,0.00290802168715847,0.195,0.0005030687191870409,0.0
Порядке,другое,4,3,4,4,5.0,0.002361573599726776,0.195,0.00040245497534963277,0.0
Заболевание,другое,11,10,10,11,0.2182,0.006596866461748634,0.195,0.001609819901398531,8.33933282340591e-05
Осложнение,другое,4,3,4,4,3.4167,0.002361573599726776,0.195,0.00040245497534963277,0.0
Доказательство,другое,4,3,4,4,7.0,0.002361573599726776,0.195,0.0005030687191870409,1.3373997995811662e-07
Доверенность,другое,4,3,4,4,3.75,0.002361573599726776,0.195,0.00040245497534963277,0.0
Ручей,другое,4,3,4,4,0.9167,0.002361573599726776,0.195,0.0006036824630244492,4.6406632849587956e-05
Ликвидация,другое,4,4,4,4,11.3333,0.002420167349726776,0.195,0.0029177985712848377,0.00010088400954605894
Охрана,безопасность,4,4,4,4,1.25,0.002420167349726776,0.195,0.002615957339772613,0.00010196564560208838
Маршрутки,другое,4,3,4,4,5.0833,0.002361573599726776,0.195,0.00040245497534963277,0.0
Помывка,другое,4,4,4,4,1.75,0.002420167349726776,0.195,0.0006036824630244492,2.339461592052866e-07
Оборона,другое,6,6,6,6,0.3333,0.0036302510245901642,0.195,0.00221350236442298,1.8483880206205448e-05
Прошлогодний,другое,4,3,4,4,12.5833,0.002361573599726776,0.195,0.00040245497534963277,0.0
Ученик,другое,4,3,4,4,1.4167,0.002361573599726776,0.195,0.0023141161082603882,0.00018498885937994007
Свидетельство,другое,4,3,4,4,3.0833,0.002361573599726776,0.195,0.0006036824630244492,3.355576421861441e-08
Штукатурка,другое,4,4,4,4,2.1667,0.002420167349726776,0.195,0.0013079786698863066,4.461858477858518e-06
Подписание,другое,4,3,4,4,11.5833,0.002361573599726776,0.195,0.00040245497534963277,0.0
Потолок,другое,4,3,4,4,0.75,0.002361573599726776,0.195,0.0006036824630244492,3.3073698545834096e-06
Загрязнение,экология,6,6,6,6,0.3333,0.0036302510245901642,0.195,0.0008049099506992655,5.1335269012479734e-05
Валидатор,другое,6,6,6,6,0.3333,0.0036302510245901642,0.195,0.00392393600965892,0.0001936070139807156
Выступление,другое,4,3,4,4,3.5,0.002361573599726776,0.195,0.0005030687191870409,0.0002588743640493589
Звание,проблемная_ситуация,4,3,4,4,3.9167,0.07736157359972677,0.195,0.00040245497534963277,0.0
Остров,проблемная_ситуация,11,10,9,11,0.2273,0.039930199795081965,0.195,0.002112888620585572,0.00013895119029359228
Ген,другое,5,3,3,5,0.4167,0.00290802168715847,0.195,0.0005030687191870409,0.0
Недвижимость,инфраструктура,5,2,4,5,7.3333,0.00284942793715847,0.195,0.0006036824630244492,2.633987254622015e-07
Приезд,другое,4,3,4,4,1.0833,0.002361573599726776,0.195,0.0005030687191870409,1.4397298357714764e-07
Постройка,другое,7,7,7,7,0.3036,0.004235292862021858,0.194,0.0028171848274474295,0.00040251618139947623
Алименты,другое,9,9,8,9,0.2556,0.005445376536885246,0.193,0.0014085924137237148,6.070200197800355e-06
Семьей,другое,4,3,3,4,0.6667,0.002361573599726776,0.192,0.00040245497534963277,0.0
Пжл,другое,4,3,3,4,0.4167,0.002361573599726776,0.192,0.00040245497534963277,0.0
Диагноз,другое,4,3,3,4,0.4167,0.002361573599726776,0.192,0.0009055236945366737,1.5234245766734e-05
\n\n,другое,4,3,3,4,1.75,0.002361573599726776,0.192,0.0005030687191870409,7.196947172262979e-05
Соцзащита,другое,4,3,3,4,3.5,0.002361573599726776,0.192,0.00040245497534963277,0.0
Автохлам,другое,4,3,3,4,1.6667,0.002361573599726776,0.192,0.00040245497534963277,0.0
Медаль,другое,4,4,2,4,2.0,0.002420167349726776,0.192,0.00040245497534963277,0.0
Пустыня,другое,4,3,3,4,2.3333,0.002361573599726776,0.192,0.0007042962068618574,4.1687186042530003e-07
Обсуждение,другое,4,3,3,4,0.4167,0.002361573599726776,0.192,0.0005030687191870409,2.408264402902041e-07
Тсж,другое,4,3,3,4,11.4167,0.002361573599726776,0.192,0.0007042962068618574,7.264646028226907e-07
Следование,другое,4,3,3,4,8.25,0.002361573599726776,0.192,0.00040245497534963277,0.0
Простой,другое,4,3,3,4,7.9167,0.002361573599726776,0.192,0.00040245497534963277,0.0
Глубина,другое,4,4,2,4,1.8,0.002420167349726776,0.192,0.0009055236945366737,5.0949612048838135e-05
Перспектива,другое,4,3,3,4,13.5,0.002361573599726776,0.192,0.0005030687191870409,7.237903450269484e-07
Доводчик,другое,4,4,3,4,2.4167,0.002420167349726776,0.192,0.002112888620585572,5.056729953132898e-05
Г.р,другое,4,3,3,4,0.5,0.002361573599726776,0.192,0.00110675118221149,0.00011559286944362056
Тк,другое,9,8,8,9,0.2639,0.005386782786885246,0.192,0.0010061374383740819,0.00013584824652389973
30,другое,4,3,3,4,5.9167,0.002361573599726776,0.192,0.0005030687191870409,1.4126353851869335e-08
Стоматолог,другое,4,3,3,4,0.5,0.002361573599726776,0.192,0.0009055236945366737,4.682404807402739e-05
Армия,другое,4,3,3,4,0.5,0.002361573599726776,0.192,0.001609819901398531,4.449987150981427e-05
Дозировка,другое,4,4,3,4,1.5833,0.002420167349726776,0.192,0.002515343595935205,0.00015358789936775305
Нововоронеж,другое,4,3,3,4,4.6667,0.002361573599726776,0.192,0.00040245497534963277,0.0
Чай,другое,4,3,4,4,8.3333,0.002361573599726776,0.191,0.0005030687191870409,0.0
Цепь,другое,4,2,4,4,3.3333,0.002302979849726776,0.191,0.0005030687191870409,5.931799029273286e-08
Отечество,другое,4,2,4,4,0.6667,0.002302979849726776,0.191,0.0007042962068618574,4.618978526025366e-05
Места,проблемная_ситуация,4,2,4,4,10.5,0.07730297984972677,0.191,0.00040245497534963277,0.0
Кошелёк,другое,7,5,5,7,0.3333,0.004118105362021858,0.191,0.0007042962068618574,0.0
Фио,другое,7,7,6,7,0.3036,0.004235292862021858,0.191,0.0007042962068618574,0.0
Жск,другое,7,7,6,7,0.3036,0.004235292862021858,0.191,0.0008049099506992655,4.6054731406356395e-05
Камера,безопасность,5,5,3,5,0.3667,0.0030252091871584698,0.19,0.0028171848274474295,0.00038319014949152
Взнос,другое,9,8,9,9,0.25,0.005386782786885246,0.19,0.0010061374383740819,4.6064855550433414e-05
Терминал,другое,7,6,6,7,0.3095,0.004176699112021859,0.189,0.0008049099506992655,0.0001431843883604631
Карусель,другое,3,3,3,3,7.25,0.0018151255122950821,0.188,0.0008049099506992655,5.075494282467269e-05
Шлагбаум,другое,3,3,3,3,0.5833,0.0018151255122950821,0.188,0.0005030687191870409,1.0159010286206e-07
Разу,другое,3,3,3,3,8.3333,0.0018151255122950821,0.188,0.0003018412315122246,0.0
Сволочь,другое,3,3,3,3,0.5,0.0018151255122950821,0.188,0.00040245497534963277,5.243359015078176e-07
Пл.,другое,3,3,3,3,0.8333,0.0018151255122950821,0.188,0.0003018412315122246,0.0
Карте,другое,3,3,3,3,0.75,0.0018151255122950821,0.188,0.0003018412315122246,0.0
Уч,другое,3,3,3,3,0.5,0.0018151255122950821,0.188,0.0003018412315122246,0.0
Жена,другое,3,3,3,3,3.25,0.0018151255122950821,0.188,0.004125163497333736,0.0003268225769586453
Отчаяние,другое,3,3,3,3,0.4167,0.0018151255122950821,0.188,0.0006036824630244492,1.4677254114419622e-06
Петербурге,другое,3,3,3,3,6.25,0.0018151255122950821,0.188,0.0003018412315122246,0.0
Символ,другое,3,3,3,3,5.5,0.0018151255122950821,0.188,0.0003018412315122246,0.0
Хлебозавод,другое,3,3,3,3,1.3333,0.0018151255122950821,0.188,0.00040245497534963277,7.139622668224235e-05
Диалог,другое,3,3,3,3,3.9167,0.0018151255122950821,0.188,0.0005030687191870409,8.900338473049493e-08
Информацию,другое,3,3,3,3,4.0833,0.0018151255122950821,0.188,0.0003018412315122246,0.0
Заказник,другое,3,3,3,3,1.0833,0.0018151255122950821,0.188,0.0003018412315122246,0.0
Слушание,другое,3,3,3,3,0.4167,0.0018151255122950821,0.188,0.0003018412315122246,0.0
Водохранилище,другое,3,3,3,3,1.4167,0.0018151255122950821,0.188,0.0003018412315122246,0.0
Должник,другое,3,3,3,3,2.25,0.0018151255122950821,0.188,0.0014085924137237148,2.916887850618328e-06
Дольщик,другое,3,3,3,3,0.5,0.0018151255122950821,0.188,0.001509206157561123,8.863864275529819e-05
Стороны,другое,3,3,3,3,1.5833,0.0018151255122950821,0.188,0.0003018412315122246,0.0
Привет,другое,3,3,3,3,2.5833,0.0018151255122950821,0.188,0.0006036824630244492,7.265452753074665e-06
Реформе,другое,3,3,3,3,0.8333,0.0018151255122950821,0.188,0.0003018412315122246,0.0
Приобретение,другое,3,3,3,3,0.6667,0.0018151255122950821,0.188,0.00040245497534963277,7.097692284566036e-05
Медсестра,другое,3,3,3,3,0.4167,0.0018151255122950821,0.188,0.0003018412315122246,0.0
Бесхозяйственность,другое,3,3,3,3,10.75,0.0018151255122950821,0.188,0.0003018412315122246,0.0
Гинеколог,другое,3,3,3,3,3.4167,0.0018151255122950821,0.188,0.0005030687191870409,3.0393777960249567e-05
Оскорбление,другое,3,3,3,3,0.5833,0.0018151255122950821,0.188,0.00040245497534963277,2.6920886819064434e-07
Club|администрация,другое,3,3,3,3,1.6667,0.0018151255122950821,0.188,0.012174263004326391,0.0005634164519897774
Коридор,другое,3,3,3,3,5.6667,0.0018151255122950821,0.188,0.0005030687191870409,4.923801049779347e-05
Шествие,другое,3,3,3,3,7.25,0.0018151255122950821,0.188,0.0003018412315122246,0.0
Аудитория,другое,3,3,3,3,2.5,0.0018151255122950821,0.188,0.0003018412315122246,0.0
Известность,другое,4,3,2,4,8.9167,0.002361573599726776,0.188,0.00040245497534963277,0.0
Колледж,другое,3,3,3,3,5.1667,0.0018151255122950821,0.188,0.0005030687191870409,4.605378866790774e-05
Снега,другое,3,3,3,3,0.75,0.0018151255122950821,0.188,0.0003018412315122246,0.0
Телевидение,другое,3,3,3,3,0.5,0.0018151255122950821,0.188,0.0007042962068618574,6.4483752674122485e-06
4,другое,3,3,3,3,2.0,0.0018151255122950821,0.188,0.0003018412315122246,0.0
Дворе,другое,3,3,3,3,7.5833,0.0018151255122950821,0.188,0.0003018412315122246,0.0
Сообщении,другое,3,3,3,3,3.5833,0.0018151255122950821,0.188,0.0003018412315122246,0.0
Почва,другое,3,3,3,3,10.75,0.0018151255122950821,0.188,0.0008049099506992655,0.00010019775712267454
Белоостров,другое,3,3,3,3,0.8333,0.0018151255122950821,0.188,0.0003018412315122246,0.0
Грязный,другое,3,3,3,3,3.4167,0.0018151255122950821,0.188,0.0005030687191870409,7.121870693854631e-05
Глава,другое,3,3,3,3,0.5,0.0018151255122950821,0.188,0.015192675319448637,0.001072719841802152
Сотка,другое,3,3,3,3,1.0,0.0018151255122950821,0.188,0.00040245497534963277,4.493725340950846e-06
11:30,другое,3,3,3,3,1.5833,0.0018151255122950821,0.188,0.0003018412315122246,0.0
Объезд,другое,3,3,3,3,4.4167,0.0018151255122950821,0.188,0.0006036824630244492,2.807529112946809e-07
Тысяча,другое,3,3,3,3,3.25,0.0018151255122950821,0.188,0.0010061374383740819,4.628656190780911e-06
Выплату,другое,3,3,3,3,5.75,0.0018151255122950821,0.188,0.0003018412315122246,0.0
Квартире,другое,3,3,3,3,3.3333,0.0018151255122950821,0.188,0.0003018412315122246,0.0
Борисоглебск,другое,3,3,3,3,1.0833,0.0018151255122950821,0.188,0.0007042962068618574,0.00016593362002953067
Ш.,другое,3,3,3,3,2.4167,0.0018151255122950821,0.188,0.00040245497534963277,1.1480863195943264e-07
Шея,другое,3,3,3,3,11.0,0.0018151255122950821,0.188,0.0003018412315122246,0.0
Канава,другое,3,3,3,3,2.0833,0.0018151255122950821,0.188,0.0009055236945366737,0.00010714428123497882
Рычаг,проблемная_ситуация,3,3,3,3,2.8333,0.10181512551229507,0.188,0.0009055236945366737,1.522016286722666e-07
Осс,другое,3,3,3,3,3.5833,0.0018151255122950821,0.188,0.0003018412315122246,0.0
Пруд,другое,3,3,3,3,3.5833,0.0018151255122950821,0.188,0.0005030687191870409,5.271450289325802e-05
Баннер,другое,3,3,3,3,2.5833,0.0018151255122950821,0.188,0.0005030687191870409,1.353013635123126e-06
Фон,другое,3,3,3,3,2.4167,0.0018151255122950821,0.188,0.00040245497534963277,3.7563491520850126e-07
Отравление,другое,3,3,3,3,2.0833,0.0018151255122950821,0.188,0.0003018412315122246,0.0
Диск,другое,3,3,3,3,1.0833,0.0018151255122950821,0.188,0.0003018412315122246,0.0
Подстанция,другое,3,3,3,3,1.3333,0.0018151255122950821,0.188,0.0008049099506992655,7.15037740469263e-05
Сектор,другое,3,3,3,3,2.8333,0.0018151255122950821,0.188,0.0006036824630244492,1.8179456796272948e-07
Сбой,другое,3,3,3,3,0.5833,0.0018151255122950821,0.188,0.0003018412315122246,0.0
Нету,другое,3,3,3,3,5.1667,0.0018151255122950821,0.188,0.0003018412315122246,0.0
Мошенник,другое,3,3,3,3,5.25,0.0018151255122950821,0.188,0.0007042962068618574,7.260044349855354e-05
Соседство,другое,3,3,3,3,4.0833,0.0018151255122950821,0.188,0.0003018412315122246,0.0
Лопата,другое,3,3,3,3,4.1667,0.0018151255122950821,0.188,0.0003018412315122246,0.0
Низ,другое,3,3,3,3,2.4167,0.0018151255122950821,0.188,0.0003018412315122246,0.0
Господин,другое,3,3,3,3,0.5833,0.0018151255122950821,0.188,0.014588992856424189,0.0010204406134040514
Зуб,другое,3,3,3,3,2.8333,0.0018151255122950821,0.188,0.0006036824630244492,1.0711212784131913e-06
Топливо,другое,3,3,3,3,1.0,0.0018151255122950821,0.188,0.0003018412315122246,0.0
Рекультивация,другое,3,3,3,3,0.6667,0.0018151255122950821,0.188,0.0003018412315122246,0.0
Трагедия,другое,3,3,3,3,6.0833,0.0018151255122950821,0.188,0.00110675118221149,0.00012079940998051058
Еду,другое,3,3,3,3,5.0833,0.0018151255122950821,0.188,0.0003018412315122246,0.0
Церковь,другое,3,3,3,3,7.4167,0.0018151255122950821,0.188,0.0005030687191870409,3.9268007892208257e-07
Коммунальщик,другое,3,3,3,3,2.1667,0.0018151255122950821,0.188,0.0027165710836100213,0.00011246094972422239
Песком,другое,3,3,3,3,4.1667,0.0018151255122950821,0.188,0.0003018412315122246,0.0
Эффективность,другое,3,3,3,3,0.5833,0.0018151255122950821,0.188,0.0003018412315122246,0.0
Новиков,другое,3,3,3,3,5.0,0.0018151255122950821,0.188,0.0005030687191870409,3.456816021502109e-07
Сумму,другое,3,3,3,3,0.75,0.0018151255122950821,0.188,0.0003018412315122246,0.0
Выгода,другое,3,3,3,3,1.5833,0.0018151255122950821,0.188,0.00040245497534963277,4.607497969451043e-05
Педиатр,другое,3,3,3,3,0.4167,0.0018151255122950821,0.188,0.001509206157561123,0.00012070243442619961
Кол,другое,3,3,3,3,0.4167,0.0018151255122950821,0.188,0.0003018412315122246,0.0
Ск,другое,3,3,3,3,0.4167,0.0018151255122950821,0.188,0.0003018412315122246,0.0
Людям,другое,3,3,3,3,2.4167,0.0018151255122950821,0.188,0.0003018412315122246,0.0
Накопление,другое,3,3,3,3,2.5833,0.0018151255122950821,0.188,0.00040245497534963277,4.338918890150714e-09
Лавочка,другое,3,3,3,3,5.0833,0.0018151255122950821,0.188,0.0007042962068618574,3.7485560059187563e-06
Диспансеризация,другое,3,3,3,3,0.5833,0.0018151255122950821,0.188,0.002414729852097797,9.485772453417262e-05
Выставка,другое,3,3,3,3,3.0,0.0018151255122950821,0.188,0.0006036824630244492,5.079582877670781e-06
Бассейн,другое,3,3,3,3,1.75,0.0018151255122950821,0.188,0.0008049099506992655,0.0001387928904271713
Бабка,другое,3,3,3,3,2.5833,0.0018151255122950821,0.188,0.0006036824630244492,2.362634216127889e-05
Ролик,другое,3,3,3,3,1.25,0.0018151255122950821,0.188,0.0003018412315122246,0.0
Влажность,другое,3,3,3,3,3.8333,0.0018151255122950821,0.188,0.00040245497534963277,1.9553839511210853e-06
Зависимость,инфраструктура,3,3,3,3,4.0833,0.0018151255122950821,0.188,0.0003018412315122246,0.0
Мяч,другое,3,3,3,3,3.5833,0.0018151255122950821,0.188,0.00040245497534963277,1.2983915103851512e-06
Бочка,другое,3,3,3,3,0.8333,0.0018151255122950821,0.188,0.00040245497534963277,8.237391659664878e-05
Чистка,другое,3,3,3,3,0.4167,0.0018151255122950821,0.188,0.0005030687191870409,4.244539002896488e-07
Больной,другое,3,3,3,3,1.5833,0.0018151255122950821,0.188,0.0005030687191870409,2.7424365940731674e-07
К.,другое,3,3,3,3,1.5,0.0018151255122950821,0.188,0.0010061374383740819,4.050942069230031e-06
Поддержание,другое,3,3,3,3,1.1667,0.0018151255122950821,0.188,0.0008049099506992655,9.364192662458875e-06
Верх,другое,3,3,3,3,1.25,0.0018151255122950821,0.188,0.00040245497534963277,1.1200922817948301e-07
Колея,другое,3,3,3,3,4.6667,0.0018151255122950821,0.188,0.0007042962068618574,5.435998506052588e-06
Реагирование,другое,3,3,3,3,3.6667,0.0018151255122950821,0.188,0.0003018412315122246,0.0
Месяца,другое,3,3,3,3,8.0,0.0018151255122950821,0.188,0.0003018412315122246,0.0
Путепровод,другое,3,3,3,3,5.4167,0.0018151255122950821,0.188,0.0009055236945366737,4.633579485930137e-05
Зноп,другое,3,3,3,3,0.6667,0.0018151255122950821,0.188,0.0003018412315122246,0.0
Ствол,другое,3,3,3,3,0.5,0.0018151255122950821,0.188,0.0003018412315122246,0.0
Выпуск,другое,3,3,3,3,0.6667,0.0018151255122950821,0.188,0.0003018412315122246,0.0
11,другое,3,3,3,3,5.5833,0.0018151255122950821,0.188,0.0003018412315122246,0.0
Налогоплательщик,другое,3,3,3,3,1.8333,0.0018151255122950821,0.188,0.0009055236945366737,5.0137647560446323e-05
Парус,другое,3,3,3,3,0.5,0.0018151255122950821,0.188,0.001609819901398531,0.0001384955064348958
Спецоперация,другое,3,3,3,3,1.25,0.0018151255122950821,0.188,0.0013079786698863066,0.00010594236995044546
Договорённость,другое,3,3,3,3,1.1667,0.0018151255122950821,0.188,0.0003018412315122246,0.0
Слеза,другое,3,3,3,3,0.5,0.0018151255122950821,0.188,0.0003018412315122246,0.0
Отметка,другое,3,3,3,3,1.5833,0.0018151255122950821,0.188,0.00040245497534963277,2.8941932877902494e-07
Варварство,другое,3,3,3,3,4.25,0.0018151255122950821,0.188,0.0005030687191870409,2.2627241351885938e-05
Г,другое,3,3,3,3,0.5,0.0018151255122950821,0.188,0.0006036824630244492,0.00011704292929543277
Фамилия,другое,3,3,3,3,0.4167,0.0018151255122950821,0.188,0.0007042962068618574,1.3463474834941621e-05
Статистика,другое,3,3,3,3,0.8333,0.0018151255122950821,0.188,0.0007042962068618574,4.6660595570767905e-05
Мкг,другое,3,3,3,3,3.5,0.0018151255122950821,0.188,0.0003018412315122246,0.0
Фрагмент,проблемная_ситуация,3,3,3,3,1.3333,0.10181512551229507,0.188,0.0005030687191870409,0.00010199280177015611
Доза,другое,3,3,3,3,1.1667,0.0018151255122950821,0.188,0.0003018412315122246,0.0
Борьба,другое,3,3,3,3,1.8333,0.0018151255122950821,0.188,0.001509206157561123,9.286573587966517e-05
Законопроект,другое,3,3,3,3,0.5,0.0018151255122950821,0.188,0.0003018412315122246,0.0
Глыба,другое,3,3,3,3,0.6667,0.0018151255122950821,0.188,0.0014085924137237148,4.841085759677072e-05
Полис,другое,3,3,3,3,0.5833,0.0018151255122950821,0.188,0.0010061374383740819,0.00011787877878973164
Яндекс,другое,3,3,3,3,4.75,0.0018151255122950821,0.188,0.0006036824630244492,1.6539541860862601e-06
Гравий,другое,3,3,3,3,1.8333,0.0018151255122950821,0.188,0.0003018412315122246,0.0
Жизни,другое,3,3,3,3,4.4167,0.0018151255122950821,0.188,0.0003018412315122246,0.0
Заправка,другое,3,3,3,3,1.0,0.0018151255122950821,0.188,0.0006036824630244492,6.153735214044354e-07
Особенность,другое,3,3,3,3,1.5,0.0018151255122950821,0.188,0.00040245497534963277,1.3543758446049534e-06
Оборот,другое,3,3,3,3,3.5833,0.0018151255122950821,0.188,0.00040245497534963277,4.901889892231172e-07
Затрата,другое,3,3,3,3,0.5,0.0018151255122950821,0.188,0.0003018412315122246,0.0
Читатели,другое,3,3,3,3,3.5,0.0018151255122950821,0.188,0.0006036824630244492,0.0001613224865247766
Приступ,другое,3,3,3,3,0.5,0.0018151255122950821,0.188,0.0003018412315122246,0.0
Куб,другое,3,3,3,3,0.4167,0.0018151255122950821,0.188,0.00040245497534963277,4.6054731406356395e-05
Заявлению,другое,3,3,3,3,5.75,0.0018151255122950821,0.188,0.0003018412315122246,0.0
Холод,другое,3,3,3,3,2.25,0.0018151255122950821,0.188,0.0005030687191870409,4.6393831031014373e-07
Пеня,другое,3,3,3,3,0.9167,0.0018151255122950821,0.188,0.00040245497534963277,2.81768758081742e-06
Авиаконструктор,другое,3,3,3,3,13.8333,0.0018151255122950821,0.188,0.0018110473890733474,9.743135707676069e-05
Тц,другое,3,3,3,3,3.9167,0.0018151255122950821,0.188,0.0003018412315122246,0.0
Мечта,другое,3,3,3,3,1.3333,0.0018151255122950821,0.188,0.00040245497534963277,7.822932960117671e-07
Местечко,другое,3,3,3,3,0.9167,0.0018151255122950821,0.188,0.0003018412315122246,0.0
Культура,другое,3,3,3,3,2.5833,0.0018151255122950821,0.188,0.0046282322165207765,0.00021638282187978018
Сдача,другое,3,3,3,3,1.5,0.0018151255122950821,0.188,0.001609819901398531,9.82260715841675e-06
Самосвал,другое,3,3,3,3,3.9167,0.0018151255122950821,0.188,0.00040245497534963277,4.5517978098270505e-07
Больничный,другое,3,3,3,3,0.4167,0.0018151255122950821,0.188,0.00040245497534963277,7.096012583582143e-05
Проездной,другое,3,3,3,3,0.5833,0.0018151255122950821,0.188,0.0003018412315122246,0.0
Б-р,другое,3,3,3,3,3.5833,0.0018151255122950821,0.188,0.0003018412315122246,0.0
Десяток,другое,3,3,3,3,3.5833,0.0018151255122950821,0.188,0.0003018412315122246,0.0
Темп,другое,3,3,3,3,1.5833,0.0018151255122950821,0.188,0.0003018412315122246,0.0
Кучка,другое,3,3,3,3,0.5833,0.0018151255122950821,0.188,0.0003018412315122246,0.0
Дикси,другое,3,3,3,3,0.5,0.0018151255122950821,0.188,0.0005030687191870409,2.7578864309975445e-07
Стационар,другое,3,3,3,3,3.3333,0.0018151255122950821,0.188,0.0005030687191870409,7.126108671961952e-06
Клетка,другое,3,3,3,3,1.75,0.0018151255122950821,0.188,0.0034208672904718785,0.0004275286480402315
Корм,другое,3,3,3,3,1.0,0.0018151255122950821,0.188,0.00040245497534963277,1.8857868791181346e-06
Ценообразование,другое,3,3,3,3,4.0833,0.0018151255122950821,0.188,0.0005030687191870409,1.2480810770745537e-07
Глупость,другое,3,3,3,3,1.0833,0.0018151255122950821,0.188,0.0006036824630244492,6.862383214522229e-06
Наука,другое,3,3,3,3,2.4167,0.0018151255122950821,0.188,0.001509206157561123,0.00025883338266505387
Заграждение,другое,3,3,3,3,1.75,0.0018151255122950821,0.188,0.0003018412315122246,0.0
Пробег,другое,3,3,3,3,3.8333,0.0018151255122950821,0.188,0.0003018412315122246,0.0
Ресторан,другое,3,3,3,3,0.4167,0.0018151255122950821,0.188,0.0006036824630244492,7.166704783634823e-07
Прошлый,другое,3,3,3,3,1.1667,0.0018151255122950821,0.188,0.00040245497534963277,1.433721105405051e-07
Бланк,другое,3,3,3,3,0.75,0.0018151255122950821,0.188,0.0005030687191870409,1.2178454827920817e-05
Сердце,другое,3,3,3,3,4.8333,0.0018151255122950821,0.188,0.0005030687191870409,5.849575788612902e-05
Граф,другое,3,3,3,3,2.1667,0.0018151255122950821,0.188,0.0006036824630244492,9.478066602921144e-06
Ост,другое,3,3,3,3,0.4167,0.0018151255122950821,0.188,0.0003018412315122246,0.0
Внук,другое,3,3,3,3,1.75,0.0018151255122950821,0.188,0.0017104336452359392,9.958075285270691e-05
Быстрый,другое,3,3,3,3,1.6667,0.0018151255122950821,0.188,0.0005030687191870409,2.073083824039885e-07
Обжалование,другое,3,3,3,3,6.8333,0.0018151255122950821,0.188,0.0003018412315122246,0.0
Реформатор,другое,3,3,3,3,4.4167,0.0018151255122950821,0.188,0.0007042962068618574,0.00018418665788189507
Штырь,другое,3,3,3,3,5.0833,0.0018151255122950821,0.188,0.0005030687191870409,1.4742622528824701e-06
Окраина,другое,3,3,3,3,2.5833,0.0018151255122950821,0.188,0.00040245497534963277,7.105378806287404e-06
Двери,другое,3,3,3,3,7.3333,0.0018151255122950821,0.188,0.0003018412315122246,0.0
Цвести,другое,3,3,3,3,1.25,0.0018151255122950821,0.188,0.0003018412315122246,0.0
Зацвести,другое,3,3,3,3,8.9167,0.0018151255122950821,0.188,0.0003018412315122246,0.0
Оттепель,другое,3,3,3,3,3.4167,0.0018151255122950821,0.188,0.0005030687191870409,2.3264539967501463e-07
Територий,другое,3,3,3,3,0.5,0.0018151255122950821,0.188,0.00040245497534963277,9.300477983173704e-07
Машинка,другое,3,3,3,3,1.0,0.0018151255122950821,0.188,0.00040245497534963277,7.102278140582961e-05
Солидарность,другое,3,3,3,3,1.4167,0.0018151255122950821,0.188,0.0009055236945366737,7.288112720289037e-05
Репортаж,другое,3,3,3,3,8.8333,0.0018151255122950821,0.188,0.00040245497534963277,1.5293870160716523e-07
Ремонте,жилищно-коммунальное,3,3,3,3,3.0,0.0018151255122950821,0.188,0.0003018412315122246,0.0
Тень,другое,3,3,3,3,3.6667,0.0018151255122950821,0.188,0.0006036824630244492,2.3230107502052266e-06
Ордер,другое,3,3,3,3,1.75,0.0018151255122950821,0.188,0.00040245497534963277,5.867985246269545e-07
Перенос,другое,3,3,3,3,0.4167,0.0018151255122950821,0.188,0.00040245497534963277,5.560705823418163e-07
Нехватка,другое,3,3,3,3,1.5,0.0018151255122950821,0.188,0.0013079786698863066,4.8321429377776e-05
Кап.ремонт,жилищно-коммунальное,3,3,3,3,0.5,0.0018151255122950821,0.188,0.00040245497534963277,7.626801572632072e-07
Смирнов,другое,3,3,3,3,0.75,0.0018151255122950821,0.188,0.0005030687191870409,3.7275027713261355e-06
Абсурд,другое,3,3,3,3,4.0833,0.0018151255122950821,0.188,0.0003018412315122246,0.0
Извинение,другое,3,3,3,3,3.1667,0.0018151255122950821,0.188,0.00040245497534963277,1.6338705412899632e-06
Влияние,другое,3,3,3,3,0.8333,0.0018151255122950821,0.188,0.00040245497534963277,1.462407293603086e-07
Загруженность,другое,3,3,3,3,2.0833,0.0018151255122950821,0.188,0.00040245497534963277,4.849441917884098e-08
3,другое,3,3,3,3,3.6667,0.0018151255122950821,0.188,0.00040245497534963277,7.444481685209385e-07
Колясочник,другое,3,3,3,3,2.3333,0.0018151255122950821,0.188,0.0005030687191870409,6.310362106847033e-06
Деревце,другое,3,3,3,3,1.6667,0.0018151255122950821,0.188,0.0003018412315122246,0.0
Существование,другое,3,3,3,3,20.3333,0.0018151255122950821,0.188,0.00040245497534963277,1.2363593748117066e-07
Усадьба,другое,3,3,3,3,0.6667,0.0018151255122950821,0.188,0.0007042962068618574,1.924952896551973e-06
Заяц,другое,3,3,3,3,7.5833,0.0018151255122950821,0.188,0.0003018412315122246,0.0
Ум,другое,3,3,3,3,4.9167,0.0018151255122950821,0.188,0.0005030687191870409,4.74975993925804e-05
Цены,другое,3,3,3,3,0.75,0.0018151255122950821,0.188,0.00040245497534963277,1.4993274830038177e-07
Печать,другое,3,3,3,3,3.8333,0.0018151255122950821,0.188,0.0003018412315122246,0.0
Министерство,другое,3,3,3,3,0.4167,0.0018151255122950821,0.188,0.00221350236442298,1.3882859350493221e-05
Доступности,другое,3,3,3,3,7.75,0.0018151255122950821,0.188,0.0003018412315122246,0.0
Определение,другое,3,3,3,3,4.4167,0.0018151255122950821,0.188,0.0003018412315122246,0.0
Приоритет,другое,3,3,3,3,1.8333,0.0018151255122950821,0.188,0.00040245497534963277,4.702199271633377e-08
Дурд,другое,3,3,3,3,2.8333,0.0018151255122950821,0.188,0.00040245497534963277,9.406632006297622e-07
Маршал,другое,3,3,3,3,2.5,0.0018151255122950821,0.188,0.004829459704195594,0.0001763502540642331
Мг,другое,3,3,3,3,0.5,0.0018151255122950821,0.188,0.0003018412315122246,0.0
Профессионал,другое,3,3,3,3,3.0,0.0018151255122950821,0.188,0.0007042962068618574,7.101413344674498e-05
Мыло,другое,3,3,3,3,0.4167,0.0018151255122950821,0.188,0.0003018412315122246,0.0
Гречка,другое,3,3,3,3,2.4167,0.0018151255122950821,0.188,0.0012073649260488984,5.822502286350089e-05
Ку,другое,3,3,3,3,4.5833,0.0018151255122950821,0.188,0.0003018412315122246,0.0
Оперативность,другое,3,3,3,3,6.25,0.0018151255122950821,0.188,0.0003018412315122246,0.0
Сантехник,другое,3,3,3,3,0.5833,0.0018151255122950821,0.188,0.0006036824630244492,9.513978690641316e-06
Анонс,другое,4,2,3,4,2.1667,0.002302979849726776,0.188,0.00040245497534963277,0.0
Прийтись,другое,3,3,3,3,4.1667,0.0018151255122950821,0.188,0.0003018412315122246,0.0
Изготовление,другое,3,3,3,3,0.4167,0.0018151255122950821,0.188,0.0003018412315122246,0.0
Зав,другое,3,3,3,3,0.5,0.0018151255122950821,0.188,0.0003018412315122246,0.0
Напоминание,другое,3,3,3,3,0.5833,0.0018151255122950821,0.188,0.0003018412315122246,0.0
Середина,другое,3,3,3,3,2.25,0.0018151255122950821,0.188,0.0014085924137237148,5.629670440138236e-05
К.2,другое,3,3,3,3,4.1667,0.0018151255122950821,0.188,0.00040245497534963277,4.6054731406356395e-05
Соглашение,другое,3,3,3,3,1.5,0.0018151255122950821,0.188,0.0003018412315122246,0.0
Цирк,другое,3,3,3,3,0.5,0.0018151255122950821,0.188,0.00040245497534963277,2.2236019968234594e-06
Благополучие,проблемная_ситуация,3,3,3,3,1.3333,0.10181512551229507,0.188,0.0003018412315122246,0.0
Яйцо,другое,3,3,3,3,3.5,0.0018151255122950821,0.188,0.00040245497534963277,8.196887062756018e-08
Перила,другое,3,3,3,3,0.8333,0.0018151255122950821,0.188,0.00040245497534963277,2.943373443196492e-05
Шина,другое,3,3,3,3,0.75,0.0018151255122950821,0.188,0.00040245497534963277,3.180036417235638e-07
Шишкарев,другое,3,3,3,3,3.6667,0.0018151255122950821,0.188,0.0003018412315122246,0.0
Голод,другое,3,3,3,3,0.6667,0.0018151255122950821,0.188,0.00040245497534963277,4.356394365541758e-07
Аптеке,другое,3,3,3,3,3.6667,0.0018151255122950821,0.188,0.0003018412315122246,0.0
Награда,другое,3,3,3,3,1.0,0.0018151255122950821,0.188,0.0003018412315122246,0.0
Институт,другое,3,3,3,3,0.6667,0.0018151255122950821,0.188,0.0006036824630244492,2.8582364583923168e-06
Задолжность,другое,3,3,3,3,3.3333,0.0018151255122950821,0.188,0.0003018412315122246,0.0
Тёплый,другое,3,3,3,3,1.25,0.0018151255122950821,0.188,0.00040245497534963277,2.251391543764785e-07
Перехода,другое,3,3,3,3,2.9167,0.0018151255122950821,0.188,0.0003018412315122246,0.0
Гриб,другое,3,3,3,3,4.4167,0.0018151255122950821,0.188,0.0003018412315122246,0.0
Импорт,другое,3,3,3,3,3.5,0.0018151255122950821,0.188,0.0003018412315122246,0.0
Подобие,другое,3,3,3,3,1.75,0.0018151255122950821,0.188,0.0003018412315122246,0.0
Призыв,другое,3,3,3,3,1.0,0.0018151255122950821,0.188,0.00040245497534963277,4.6034483118202365e-05
Тренд,другое,3,3,3,3,1.0,0.0018151255122950821,0.188,0.00040245497534963277,4.0780732740728323e-07
Компанию,другое,4,2,3,4,6.8333,0.002302979849726776,0.188,0.00040245497534963277,0.0
Сток,другое,3,3,3,3,1.5833,0.0018151255122950821,0.188,0.0003018412315122246,0.0
Крошка,другое,3,3,3,3,1.0,0.0018151255122950821,0.188,0.0010061374383740819,2.9971776441405736e-05
Горожане,другое,3,3,3,3,3.9167,0.0018151255122950821,0.188,0.0003018412315122246,0.0
Кио,другое,3,3,3,3,0.75,0.0018151255122950821,0.188,0.00040245497534963277,3.410598761551764e-07
Дня,другое,3,3,3,3,4.1667,0.0018151255122950821,0.188,0.0003018412315122246,0.0
Следующий,другое,3,3,3,3,1.0,0.0018151255122950821,0.188,0.00040245497534963277,0.0
Убийство,другое,3,3,3,3,0.5,0.0018151255122950821,0.188,0.0003018412315122246,0.0
Справочный,другое,4,3,2,4,0.4167,0.002361573599726776,0.188,0.00040245497534963277,0.0
Скорый,другое,3,3,3,3,2.1667,0.0018151255122950821,0.188,0.0005030687191870409,9.28284125843849e-07
Сугроб,другое,3,3,3,3,3.5,0.0018151255122950821,0.188,0.0006036824630244492,2.2616644344104692e-05
Аккаунт,другое,3,3,3,3,0.5,0.0018151255122950821,0.188,0.0003018412315122246,0.0
Старый,другое,3,3,3,3,0.6667,0.0018151255122950821,0.188,0.0005030687191870409,7.323231564904007e-05
Академик,другое,3,3,3,3,0.5833,0.0018151255122950821,0.188,0.0010061374383740819,0.00011758307162785592
Ориентир,другое,3,3,3,3,5.1667,0.0018151255122950821,0.188,0.0003018412315122246,0.0
Пожарный,безопасность,3,3,3,3,1.4167,0.0018151255122950821,0.188,0.0003018412315122246,0.0
Квартиры,другое,3,3,3,3,6.0,0.0018151255122950821,0.188,0.0003018412315122246,0.0
Цвета,другое,3,3,3,3,3.4167,0.0018151255122950821,0.188,0.0003018412315122246,0.0
Обрезка,другое,3,3,3,3,0.6667,0.0018151255122950821,0.188,0.0006036824630244492,1.4993772159938621e-06
Водоотведение,другое,3,3,3,3,2.0,0.0018151255122950821,0.188,0.00040245497534963277,7.101475220375302e-05
Переработка,другое,3,3,3,3,1.0833,0.0018151255122950821,0.188,0.0006036824630244492,9.545592786951656e-06
Аварийность,другое,3,3,3,3,1.0,0.0018151255122950821,0.188,0.00040245497534963277,2.2928898892477185e-07
Болото,другое,3,3,3,3,0.4167,0.0018151255122950821,0.188,0.0007042962068618574,7.757627401596617e-05
Избиратель,другое,3,3,3,3,1.3333,0.0018151255122950821,0.188,0.0006036824630244492,7.109298475643336e-05
Саботаж,другое,3,3,3,3,1.0,0.0018151255122950821,0.188,0.0006036824630244492,7.291832509930713e-05
15,другое,3,3,3,3,1.8333,0.0018151255122950821,0.188,0.0003018412315122246,0.0
Владелец,другое,3,3,3,3,1.5,0.0018151255122950821,0.188,0.006841734580943757,0.00013544992869055094
Турник,другое,3,3,3,3,1.6667,0.0018151255122950821,0.188,0.00040245497534963277,7.096012583582148e-05
Офтальмолог,другое,3,3,3,3,1.75,0.0018151255122950821,0.188,0.0005030687191870409,8.771671067490169e-07
Попустительство,проблемная_ситуация,6,5,5,6,0.3333,0.06357165727459016,0.188,0.0007042962068618574,4.6064855550433414e-05
Полный,другое,4,2,3,4,6.8333,0.002302979849726776,0.188,0.00040245497534963277,0.0
Рассписание,другое,3,3,3,3,1.4167,0.0018151255122950821,0.188,0.0003018412315122246,0.0
Прекращение,другое,3,3,3,3,4.25,0.0018151255122950821,0.188,0.0003018412315122246,0.0
Бортик,другое,3,3,3,3,0.8333,0.0018151255122950821,0.188,0.0003018412315122246,0.0
Морда,другое,3,3,3,3,1.0,0.0018151255122950821,0.188,0.0003018412315122246,0.0
Врачу,другое,3,3,3,3,8.1667,0.0018151255122950821,0.188,0.0003018412315122246,0.0
Телефоне,другое,3,3,3,3,0.75,0.0018151255122950821,0.188,0.0003018412315122246,0.0
Происшествие,безопасность,3,3,3,3,3.3333,0.0018151255122950821,0.188,0.0003018412315122246,0.0
Ошибку,другое,3,3,3,3,3.3333,0.0018151255122950821,0.188,0.0003018412315122246,0.0
Днище,другое,3,3,3,3,3.0833,0.0018151255122950821,0.188,0.0003018412315122246,0.0
Экзамен,другое,3,3,3,3,1.4167,0.0018151255122950821,0.188,0.0005030687191870409,2.480684427731573e-08
Разворот,другое,3,3,3,3,1.25,0.0018151255122950821,0.188,0.00040245497534963277,1.9773422080967543e-07
Карту,другое,3,3,3,3,0.4167,0.0018151255122950821,0.188,0.0003018412315122246,0.0
Ресурс,проблемная_ситуация,3,3,3,3,2.0833,0.10181512551229507,0.188,0.0008049099506992655,0.00016033736023600098
Тополь,другое,3,3,3,3,1.8333,0.0018151255122950821,0.188,0.00040245497534963277,8.391899317609749e-07
Подьезда,другое,3,3,3,3,2.8333,0.0018151255122950821,0.188,0.00040245497534963277,5.815125839722841e-08
Рот,другое,3,3,3,3,7.5,0.0018151255122950821,0.188,0.0003018412315122246,0.0
Правонарушение,проблемная_ситуация,12,9,10,12,0.2,0.03708472079918033,0.187,0.0014085924137237148,5.098501339036183e-05
Болезнь,другое,7,7,7,7,0.2857,0.004235292862021858,0.187,0.0012073649260488984,5.2399164642044624e-05
Воронежец,другое,6,4,4,6,0.35,0.003513063524590164,0.187,0.0033202535466344703,0.00016928888048758995
Пинок,другое,3,3,2,3,1.8333,0.0018151255122950821,0.185,0.0006036824630244492,2.120886383330331e-06
Демонтаж,другое,13,12,8,13,0.1731,0.007806950136612021,0.185,0.0019116611329107556,1.73433107051473e-05
Ларек,другое,3,3,2,3,4.5833,0.0018151255122950821,0.185,0.0003018412315122246,0.0
Права,другое,3,3,2,3,4.25,0.0018151255122950821,0.185,0.0003018412315122246,0.0
Нет,другое,3,3,2,3,1.25,0.0018151255122950821,0.185,0.0003018412315122246,0.0
Отрезок,проблемная_ситуация,3,3,2,3,1.5833,0.1518151255122951,0.185,0.0006036824630244492,1.6140685233089866e-06
Сек,другое,3,3,2,3,2.9167,0.0018151255122950821,0.185,0.0003018412315122246,0.0
Навес,другое,3,3,2,3,1.25,0.0018151255122950821,0.185,0.0003018412315122246,0.0
Грохот,другое,3,3,2,3,1.75,0.0018151255122950821,0.185,0.0003018412315122246,0.0
Болт,другое,3,3,2,3,1.0,0.0018151255122950821,0.185,0.0003018412315122246,0.0
Переключение,другое,3,3,2,3,0.9167,0.0018151255122950821,0.185,0.0003018412315122246,0.0
Вопросу,другое,3,3,2,3,1.75,0.0018151255122950821,0.185,0.0003018412315122246,0.0
Целостность,другое,3,3,2,3,0.4167,0.0018151255122950821,0.185,0.0003018412315122246,0.0
Дрожжи,другое,3,3,2,3,3.25,0.0018151255122950821,0.185,0.0003018412315122246,0.0
Богучар,другое,3,3,2,3,2.5833,0.0018151255122950821,0.185,0.0003018412315122246,0.0
Электроника,другое,3,3,2,3,0.5,0.0018151255122950821,0.185,0.0003018412315122246,0.0
Обьявление,другое,3,3,2,3,3.4167,0.0018151255122950821,0.185,0.0005030687191870409,0.00011716927180679162
Медицине,другое,3,3,2,3,6.5833,0.0018151255122950821,0.185,0.0003018412315122246,0.0
Помещениях,другое,3,3,2,3,3.5,0.0018151255122950821,0.185,0.0003018412315122246,0.0
Ясность,другое,3,3,2,3,11.4167,0.0018151255122950821,0.185,0.0005030687191870409,1.138814711362413e-06
Мрак,другое,3,3,2,3,2.5833,0.0018151255122950821,0.185,0.0006036824630244492,1.3200867792201446e-05
Комментариях,другое,3,3,2,3,4.8333,0.0018151255122950821,0.185,0.0003018412315122246,0.0
Направлении,другое,3,3,2,3,6.3333,0.0018151255122950821,0.185,0.0003018412315122246,0.0
Покос,другое,3,3,2,3,1.0833,0.0018151255122950821,0.185,0.0006036824630244492,4.7865882766512006e-05
Окна,другое,3,3,2,3,15.5,0.0018151255122950821,0.185,0.0003018412315122246,0.0
Предотвращение,другое,3,3,2,3,1.4167,0.0018151255122950821,0.185,0.00040245497534963277,5.974617012765975e-07
Пожалуста,другое,3,3,2,3,6.5833,0.0018151255122950821,0.185,0.00040245497534963277,1.4151070381471293e-08
Заявлениям,другое,3,2,3,3,8.1667,0.001756531762295082,0.184,0.0003018412315122246,0.0
Капуста,другое,3,2,3,3,0.8333,0.001756531762295082,0.184,0.0009055236945366737,9.213450190711188e-05
Сосед,другое,3,3,3,3,8.0,0.0018151255122950821,0.184,0.004225777241171144,0.0002003821758693635
Зеркало,проблемная_ситуация,3,2,3,3,1.1667,0.10175653176229507,0.184,0.00040245497534963277,5.172660505715078e-06
Человейник,другое,3,2,3,3,4.0,0.001756531762295082,0.184,0.0005030687191870409,1.2619763814321048e-05
Палата,другое,5,5,5,5,0.3333,0.0030252091871584698,0.184,0.001509206157561123,7.702369519151141e-05
Кардиолог,другое,3,2,3,3,0.5,0.001756531762295082,0.184,0.00040245497534963277,2.8564913366330722e-08
Опасности,другое,3,2,3,3,9.1667,0.001756531762295082,0.184,0.0003018412315122246,0.0
Сан,проблемная_ситуация,5,5,5,5,0.3333,0.06302520918715847,0.184,0.0005030687191870409,0.0
Накрутка,другое,3,2,3,3,0.6667,0.001756531762295082,0.184,0.0005030687191870409,6.450145767470923e-07
Магазинах,другое,3,2,3,3,0.8333,0.001756531762295082,0.184,0.0003018412315122246,0.0
Рада,другое,3,2,3,3,1.5,0.001756531762295082,0.184,0.0003018412315122246,0.0
Перечисление,другое,3,2,3,3,3.3333,0.001756531762295082,0.184,0.0003018412315122246,0.0
Ребёнка,другое,3,2,3,3,6.6667,0.001756531762295082,0.184,0.00040245497534963277,2.5662249425184997e-07
Мариуполь,другое,3,2,3,3,0.5,0.001756531762295082,0.184,0.0008049099506992655,3.2105751164207825e-07
Вс,другое,4,2,2,4,6.8333,0.002302979849726776,0.184,0.00040245497534963277,0.0
Остановки,другое,4,2,2,4,0.6667,0.002302979849726776,0.184,0.00040245497534963277,0.0
Жилище,другое,4,2,2,4,0.6667,0.002302979849726776,0.184,0.00040245497534963277,0.0
Стыд,другое,3,2,3,3,4.1667,0.001756531762295082,0.184,0.0003018412315122246,0.0
Просадка,другое,4,2,2,4,0.6667,0.002302979849726776,0.184,0.0029177985712848377,0.00013928697424629352
Автомобилист,другое,4,2,2,4,3.5,0.002302979849726776,0.184,0.003219639802797062,0.00024827007227747245
Сюжет,другое,4,2,2,4,4.8333,0.002302979849726776,0.184,0.00040245497534963277,0.0
Воды,другое,3,2,3,3,7.3333,0.001756531762295082,0.184,0.0003018412315122246,0.0
Овраг,другое,3,2,3,3,2.5,0.001756531762295082,0.184,0.0003018412315122246,0.0
Тёж,другое,3,2,3,3,0.5,0.001756531762295082,0.184,0.00040245497534963277,0.000141940499959797
Мебель,другое,3,2,3,3,11.8333,0.001756531762295082,0.184,0.0005030687191870409,5.04686131360139e-07
Картофель,другое,3,2,3,3,1.3333,0.001756531762295082,0.184,0.0006036824630244492,2.89083605337272e-06
Активация,другое,3,3,3,3,0.5,0.0018151255122950821,0.184,0.00110675118221149,5.8726314448878306e-05
Водоем,другое,4,2,2,4,3.5,0.002302979849726776,0.184,0.00040245497534963277,0.0
Президенту,другое,4,2,2,4,0.6667,0.002302979849726776,0.184,0.00040245497534963277,0.0
Кампания,другое,3,2,3,3,0.8333,0.001756531762295082,0.184,0.0003018412315122246,0.0
Негодность,другое,3,2,3,3,4.1667,0.001756531762295082,0.184,0.0003018412315122246,0.0
Образец,другое,3,2,3,3,9.5,0.001756531762295082,0.184,0.0005030687191870409,3.677757477805619e-06
Площадку,другое,3,2,3,3,8.1667,0.001756531762295082,0.184,0.0003018412315122246,0.0
Завышение,другое,3,2,3,3,14.0,0.001756531762295082,0.184,0.0005030687191870409,0.0
Учреждении,другое,4,2,2,4,6.8333,0.002302979849726776,0.184,0.00040245497534963277,0.0
Сирена,другое,3,3,3,3,2.0,0.0018151255122950821,0.184,0.00040245497534963277,0.0
Шиповник,другое,3,3,3,3,8.8333,0.0018151255122950821,0.184,0.0005030687191870409,4.564077733004487e-08
Дирекция,другое,4,2,2,4,0.6667,0.002302979849726776,0.184,0.0008049099506992655,0.00013914496402381445
Механизм,другое,5,4,4,5,0.35,0.0029666154371584697,0.183,0.0005030687191870409,0.0
Стрелка,другое,5,4,4,5,0.35,0.0029666154371584697,0.183,0.0006036824630244492,4.6064855550433414e-05
Трубку,другое,5,4,4,5,0.35,0.0029666154371584697,0.183,0.0005030687191870409,0.0
Заключение,другое,8,8,8,8,0.25,0.004840334699453552,0.183,0.00110675118221149,0.00012347122271492563
Оплаты,другое,3,2,2,3,0.5,0.001756531762295082,0.181,0.0003018412315122246,0.0
К.3,другое,3,2,2,3,5.3333,0.001756531762295082,0.181,0.0003018412315122246,0.0
Периодичность,другое,3,2,2,3,3.8333,0.001756531762295082,0.181,0.0003018412315122246,0.0
Сада,другое,3,2,2,3,2.3333,0.001756531762295082,0.181,0.0003018412315122246,0.0
Талончик,другое,3,3,2,3,2.8333,0.0018151255122950821,0.181,0.00040245497534963277,0.0
Забора,другое,3,2,2,3,6.8333,0.001756531762295082,0.181,0.0003018412315122246,0.0
Заявок,другое,3,2,2,3,0.6667,0.001756531762295082,0.181,0.0003018412315122246,0.0
15:00,другое,3,2,2,3,2.5,0.001756531762295082,0.181,0.0003018412315122246,0.0
Чувство,другое,3,2,2,3,0.5,0.001756531762295082,0.181,0.0003018412315122246,0.0
Людьми,другое,3,2,2,3,0.5,0.001756531762295082,0.181,0.0003018412315122246,0.0
Грязища,другое,3,2,2,3,6.8333,0.001756531762295082,0.181,0.0005030687191870409,4.6062064920976297e-05
Маразм,другое,3,2,2,3,1.8333,0.001756531762295082,0.181,0.00040245497534963277,4.6452151613257105e-08
Ток,другое,3,2,2,3,1.1667,0.001756531762295082,0.181,0.00040245497534963277,3.340631670060474e-07
Фейк,другое,3,2,2,3,0.8333,0.001756531762295082,0.181,0.00040245497534963277,2.6022450481433135e-06
Планировка,другое,3,2,2,3,7.3333,0.001756531762295082,0.181,0.0006036824630244492,1.051216445668695e-06
Картину,другое,3,2,2,3,9.8333,0.001756531762295082,0.181,0.0003018412315122246,0.0
Аксессуар,другое,3,2,2,3,8.6667,0.001756531762295082,0.181,0.0003018412315122246,0.0
Степанов,другое,3,2,2,3,4.6667,0.001756531762295082,0.181,0.00040245497534963277,9.020782166190222e-07
Обстановке,другое,3,2,2,3,6.6667,0.001756531762295082,0.181,0.0003018412315122246,0.0
Книга,другое,3,2,2,3,1.6667,0.001756531762295082,0.181,0.0005030687191870409,1.3160872504531894e-07
Вступление,другое,3,2,2,3,0.5,0.001756531762295082,0.181,0.0003018412315122246,0.0
Васильев,другое,3,2,2,3,0.6667,0.001756531762295082,0.181,0.00040245497534963277,2.259360664659121e-07
Вышка,другое,3,2,2,3,0.6667,0.001756531762295082,0.181,0.0006036824630244492,9.375703423817561e-08
Огонь,другое,3,2,2,3,0.6667,0.001756531762295082,0.181,0.0003018412315122246,0.0
Недострой,другое,3,2,2,3,1.0,0.001756531762295082,0.181,0.0003018412315122246,0.0
Уровне,другое,3,2,2,3,1.8333,0.001756531762295082,0.181,0.0003018412315122246,0.0
Торговец,другое,3,2,2,3,0.5,0.001756531762295082,0.181,0.00110675118221149,5.836983534848572e-05
Соотвествие,другое,3,2,2,3,0.6667,0.001756531762295082,0.181,0.0003018412315122246,0.0
Отстранение,проблемная_ситуация,3,2,2,3,0.5,0.1517565317622951,0.181,0.0003018412315122246,0.0
Площадки,другое,3,2,2,3,10.1667,0.001756531762295082,0.181,0.0003018412315122246,0.0
Кучи,другое,3,2,2,3,7.3333,0.001756531762295082,0.181,0.0003018412315122246,0.0
Котёл,другое,3,2,2,3,0.5,0.001756531762295082,0.181,0.0003018412315122246,0.0
Близкий,другое,3,2,2,3,1.0,0.001756531762295082,0.181,0.0003018412315122246,0.0
Адресу,другое,3,2,2,3,13.6667,0.001756531762295082,0.181,0.0003018412315122246,0.0
Д.5,другое,3,2,2,3,0.5,0.001756531762295082,0.181,0.0003018412315122246,0.0
Запуск,другое,3,2,2,3,2.0,0.001756531762295082,0.181,0.0009055236945366737,4.864621403533204e-05
Площадках,другое,3,2,2,3,0.5,0.001756531762295082,0.181,0.0003018412315122246,0.0
Строитель,другое,3,3,2,3,0.5,0.0018151255122950821,0.181,0.0017104336452359392,8.366520511073399e-06
Поддержку,другое,3,2,2,3,3.3333,0.001756531762295082,0.181,0.0003018412315122246,0.0
Пульмонолог,другое,4,4,4,4,0.35,0.002420167349726776,0.18,0.00040245497534963277,0.0
Вина,другое,4,4,4,4,0.35,0.002420167349726776,0.18,0.0007042962068618574,5.4212868530467e-06
Панель,другое,4,4,4,4,0.35,0.002420167349726776,0.18,0.0005030687191870409,2.4420772831415343e-06
Экран,другое,4,4,4,4,0.35,0.002420167349726776,0.18,0.00040245497534963277,0.0
Шахта,другое,4,4,4,4,0.35,0.002420167349726776,0.18,0.0010061374383740819,7.685728506441292e-05
Рейка,проблемная_ситуация,2,2,2,2,3.0,0.15121008367486338,0.177,0.0003018412315122246,5.011447157456837e-06
Владение,другое,2,2,2,2,1.8333,0.001210083674863388,0.177,0.0003018412315122246,7.46916202773226e-07
Пцр,другое,2,2,2,2,7.1667,0.001210083674863388,0.177,0.00040245497534963277,3.19008240473676e-07
Укрепление,другое,2,2,2,2,0.8333,0.001210083674863388,0.177,0.00020122748767481639,0.0
Корюшка,другое,2,2,2,2,2.5,0.001210083674863388,0.177,0.0003018412315122246,4.6054731406356395e-05
Тётя,другое,2,2,2,2,0.5,0.001210083674863388,0.177,0.0003018412315122246,1.3108027208188052e-07
Бал,другое,2,2,2,2,6.5,0.001210083674863388,0.177,0.0003018412315122246,7.110175950044543e-05
Сброс,другое,2,2,2,2,7.0,0.001210083674863388,0.177,0.0008049099506992655,8.398928770401394e-05
Периметр,другое,2,2,2,2,1.6667,0.001210083674863388,0.177,0.0006036824630244492,1.8709578920044898e-05
Кашель,другое,2,2,2,2,9.1667,0.001210083674863388,0.177,0.00020122748767481639,0.0
Погрузка,проблемная_ситуация,2,2,2,2,3.1667,0.15121008367486338,0.177,0.0008049099506992655,3.2025727939939207e-06
Жительница,другое,2,2,2,2,7.0,0.001210083674863388,0.177,0.0028171848274474295,0.0003298841632497687
Министр,другое,2,2,2,2,6.5,0.001210083674863388,0.177,0.0019116611329107556,0.0002123448827239865
Президента,другое,2,2,2,2,7.1667,0.001210083674863388,0.177,0.00020122748767481639,0.0
Им.,другое,2,2,2,2,0.6667,0.001210083674863388,0.177,0.00020122748767481639,0.0
Скачок,другое,2,2,2,2,13.6667,0.001210083674863388,0.177,0.00020122748767481639,0.0
Кан,другое,2,2,2,2,0.6667,0.001210083674863388,0.177,0.00020122748767481639,0.0
Чиновники,другое,2,2,2,2,13.5,0.001210083674863388,0.177,0.00020122748767481639,0.0
Озерко,другое,2,2,2,2,1.0,0.001210083674863388,0.177,0.0003018412315122246,0.0
Бедствие,другое,2,2,2,2,3.6667,0.001210083674863388,0.177,0.00040245497534963277,8.806634546629854e-07
Патриотизм,другое,2,2,2,2,0.6667,0.001210083674863388,0.177,0.00040245497534963277,1.7434730381370575e-07
Пискаревка,другое,2,2,2,2,2.8333,0.001210083674863388,0.177,0.0005030687191870409,2.848250043004796e-07
5,другое,2,2,2,2,1.3333,0.001210083674863388,0.177,0.00020122748767481639,0.0
Прочность,другое,2,2,2,2,6.5,0.001210083674863388,0.177,0.00020122748767481639,0.0
Неподалёку,другое,2,2,2,2,5.0,0.001210083674863388,0.177,0.00020122748767481639,0.0
Активность,другое,2,2,2,2,21.3333,0.001210083674863388,0.177,0.0003018412315122246,0.0
Инсульт,другое,2,2,2,2,0.5,0.001210083674863388,0.177,0.00020122748767481639,0.0
Пола,другое,2,2,2,2,2.3333,0.001210083674863388,0.177,0.0003018412315122246,2.4616295877796695e-07
Разом,другое,2,2,2,2,6.5,0.001210083674863388,0.177,0.00020122748767481639,0.0
Телекурьер,другое,2,2,2,2,1.3333,0.001210083674863388,0.177,0.00020122748767481639,0.0
Товарищ,другое,2,2,2,2,6.8333,0.001210083674863388,0.177,0.003622094778146695,0.00024346395201860793
Ливневка,другое,2,2,2,2,1.3333,0.001210083674863388,0.177,0.0003018412315122246,2.332359882074995e-07
Цветник,другое,2,2,2,2,1.8333,0.001210083674863388,0.177,0.0005030687191870409,2.3126869134255046e-06
Огромный,другое,2,2,2,2,3.0,0.001210083674863388,0.177,0.00040245497534963277,5.450187394486394e-05
Дым,другое,2,2,2,2,1.5,0.001210083674863388,0.177,0.00040245497534963277,5.9201605913634104e-05
Преграда,другое,2,2,2,2,1.8333,0.001210083674863388,0.177,0.00020122748767481639,0.0
Герман,другое,2,2,2,2,7.8333,0.001210083674863388,0.177,0.0009055236945366737,3.6351113664752165e-06
Щиток,другое,2,2,2,2,2.8333,0.001210083674863388,0.177,0.00040245497534963277,1.1741376478614569e-06
Засыпка,другое,2,2,2,2,3.0,0.001210083674863388,0.177,0.00020122748767481639,0.0
3х,другое,2,2,2,2,1.6667,0.001210083674863388,0.177,0.00020122748767481639,0.0
Сергей,другое,2,2,2,2,0.8333,0.001210083674863388,0.177,0.004728845960358185,0.00015316951970342944
Счет,другое,2,2,2,2,6.5,0.001210083674863388,0.177,0.00020122748767481639,0.0
Триммер,другое,2,2,2,2,2.3333,0.001210083674863388,0.177,0.00040245497534963277,3.454947722539647e-06
Удостоверение,другое,2,2,2,2,1.1667,0.001210083674863388,0.177,0.0005030687191870409,2.3073733836124573e-07
Холодильник,другое,2,2,2,2,7.6667,0.001210083674863388,0.177,0.0003018412315122246,9.042250249180099e-09
Тачка,другое,2,2,2,2,7.0,0.001210083674863388,0.177,0.00020122748767481639,0.0
Отложение,другое,2,2,2,2,2.3333,0.001210083674863388,0.177,0.00020122748767481639,0.0
Реформу,другое,2,2,2,2,3.1667,0.001210083674863388,0.177,0.00020122748767481639,0.0
Приостановка,инфраструктура,2,2,2,2,1.3333,0.001210083674863388,0.177,0.00020122748767481639,0.0
Проэкт,другое,2,2,2,2,0.6667,0.001210083674863388,0.177,0.00020122748767481639,0.0
Патрулирование,другое,2,2,2,2,1.8333,0.001210083674863388,0.177,0.00020122748767481639,0.0
Земляк,другое,2,2,2,2,5.1667,0.001210083674863388,0.177,0.00020122748767481639,0.0
Мл,другое,2,2,2,2,5.0,0.001210083674863388,0.177,0.00040245497534963277,7.922412833358974e-07
Инженер,другое,2,2,2,2,3.0,0.001210083674863388,0.177,0.00110675118221149,5.0563305687585796e-05
Задумка,другое,2,2,2,2,6.6667,0.001210083674863388,0.177,0.0003018412315122246,5.726201132694288e-07
Капот,другое,2,2,2,2,2.0,0.001210083674863388,0.177,0.00020122748767481639,0.0
Мусопровод,другое,2,2,2,2,6.5,0.001210083674863388,0.177,0.00020122748767481639,0.0
Диван,другое,2,2,2,2,5.1667,0.001210083674863388,0.177,0.00020122748767481639,0.0
Беспорядок,другое,2,2,2,2,0.8333,0.001210083674863388,0.177,0.00020122748767481639,0.0
Гбдоу,другое,2,2,2,2,7.1667,0.001210083674863388,0.177,0.00020122748767481639,0.0
Питомцами,другое,2,2,2,2,3.0,0.001210083674863388,0.177,0.00020122748767481639,0.0
Что-,другое,2,2,2,2,3.1667,0.001210083674863388,0.177,0.0003018412315122246,1.7188558254787505e-07
Лом,другое,2,2,2,2,6.5,0.001210083674863388,0.177,0.00020122748767481639,0.0
Шанс,другое,2,2,2,2,0.5,0.001210083674863388,0.177,0.0003018412315122246,8.454801117369261e-06
Груз,другое,2,2,2,2,1.0,0.001210083674863388,0.177,0.00020122748767481639,0.0
Банер,другое,2,2,2,2,0.5,0.001210083674863388,0.177,0.00040245497534963277,6.301770974929513e-07
Уют,другое,2,2,2,2,6.5,0.001210083674863388,0.177,0.00020122748767481639,0.0
Напряжение,другое,2,2,2,2,3.1667,0.001210083674863388,0.177,0.0003018412315122246,1.5518081746402078e-08
Энергия,другое,2,2,2,2,0.8333,0.001210083674863388,0.177,0.00020122748767481639,0.0
Автотранспорт,другое,2,2,2,2,5.3333,0.001210083674863388,0.177,0.0005030687191870409,4.692923262304322e-05
Запчасть,другое,2,2,2,2,2.8333,0.001210083674863388,0.177,0.00020122748767481639,0.0
Кузнецов,другое,2,2,2,2,0.6667,0.001210083674863388,0.177,0.00040245497534963277,2.8201547452818627e-07
Софья,другое,2,2,2,2,8.8333,0.001210083674863388,0.177,0.00040245497534963277,1.3932969836855608e-06
Коммуналку,другое,2,2,2,2,14.5,0.001210083674863388,0.177,0.00020122748767481639,0.0
Переходу,другое,2,2,2,2,4.3333,0.001210083674863388,0.177,0.00020122748767481639,0.0
800руб,другое,2,2,2,2,5.6667,0.001210083674863388,0.177,0.00020122748767481639,0.0
Ашан,другое,2,2,2,2,0.6667,0.001210083674863388,0.177,0.0003018412315122246,1.1606651017643293e-07
Пер,другое,2,2,2,2,0.5,0.001210083674863388,0.177,0.00020122748767481639,0.0
Развал,другое,2,2,2,2,5.5,0.001210083674863388,0.177,0.00020122748767481639,0.0
Пустота,другое,2,2,2,2,2.6667,0.001210083674863388,0.177,0.00020122748767481639,0.0
Молоко,другое,2,2,2,2,8.3333,0.001210083674863388,0.177,0.0005030687191870409,7.059595447658667e-06
Евгений,другое,2,2,2,2,7.8333,0.001210083674863388,0.177,0.001509206157561123,4.846162735290723e-05
Подъезде,жилищно-коммунальное,2,2,2,2,7.1667,0.001210083674863388,0.177,0.00020122748767481639,0.0
Прицеп,другое,2,2,2,2,0.5,0.001210083674863388,0.177,0.00020122748767481639,0.0
Бой,другое,2,2,2,2,1.1667,0.001210083674863388,0.177,0.00020122748767481639,0.0
Годами,другое,2,2,2,2,0.5,0.001210083674863388,0.177,0.00020122748767481639,0.0
Конечность,другое,2,2,2,2,3.1667,0.001210083674863388,0.177,0.00020122748767481639,0.0
Димитров,другое,2,2,2,2,3.3333,0.001210083674863388,0.177,0.0003018412315122246,8.238048996225747e-09
Мемориал,другое,2,2,2,2,7.8333,0.001210083674863388,0.177,0.00020122748767481639,0.0
Навык,другое,2,2,2,2,1.0,0.001210083674863388,0.177,0.00020122748767481639,0.0
Обращению,другое,2,2,2,2,2.6667,0.001210083674863388,0.177,0.00020122748767481639,0.0
Жуков,другое,2,2,2,2,0.5,0.001210083674863388,0.177,0.00110675118221149,3.520649984255412e-06
Привлечение,другое,2,2,2,2,1.6667,0.001210083674863388,0.177,0.00020122748767481639,0.0
Зиму,другое,2,2,2,2,8.1667,0.001210083674863388,0.177,0.00020122748767481639,0.0
Кризис,другое,2,2,2,2,1.5,0.001210083674863388,0.177,0.00020122748767481639,0.0
Живность,другое,2,2,2,2,1.6667,0.001210083674863388,0.177,0.0003018412315122246,7.114946520291884e-05
Термин,другое,2,2,2,2,0.6667,0.001210083674863388,0.177,0.00020122748767481639,0.0
Дырочка,другое,2,2,2,2,6.5,0.001210083674863388,0.177,0.00020122748767481639,0.0
Полотенцесушитель,другое,2,2,2,2,2.8333,0.001210083674863388,0.177,0.00020122748767481639,0.0
Сжигание,другое,2,2,2,2,1.5,0.001210083674863388,0.177,0.00020122748767481639,0.0
Коэффициент,другое,2,2,2,2,6.5,0.001210083674863388,0.177,0.00020122748767481639,0.0
Разгар,другое,2,2,2,2,1.6667,0.001210083674863388,0.177,0.00020122748767481639,0.0
Охренель,другое,2,2,2,2,0.6667,0.001210083674863388,0.177,0.0003018412315122246,9.022529589326356e-07
Ярмарка,другое,2,2,2,2,1.5,0.001210083674863388,0.177,0.00020122748767481639,0.0
Окея,другое,2,2,2,2,5.3333,0.001210083674863388,0.177,0.00020122748767481639,0.0
Хаос,другое,2,2,2,2,1.6667,0.001210083674863388,0.177,0.0006036824630244492,1.3755026241226745e-06
Шкаф,другое,2,2,2,2,1.6667,0.001210083674863388,0.177,0.00040245497534963277,1.2427685512173324e-07
Развалины,другое,2,2,2,2,6.5,0.001210083674863388,0.177,0.00020122748767481639,0.0
Утечка,другое,2,2,2,2,2.8333,0.001210083674863388,0.177,0.00020122748767481639,0.0
Карелия,другое,2,2,2,2,0.6667,0.001210083674863388,0.177,0.00020122748767481639,0.0
Отказы,другое,2,2,2,2,2.0,0.001210083674863388,0.177,0.00020122748767481639,0.0
Проверку,другое,2,2,2,2,7.5,0.001210083674863388,0.177,0.00020122748767481639,0.0
Протапливание,другое,2,2,2,2,1.0,0.001210083674863388,0.177,0.00020122748767481639,0.0
Всерьёз,другое,2,2,2,2,0.8333,0.001210083674863388,0.177,0.00020122748767481639,0.0
Платёжка,другое,2,2,2,2,1.0,0.001210083674863388,0.177,0.0003018412315122246,1.5704231190131805e-07
Диабетик,другое,2,2,2,2,2.0,0.001210083674863388,0.177,0.0007042962068618574,0.00015554303132319077
Черта,другое,2,2,2,2,2.8333,0.001210083674863388,0.177,0.00020122748767481639,0.0
Пересмотр,другое,2,2,2,2,3.1667,0.001210083674863388,0.177,0.00020122748767481639,0.0
Ленинский,другое,2,2,2,2,0.8333,0.001210083674863388,0.177,0.00020122748767481639,0.0
Дом-,другое,2,2,2,2,1.3333,0.001210083674863388,0.177,0.00020122748767481639,0.0
Сорняк,другое,2,2,2,2,0.5,0.001210083674863388,0.177,0.00020122748767481639,0.0
Виде,другое,2,2,2,2,4.6667,0.001210083674863388,0.177,0.00020122748767481639,0.0
Захоронение,другое,2,2,2,2,1.3333,0.001210083674863388,0.177,0.00020122748767481639,0.0
Бегом,другое,2,2,2,2,2.3333,0.001210083674863388,0.177,0.00020122748767481639,0.0
Игнорирование,другое,2,2,2,2,7.0,0.001210083674863388,0.177,0.00020122748767481639,0.0
Гимназия,другое,2,2,2,2,1.6667,0.001210083674863388,0.177,0.0010061374383740819,4.714895152074536e-05
Наставник,другое,2,2,2,2,7.3333,0.001210083674863388,0.177,0.0017104336452359392,9.353085681910702e-05
Разделение,другое,2,2,2,2,1.3333,0.001210083674863388,0.177,0.00040245497534963277,1.2532718843281336e-06
Раб,другое,2,2,2,2,10.1667,0.001210083674863388,0.177,0.0005030687191870409,0.0
Штаны,другое,2,2,2,2,1.6667,0.001210083674863388,0.177,0.0003018412315122246,1.002536377304201e-06
К-76,другое,2,2,2,2,4.0,0.001210083674863388,0.177,0.00020122748767481639,0.0
Ледяной,другое,2,2,2,2,0.6667,0.001210083674863388,0.177,0.00020122748767481639,0.0
Род,другое,2,2,2,2,0.8333,0.001210083674863388,0.177,0.00020122748767481639,0.0
Наличный,другое,2,2,2,2,2.3333,0.001210083674863388,0.177,0.00020122748767481639,0.0
Применение,другое,2,2,2,2,7.8333,0.001210083674863388,0.177,0.0006036824630244492,4.6519503509271745e-05
Комиссию,другое,2,2,2,2,8.0,0.001210083674863388,0.177,0.00020122748767481639,0.0
Поперёк,другое,2,2,2,2,12.5,0.001210083674863388,0.177,0.00040245497534963277,0.0
Осзн,другое,2,2,2,2,7.3333,0.001210083674863388,0.177,0.00020122748767481639,0.0
Кочка,другое,2,2,2,2,1.8333,0.001210083674863388,0.177,0.0003018412315122246,0.0
Цене,другое,2,2,2,2,6.8333,0.001210083674863388,0.177,0.00020122748767481639,0.0
Аллергия,другое,2,2,2,2,1.1667,0.001210083674863388,0.177,0.00020122748767481639,0.0
Баня,другое,2,2,2,2,1.3333,0.001210083674863388,0.177,0.0007042962068618574,1.8102837925693352e-06
Шкура,другое,2,2,2,2,0.6667,0.001210083674863388,0.177,0.0003018412315122246,7.098662054631686e-05
Абонент,другое,2,2,2,2,1.1667,0.001210083674863388,0.177,0.00020122748767481639,0.0
Загадка,другое,2,2,2,2,7.6667,0.001210083674863388,0.177,0.0006036824630244492,4.989965060799203e-05
Осенью,другое,2,2,2,2,13.6667,0.001210083674863388,0.177,0.00020122748767481639,0.0
Пиздец,другое,2,2,2,2,0.6667,0.001210083674863388,0.177,0.00040245497534963277,4.6443673397818155e-05
Бейдж,другое,2,2,2,2,1.0,0.001210083674863388,0.177,0.00020122748767481639,0.0
Тыс,другое,2,2,2,2,0.5,0.001210083674863388,0.177,0.0003018412315122246,4.963985894728103e-06
Свес,другое,2,2,2,2,0.8333,0.001210083674863388,0.177,0.00020122748767481639,0.0
Уборщик,другое,2,2,2,2,0.5,0.001210083674863388,0.177,0.0006036824630244492,1.8695841706208285e-05
Удовлетворение,другое,2,2,2,2,0.5,0.001210083674863388,0.177,0.00020122748767481639,0.0
Древесина,другое,2,2,2,2,0.6667,0.001210083674863388,0.177,0.00020122748767481639,0.0
Прикол,другое,2,2,2,2,1.6667,0.001210083674863388,0.177,0.00020122748767481639,0.0
Воду,другое,2,2,2,2,0.6667,0.001210083674863388,0.177,0.00020122748767481639,0.0
Юбилей,другое,2,2,2,2,0.5,0.001210083674863388,0.177,0.00020122748767481639,0.0
Гадюшникнуть,другое,2,2,2,2,1.8333,0.001210083674863388,0.177,0.00020122748767481639,0.0
Пассажиропоток,другое,2,2,2,2,0.6667,0.001210083674863388,0.177,0.00040245497534963277,4.6416349264957746e-05
Данный,другое,2,2,2,2,1.0,0.001210083674863388,0.177,0.00020122748767481639,0.0
Заложник,другое,2,2,2,2,3.0,0.001210083674863388,0.177,0.0003018412315122246,8.43538398708152e-07
Искусство,другое,2,2,2,2,6.5,0.001210083674863388,0.177,0.0005030687191870409,5.606515177821495e-05
Владимирович,другое,2,2,2,2,0.6667,0.001210083674863388,0.177,0.00040245497534963277,9.867011688198894e-08
Вещи,другое,2,2,2,2,17.5,0.001210083674863388,0.177,0.00020122748767481639,0.0
Убожество,другое,2,2,2,2,0.8333,0.001210083674863388,0.177,0.00020122748767481639,0.0
Пекарня,другое,2,2,2,2,3.8333,0.001210083674863388,0.177,0.00020122748767481639,0.0
Дюна,другое,2,2,2,2,2.3333,0.001210083674863388,0.177,0.00020122748767481639,0.0
30год,другое,2,2,2,2,1.0,0.001210083674863388,0.177,0.00020122748767481639,0.0
Скамья,другое,2,2,2,2,5.3333,0.001210083674863388,0.177,0.00020122748767481639,0.0
Замшина,другое,2,2,2,2,0.5,0.001210083674863388,0.177,0.0007042962068618574,9.270519232947808e-05
Содействия,другое,2,2,2,2,0.8333,0.001210083674863388,0.177,0.00020122748767481639,0.0
Арматура,другое,2,2,2,2,3.5,0.001210083674863388,0.177,0.0008049099506992655,5.0309550467875874e-05
Жидкость,другое,2,2,2,2,0.5,0.001210083674863388,0.177,0.00020122748767481639,0.0
Кинотеатр,другое,2,2,2,2,9.0,0.001210083674863388,0.177,0.0007042962068618574,4.91654566316171e-06
Кад,другое,2,2,2,2,1.1667,0.001210083674863388,0.177,0.00040245497534963277,9.341092888692226e-07
Лифты,жилищно-коммунальное,2,2,2,2,12.0,0.001210083674863388,0.177,0.00020122748767481639,0.0
Главврач,другое,2,2,2,2,0.6667,0.001210083674863388,0.177,0.0005030687191870409,5.7417198849842147e-05
Мосток,инфраструктура,2,2,2,2,0.8333,0.001210083674863388,0.177,0.0003018412315122246,2.5762980232128826e-07
Уборщица,другое,2,2,2,2,1.5,0.001210083674863388,0.177,0.0013079786698863066,4.9173104070959815e-05
Проводы,другое,2,2,2,2,2.8333,0.001210083674863388,0.177,0.0003018412315122246,0.0
Машинами,другое,2,2,2,2,2.3333,0.001210083674863388,0.177,0.00020122748767481639,0.0
Проплешина,другое,2,2,2,2,0.5,0.001210083674863388,0.177,0.00020122748767481639,0.0
Скрины,другое,2,2,2,2,6.6667,0.001210083674863388,0.177,0.00020122748767481639,0.0
Лапа,другое,2,2,2,2,2.0,0.001210083674863388,0.177,0.00020122748767481639,0.0
Сэс,другое,2,2,2,2,0.5,0.001210083674863388,0.177,0.00020122748767481639,0.0
Многодетность,другое,2,2,2,2,0.6667,0.001210083674863388,0.177,0.00020122748767481639,0.0
Тратуар,другое,2,2,2,2,0.5,0.001210083674863388,0.177,0.0003018412315122246,5.83430772093337e-07
18.03,другое,2,2,2,2,0.8333,0.001210083674863388,0.177,0.00020122748767481639,0.0
Приёмка,другое,2,2,2,2,0.5,0.001210083674863388,0.177,0.00020122748767481639,0.0
Общежитие,другое,2,2,2,2,6.8333,0.001210083674863388,0.177,0.0007042962068618574,1.2686216673609391e-06
Доблесть,другое,2,2,2,2,3.5,0.001210083674863388,0.177,0.00020122748767481639,0.0
Инфекция,другое,2,2,2,2,0.5,0.001210083674863388,0.177,0.00110675118221149,5.174019991457685e-06
Волна,другое,2,2,2,2,3.1667,0.001210083674863388,0.177,0.0017104336452359392,8.198985383453902e-05
Минь,другое,2,2,2,2,0.6667,0.001210083674863388,0.177,0.0005030687191870409,7.096417549345227e-05
Колличество,другое,2,2,2,2,0.6667,0.001210083674863388,0.177,0.0003018412315122246,6.888982409960861e-07
Отмазка,другое,2,2,2,2,0.5,0.001210083674863388,0.177,0.00020122748767481639,0.0
Численность,другое,2,2,2,2,7.3333,0.001210083674863388,0.177,0.00040245497534963277,4.604783960840469e-05
Инвентарь,другое,2,2,2,2,1.3333,0.001210083674863388,0.177,0.0003018412315122246,8.718283365041348e-08
Наезд,другое,2,2,2,2,2.0,0.001210083674863388,0.177,0.0006036824630244492,3.4922276417121764e-06
Крыльцо,другое,2,2,2,2,1.3333,0.001210083674863388,0.177,0.00040245497534963277,3.8705623076759254e-07
Жертва,другое,2,2,2,2,3.3333,0.001210083674863388,0.177,0.0006036824630244492,4.802832108680225e-05
Смартфон,другое,2,2,2,2,1.3333,0.001210083674863388,0.177,0.00020122748767481639,0.0
Нюанс,другое,2,2,2,2,9.0,0.001210083674863388,0.177,0.00020122748767481639,0.0
Маркер,другое,2,2,2,2,6.5,0.001210083674863388,0.177,0.0003018412315122246,5.959128356432894e-07
Направленность,другое,2,2,2,2,1.1667,0.001210083674863388,0.177,0.00020122748767481639,0.0
Возведение,другое,2,2,2,2,7.0,0.001210083674863388,0.177,0.00020122748767481639,0.0
Участке,другое,2,2,2,2,7.5,0.001210083674863388,0.177,0.00020122748767481639,0.0
Снип,другое,2,2,2,2,1.0,0.001210083674863388,0.177,0.0003018412315122246,2.661663441465476e-08
Доходах,другое,2,2,2,2,8.3333,0.001210083674863388,0.177,0.00020122748767481639,0.0
Пк,другое,2,2,2,2,0.6667,0.001210083674863388,0.177,0.00020122748767481639,0.0
Пузырь,другое,2,2,2,2,1.3333,0.001210083674863388,0.177,0.00020122748767481639,0.0
Впрок,другое,2,2,2,2,0.8333,0.001210083674863388,0.177,0.00020122748767481639,0.0
Сша,другое,2,2,2,2,2.8333,0.001210083674863388,0.177,0.00020122748767481639,0.0
Денежка,другое,2,2,2,2,3.3333,0.001210083674863388,0.177,0.0003018412315122246,8.72332662636177e-08
Общий,другое,2,2,2,2,1.0,0.001210083674863388,0.177,0.00020122748767481639,0.0
Грань,другое,2,2,2,2,7.1667,0.001210083674863388,0.177,0.00020122748767481639,0.0
Среднее,другое,2,2,2,2,4.5,0.001210083674863388,0.177,0.00020122748767481639,0.0
Хрен,другое,2,2,2,2,0.5,0.001210083674863388,0.177,0.00020122748767481639,0.0
Дебил,другое,2,2,2,2,6.5,0.001210083674863388,0.177,0.00020122748767481639,0.0
Слив,другое,2,2,2,2,1.0,0.001210083674863388,0.177,0.0003018412315122246,3.437420539663319e-09
Несправедливость,другое,2,2,2,2,2.8333,0.001210083674863388,0.177,0.00020122748767481639,0.0
Ранение,другое,2,2,2,2,0.5,0.001210083674863388,0.177,0.00020122748767481639,0.0
Седов,другое,2,2,2,2,3.1667,0.001210083674863388,0.177,0.0003018412315122246,7.163709114479887e-06
Щебёнка,другое,2,2,2,2,3.3333,0.001210083674863388,0.177,0.00020122748767481639,0.0
Общественники,другое,2,2,2,2,2.3333,0.001210083674863388,0.177,0.00020122748767481639,0.0
Потребитель,проблемная_ситуация,2,2,2,2,0.5,0.15121008367486338,0.177,0.0010061374383740819,9.556275733480727e-06
Зебра,другое,2,2,2,2,3.0,0.001210083674863388,0.177,0.0003018412315122246,2.4438667307293063e-07
Уклон,другое,2,2,2,2,2.0,0.001210083674863388,0.177,0.00020122748767481639,0.0
Решений,другое,2,2,2,2,1.6667,0.001210083674863388,0.177,0.00020122748767481639,0.0
Логопункт,другое,2,2,2,2,0.5,0.001210083674863388,0.177,0.00020122748767481639,0.0
Тетрадь,другое,2,2,2,2,6.6667,0.001210083674863388,0.177,0.0003018412315122246,0.0
Перемена,другое,2,2,2,2,0.5,0.001210083674863388,0.177,0.0003018412315122246,7.686678646529819e-08
Турникет,другое,2,2,2,2,1.8333,0.001210083674863388,0.177,0.00020122748767481639,0.0
2021,другое,2,2,2,2,0.5,0.001210083674863388,0.177,0.00020122748767481639,0.0
Розыск,другое,2,2,2,2,0.6667,0.001210083674863388,0.177,0.00020122748767481639,0.0
Металл,другое,2,2,2,2,0.5,0.001210083674863388,0.177,0.0003018412315122246,1.2902915568490842e-07
Сделка,другое,2,2,2,2,3.1667,0.001210083674863388,0.177,0.00020122748767481639,0.0
Уголок,проблемная_ситуация,2,2,2,2,0.5,0.15121008367486338,0.177,0.00020122748767481639,0.0
Второе,другое,2,2,2,2,7.0,0.001210083674863388,0.177,0.00020122748767481639,0.0
Сортировка,другое,2,2,2,2,3.0,0.001210083674863388,0.177,0.0003018412315122246,9.023889260316038e-07
Королева,другое,2,2,2,2,1.1667,0.001210083674863388,0.177,0.0019116611329107556,1.4597311428730556e-06
Садоводство,другое,2,2,2,2,7.1667,0.001210083674863388,0.177,0.00020122748767481639,0.0
Качель,другое,2,2,2,2,0.5,0.001210083674863388,0.177,0.00020122748767481639,0.0
Медицина,другое,2,2,2,2,0.6667,0.001210083674863388,0.177,0.0010061374383740819,5.447776956452841e-05
Отзыв,другое,2,2,2,2,1.5,0.001210083674863388,0.177,0.00020122748767481639,0.0
2100,другое,2,2,2,2,1.6667,0.001210083674863388,0.177,0.00020122748767481639,0.0
Селение,другое,2,2,2,2,3.1667,0.001210083674863388,0.177,0.00020122748767481639,0.0
Рвота,другое,2,2,2,2,7.0,0.001210083674863388,0.177,0.00020122748767481639,0.0
Окраска,другое,2,2,2,2,1.6667,0.001210083674863388,0.177,0.00020122748767481639,0.0
Бабушка,другое,2,2,2,2,0.6667,0.001210083674863388,0.177,0.005433142167220043,0.0004198509244331898
Д.11,другое,2,2,2,2,2.6667,0.001210083674863388,0.177,0.0003018412315122246,0.0
Ландшафт,другое,2,2,2,2,1.6667,0.001210083674863388,0.177,0.00020122748767481639,0.0
Сообщению,другое,2,2,2,2,7.8333,0.001210083674863388,0.177,0.00020122748767481639,0.0
Чуточку,другое,2,2,2,2,8.3333,0.001210083674863388,0.177,0.00020122748767481639,0.0
Днр,другое,2,2,2,2,1.0,0.001210083674863388,0.177,0.00020122748767481639,0.0
Поставщик,другое,2,2,2,2,0.8333,0.001210083674863388,0.177,0.001509206157561123,4.8461778079281495e-05
Электросамокат,другое,2,2,2,2,1.6667,0.001210083674863388,0.177,0.00020122748767481639,0.0
Ухаб,другое,2,2,2,2,1.5,0.001210083674863388,0.177,0.0003018412315122246,1.4986011262032062e-06
6,другое,2,2,2,2,0.5,0.001210083674863388,0.177,0.00020122748767481639,0.0
Похороны,другое,2,2,2,2,7.5,0.001210083674863388,0.177,0.00020122748767481639,0.0
Ларьки,другое,2,2,2,2,0.5,0.001210083674863388,0.177,0.00020122748767481639,0.0
Островок,другое,2,2,2,2,7.6667,0.001210083674863388,0.177,0.00020122748767481639,0.0
Финбан,другое,2,2,2,2,1.0,0.001210083674863388,0.177,0.0003018412315122246,1.7331741795545703e-06
Пристань,другое,2,2,2,2,0.8333,0.001210083674863388,0.177,0.0003018412315122246,2.1589249667196845e-07
Свинство,другое,2,2,2,2,0.5,0.001210083674863388,0.177,0.00020122748767481639,0.0
Эвакуатор,другое,2,2,2,2,7.3333,0.001210083674863388,0.177,0.0010061374383740819,4.1230422036854e-06
Вазон,другое,2,2,2,2,1.6667,0.001210083674863388,0.177,0.00020122748767481639,0.0
Подтопление,другое,2,2,2,2,2.0,0.001210083674863388,0.177,0.00020122748767481639,0.0
Темень,другое,2,2,2,2,3.1667,0.001210083674863388,0.177,0.00020122748767481639,0.0
Фашист,другое,2,2,2,2,4.3333,0.001210083674863388,0.177,0.0006036824630244492,5.254097529955363e-05
Трудоустройстве,другое,2,2,2,2,7.1667,0.001210083674863388,0.177,0.00020122748767481639,0.0
Лётчик,другое,2,2,2,2,4.5,0.001210083674863388,0.177,0.0003018412315122246,7.648892387348747e-08
Госпитализация,другое,2,2,2,2,0.5,0.001210083674863388,0.177,0.0009055236945366737,4.453652593688323e-07
Ребёнком,другое,2,2,2,2,7.1667,0.001210083674863388,0.177,0.00020122748767481639,0.0
Насос,другое,2,2,2,2,1.3333,0.001210083674863388,0.177,0.00020122748767481639,0.0
Костыль,другое,2,2,2,2,0.8333,0.001210083674863388,0.177,0.00020122748767481639,0.0
Закону,другое,2,2,2,2,1.1667,0.001210083674863388,0.177,0.00020122748767481639,0.0
20мина,другое,2,2,2,2,3.3333,0.001210083674863388,0.177,0.00020122748767481639,0.0
Монтаж,другое,2,2,2,2,2.1667,0.001210083674863388,0.177,0.00020122748767481639,0.0
Панорама,другое,2,2,2,2,1.0,0.001210083674863388,0.177,0.00020122748767481639,0.0
Кино,другое,2,2,2,2,1.3333,0.001210083674863388,0.177,0.00020122748767481639,0.0
Лай,другое,2,2,2,2,1.1667,0.001210083674863388,0.177,0.00020122748767481639,0.0
Частота,другое,2,2,2,2,2.3333,0.001210083674863388,0.177,0.00020122748767481639,0.0
Муниципалитет,другое,2,2,2,2,0.6667,0.001210083674863388,0.177,0.0012073649260488984,3.5213284086738185e-07
Городом,другое,2,2,2,2,3.3333,0.001210083674863388,0.177,0.00020122748767481639,0.0
Скопление,другое,2,2,2,2,0.5,0.001210083674863388,0.177,0.0005030687191870409,3.029445542608223e-07
Дуб,другое,2,2,2,2,0.5,0.001210083674863388,0.177,0.00020122748767481639,0.0
Журнал,благоустройство,2,2,2,2,0.5,0.001210083674863388,0.177,0.00020122748767481639,0.0
Клоун,другое,2,2,2,2,0.5,0.001210083674863388,0.177,0.0007042962068618574,4.7467707856295685e-05
Лора,другое,2,2,2,2,0.5,0.001210083674863388,0.177,0.00020122748767481639,0.0
Уродство,другое,2,2,2,2,6.5,0.001210083674863388,0.177,0.00020122748767481639,0.0
Стоковый,другое,2,2,2,2,3.8333,0.001210083674863388,0.177,0.00020122748767481639,0.0
Грибок,другое,2,2,2,2,0.8333,0.001210083674863388,0.177,0.00040245497534963277,3.048197958942046e-07
Газонах,другое,2,2,2,2,0.8333,0.001210083674863388,0.177,0.00020122748767481639,0.0
Палка,другое,2,2,2,2,6.6667,0.001210083674863388,0.177,0.00040245497534963277,1.1625659616969768e-06
Жара,другое,2,2,2,2,1.1667,0.001210083674863388,0.177,0.0008049099506992655,2.6447524147488307e-05
Таяние,другое,2,2,2,2,5.1667,0.001210083674863388,0.177,0.00020122748767481639,0.0
Ка,другое,2,2,2,2,3.0,0.001210083674863388,0.177,0.0003018412315122246,4.6054731406356395e-05
Собаки,другое,2,2,2,2,7.0,0.001210083674863388,0.177,0.00020122748767481639,0.0
Мастер,другое,2,2,2,2,0.5,0.001210083674863388,0.177,0.001509206157561123,9.326260290446378e-05
Организации,другое,2,2,2,2,6.5,0.001210083674863388,0.177,0.00020122748767481639,0.0
Санкт,другое,2,2,2,2,6.6667,0.001210083674863388,0.177,0.001609819901398531,9.80350659563135e-05
Освобождение,другое,2,2,2,2,5.3333,0.001210083674863388,0.177,0.0003018412315122246,0.0
Лиговка,другое,2,2,2,2,6.8333,0.001210083674863388,0.177,0.0003018412315122246,1.3823350566698109e-08
Гастарбайтер,другое,2,2,2,2,1.1667,0.001210083674863388,0.177,0.00020122748767481639,0.0
Орджоникидзе,другое,2,2,2,2,1.1667,0.001210083674863388,0.177,0.0003018412315122246,3.559821945405152e-07
Точность,другое,2,2,2,2,13.5,0.001210083674863388,0.177,0.00040245497534963277,0.0
Донор,другое,2,2,2,2,1.5,0.001210083674863388,0.177,0.0003018412315122246,1.138386636778539e-06
Ленэкспо,проблемная_ситуация,2,2,2,2,0.5,0.15121008367486338,0.177,0.00020122748767481639,0.0
Граждане,другое,2,2,2,2,2.3333,0.001210083674863388,0.177,0.00020122748767481639,0.0
Запросы,другое,2,2,2,2,6.8333,0.001210083674863388,0.177,0.00020122748767481639,0.0
Прочесть,другое,2,2,2,2,0.8333,0.001210083674863388,0.177,0.00020122748767481639,0.0
Военкомат,другое,2,2,2,2,0.8333,0.001210083674863388,0.177,0.0003018412315122246,1.5868454827164852e-08
Аварийка,другое,2,2,2,2,0.6667,0.001210083674863388,0.177,0.0003018412315122246,1.3894822191725505e-06
Дмитрий,другое,2,2,2,2,0.8333,0.001210083674863388,0.177,0.0009055236945366737,2.2292002068735446e-08
Защитник,другое,2,2,2,2,0.6667,0.001210083674863388,0.177,0.0014085924137237148,0.00021344494532042586
Транспортом,другое,2,2,2,2,6.5,0.001210083674863388,0.177,0.00020122748767481639,0.0
Концепция,другое,2,2,2,2,0.6667,0.001210083674863388,0.177,0.0006036824630244492,2.01972050305671e-05
Велодорожка,проблемная_ситуация,2,2,2,2,5.0,0.15121008367486338,0.177,0.00040245497534963277,3.5857636567035015e-07
Высокий,другое,2,2,2,2,0.6667,0.001210083674863388,0.177,0.00020122748767481639,0.0
Подразделение,другое,2,2,2,2,0.8333,0.001210083674863388,0.177,0.00020122748767481639,0.0
Пар,другое,2,2,2,2,3.5,0.001210083674863388,0.177,0.00020122748767481639,0.0
Протест,другое,2,2,2,2,2.0,0.001210083674863388,0.177,0.00020122748767481639,0.0
Оружие,другое,2,2,2,2,7.0,0.001210083674863388,0.177,0.0003018412315122246,8.584109391028995e-08
Послание,другое,2,2,2,2,3.5,0.001210083674863388,0.177,0.0005030687191870409,4.6054731406356395e-05
Донбас,другое,2,2,2,2,10.1667,0.001210083674863388,0.177,0.00020122748767481639,0.0
Извещение,другое,2,2,2,2,0.5,0.001210083674863388,0.177,0.00020122748767481639,0.0
Свобода,другое,2,2,2,2,0.5,0.001210083674863388,0.177,0.0007042962068618574,6.188042056242744e-07
Гусев,другое,2,2,2,2,0.5,0.001210083674863388,0.177,0.00040245497534963277,6.641222510597841e-08
Кисть,другое,2,2,2,2,0.6667,0.001210083674863388,0.177,0.0003018412315122246,1.0153136555617111e-07
Ауууа,другое,2,2,2,2,1.5,0.001210083674863388,0.177,0.00020122748767481639,0.0
Значит,другое,2,2,2,2,1.6667,0.001210083674863388,0.177,0.00020122748767481639,0.0
Мес,другое,2,2,2,2,0.6667,0.001210083674863388,0.177,0.00040245497534963277,2.9496067181410876e-07
Сигнализация,другое,2,2,2,2,6.5,0.001210083674863388,0.177,0.00040245497534963277,6.96646053972369e-08
Федерация,другое,2,2,2,2,0.5,0.001210083674863388,0.177,0.0028171848274474295,9.300869660901396e-05
Автобусом,транспорт,2,2,2,2,6.5,0.001210083674863388,0.177,0.00020122748767481639,0.0
Жилет,другое,2,2,2,2,2.3333,0.001210083674863388,0.177,0.00020122748767481639,0.0
Ёмкость,другое,2,2,2,2,2.1667,0.001210083674863388,0.177,0.00020122748767481639,0.0
Собор,другое,2,2,2,2,0.5,0.001210083674863388,0.177,0.0003018412315122246,0.0
Уточнение,другое,2,2,2,2,9.3333,0.001210083674863388,0.177,0.00020122748767481639,0.0
Воскресение,другое,2,2,2,2,0.6667,0.001210083674863388,0.177,0.00020122748767481639,0.0
Страну,другое,2,2,2,2,6.5,0.001210083674863388,0.177,0.00020122748767481639,0.0
Разочарование,другое,2,2,2,2,6.1667,0.001210083674863388,0.177,0.00020122748767481639,0.0
Сговор,другое,2,2,2,2,0.5,0.001210083674863388,0.177,0.0006036824630244492,4.630485196205227e-05
Сидение,другое,2,2,2,2,0.6667,0.001210083674863388,0.177,0.0005030687191870409,4.6109148900771204e-05
Програф,другое,2,2,2,2,3.6667,0.001210083674863388,0.177,0.00020122748767481639,0.0
Родителям,другое,2,2,2,2,7.3333,0.001210083674863388,0.177,0.00020122748767481639,0.0
Игнора,другое,2,2,2,2,0.8333,0.001210083674863388,0.177,0.00020122748767481639,0.0
Невыполнение,другое,2,2,2,2,6.8333,0.001210083674863388,0.177,0.00040245497534963277,3.3747146923394444e-09
Помпа,другое,2,2,2,2,1.6667,0.001210083674863388,0.177,0.00020122748767481639,0.0
Жилкомсервис,другое,2,2,2,2,7.3333,0.001210083674863388,0.177,0.0014085924137237148,1.2301293918879225e-05
Написание,другое,2,2,2,2,1.6667,0.001210083674863388,0.177,0.00020122748767481639,0.0
Несчастие,другое,2,2,2,2,6.0,0.001210083674863388,0.177,0.00020122748767481639,0.0
Экскаватор,другое,2,2,2,2,1.5,0.001210083674863388,0.177,0.0007042962068618574,2.4543133540028413e-07
Проблемах,другое,2,2,2,2,7.1667,0.001210083674863388,0.177,0.00020122748767481639,0.0
Д.8,другое,2,2,2,2,1.8333,0.001210083674863388,0.177,0.0005030687191870409,3.521970430888885e-07
Причём,другое,2,2,2,2,3.1667,0.001210083674863388,0.177,0.0003018412315122246,7.11784250122887e-05
Весной,другое,2,2,2,2,0.6667,0.001210083674863388,0.177,0.00020122748767481639,0.0
Прокол,другое,2,2,2,2,0.8333,0.001210083674863388,0.177,0.00020122748767481639,0.0
Руководитель,другое,2,2,2,2,2.6667,0.001210083674863388,0.177,0.006741120837106349,0.00046315910761315085
Резкость,другое,2,2,2,2,0.8333,0.001210083674863388,0.177,0.00020122748767481639,0.0
Колонка,другое,2,2,2,2,3.8333,0.001210083674863388,0.177,0.0010061374383740819,0.0001383506579719959
Сообщество,другое,2,2,2,2,2.0,0.001210083674863388,0.177,0.00040245497534963277,4.726647986476893e-06
П.п,другое,2,2,2,2,2.0,0.001210083674863388,0.177,0.00020122748767481639,0.0
Огород,другое,2,2,2,2,3.0,0.001210083674863388,0.177,0.00020122748767481639,0.0
Предлог,другое,2,2,2,2,1.1667,0.001210083674863388,0.177,0.0003018412315122246,2.0222050957573238e-07
Спина,другое,2,2,2,2,6.5,0.001210083674863388,0.177,0.00020122748767481639,0.0
95,другое,2,2,2,2,1.6667,0.001210083674863388,0.177,0.00020122748767481639,0.0
Алкоголь,другое,2,2,2,2,7.0,0.001210083674863388,0.177,0.0003018412315122246,5.34174675562016e-08
Автобусы,транспорт,2,2,2,2,0.5,0.001210083674863388,0.177,0.00020122748767481639,0.0
Олимпиада,другое,2,2,2,2,1.8333,0.001210083674863388,0.177,0.00040245497534963277,6.694016606595807e-08
Коррупция,другое,2,2,2,2,0.6667,0.001210083674863388,0.177,0.0005030687191870409,8.587186153679864e-07
Мазка,другое,2,2,2,2,1.0,0.001210083674863388,0.177,0.00020122748767481639,0.0
Недели,другое,2,2,2,2,6.6667,0.001210083674863388,0.177,0.00020122748767481639,0.0
Жэк,другое,2,2,2,2,2.1667,0.001210083674863388,0.177,0.0003018412315122246,6.444517764849379e-06
Толчок,другое,2,2,2,2,1.0,0.001210083674863388,0.177,0.00020122748767481639,0.0
Поломка,другое,2,2,2,2,2.5,0.001210083674863388,0.177,0.00020122748767481639,0.0
Крысы,другое,2,2,2,2,7.6667,0.001210083674863388,0.177,0.00020122748767481639,0.0
Мвд,другое,2,2,2,2,2.5,0.001210083674863388,0.177,0.00020122748767481639,0.0
Итд,другое,2,2,2,2,5.3333,0.001210083674863388,0.177,0.00020122748767481639,0.0
Ржавчина,другое,2,2,2,2,4.6667,0.001210083674863388,0.177,0.00020122748767481639,0.0
Закладчик,другое,2,2,2,2,7.1667,0.001210083674863388,0.177,0.0003018412315122246,1.017415512543108e-06
Ргис,другое,2,2,2,2,1.3333,0.001210083674863388,0.177,0.00020122748767481639,0.0
99руб,другое,2,2,2,2,5.3333,0.001210083674863388,0.177,0.00020122748767481639,0.0
Алёна,другое,2,2,2,2,6.6667,0.001210083674863388,0.177,0.00020122748767481639,0.0
Многодетный,социальное,2,2,2,2,2.0,0.001210083674863388,0.177,0.0005030687191870409,9.258399362590458e-05
Огурец,другое,2,2,2,2,5.3333,0.001210083674863388,0.177,0.00020122748767481639,0.0
Редакция,другое,2,2,2,2,9.3333,0.001210083674863388,0.177,0.0009055236945366737,9.531941371330602e-05
Фирма,другое,2,2,2,2,0.8333,0.001210083674863388,0.177,0.0008049099506992655,7.125420621720181e-05
Дороге,другое,2,2,2,2,1.0,0.001210083674863388,0.177,0.00020122748767481639,0.0
Результаты,другое,2,2,2,2,0.5,0.001210083674863388,0.177,0.00020122748767481639,0.0
Просесть,другое,2,2,2,2,0.5,0.001210083674863388,0.177,0.0003018412315122246,7.095000169174446e-05
Наём,другое,2,2,2,2,6.5,0.001210083674863388,0.177,0.0005030687191870409,4.991477905029845e-07
8,другое,2,2,2,2,0.5,0.001210083674863388,0.177,0.0003018412315122246,2.0264983275401715e-06
Отмывание,другое,2,2,2,2,3.3333,0.001210083674863388,0.177,0.00020122748767481639,0.0
Жд,другое,2,2,2,2,2.3333,0.001210083674863388,0.177,0.00020122748767481639,0.0
Вконтакте,другое,2,2,2,2,1.3333,0.001210083674863388,0.177,0.00020122748767481639,0.0
2018,другое,2,2,2,2,0.6667,0.001210083674863388,0.177,0.00020122748767481639,0.0
Подводник,другое,2,2,2,2,1.6667,0.001210083674863388,0.177,0.00020122748767481639,0.0
Отставка,другое,2,2,2,2,1.0,0.001210083674863388,0.177,0.0006036824630244492,4.611192930508617e-05
Казаков,другое,2,2,2,2,1.6667,0.001210083674863388,0.177,0.00020122748767481639,0.0
Торгаш,другое,2,2,2,2,0.8333,0.001210083674863388,0.177,0.00040245497534963277,8.037555789908421e-07
Габарит,другое,2,2,2,2,1.0,0.001210083674863388,0.177,0.00020122748767481639,0.0
Инспекцию,другое,2,2,2,2,10.1667,0.001210083674863388,0.177,0.00020122748767481639,0.0
Горячий,другое,2,2,2,2,0.5,0.001210083674863388,0.177,0.00040245497534963277,9.510035194468925e-07
Травмирование,другое,2,2,2,2,9.8333,0.001210083674863388,0.177,0.00020122748767481639,0.0
Ресурсы,другое,2,2,2,2,21.3333,0.001210083674863388,0.177,0.00020122748767481639,0.0
Зачто,другое,2,2,2,2,3.1667,0.001210083674863388,0.177,0.00020122748767481639,0.0
А.н,другое,2,2,2,2,6.5,0.001210083674863388,0.177,0.00020122748767481639,0.0
Завоз,другое,2,2,2,2,0.5,0.001210083674863388,0.177,0.0003018412315122246,2.6283810216896198e-05
Собачка,другое,2,2,2,2,0.6667,0.001210083674863388,0.177,0.0006036824630244492,7.186441918640427e-05
Лицей,другое,2,2,2,2,1.0,0.001210083674863388,0.177,0.00020122748767481639,0.0
Музыка,другое,2,2,2,2,0.8333,0.001210083674863388,0.177,0.0006036824630244492,4.8370799280486414e-05
Основе,другое,2,2,2,2,1.8333,0.001210083674863388,0.177,0.0003018412315122246,2.3979691241141003e-07
Яму,другое,2,2,2,2,2.0,0.001210083674863388,0.177,0.00020122748767481639,0.0
Питомец,другое,2,2,2,2,1.0,0.001210083674863388,0.177,0.00040245497534963277,4.615438091569741e-05
Светильник,другое,2,2,2,2,3.3333,0.001210083674863388,0.177,0.0008049099506992655,1.5336038064471161e-06
Сантиметр,другое,2,2,2,2,2.5,0.001210083674863388,0.177,0.00040245497534963277,1.5719687705689883e-07
Вирус,другое,2,2,2,2,1.5,0.001210083674863388,0.177,0.0003018412315122246,4.6054731406356395e-05
Ст.,другое,2,2,2,2,21.3333,0.001210083674863388,0.177,0.001609819901398531,5.880431281959417e-05
Цветение,другое,2,2,2,2,0.8333,0.001210083674863388,0.177,0.00020122748767481639,0.0
Обязанности,другое,2,2,2,2,7.0,0.001210083674863388,0.177,0.00020122748767481639,0.0
Досмотр,другое,2,2,2,2,0.6667,0.001210083674863388,0.177,0.00020122748767481639,0.0
Притензия,другое,2,2,2,2,0.8333,0.001210083674863388,0.177,0.00020122748767481639,0.0
Пожилой,другое,2,2,2,2,1.3333,0.001210083674863388,0.177,0.00020122748767481639,0.0
Доля,другое,2,2,2,2,7.1667,0.001210083674863388,0.177,0.0008049099506992655,1.06293525881675e-05
Налёт,другое,2,2,2,2,1.1667,0.001210083674863388,0.177,0.00020122748767481639,0.0
Установление,другое,2,2,2,2,0.5,0.001210083674863388,0.177,0.00020122748767481639,0.0
25,другое,2,2,2,2,22.3333,0.001210083674863388,0.177,0.00020122748767481639,0.0
Сдо,другое,2,2,2,2,1.8333,0.001210083674863388,0.177,0.00020122748767481639,0.0
Бригада,другое,2,2,2,2,2.8333,0.001210083674863388,0.177,0.0008049099506992655,4.971881521468966e-05
Пенсионерка,социальное,2,2,2,2,0.6667,0.001210083674863388,0.177,0.001509206157561123,4.717452476005877e-05
Горжилобмен,другое,2,2,2,2,7.0,0.001210083674863388,0.177,0.00020122748767481639,0.0
Пермь,другое,2,2,2,2,2.5,0.001210083674863388,0.177,0.00020122748767481639,0.0
Картошка,другое,2,2,2,2,4.6667,0.001210083674863388,0.177,0.0005030687191870409,7.0303706193855015e-06
Современный,другое,2,2,2,2,1.6667,0.001210083674863388,0.177,0.0003018412315122246,7.351779670321922e-05
Гарнец,другое,2,2,2,2,3.6667,0.001210083674863388,0.177,0.00020122748767481639,0.0
Остужево,другое,2,2,2,2,0.5,0.001210083674863388,0.177,0.00020122748767481639,0.0
Ограничитель,другое,2,2,2,2,3.0,0.001210083674863388,0.177,0.00020122748767481639,0.0
Трафик,другое,2,2,2,2,0.6667,0.001210083674863388,0.177,0.0007042962068618574,2.2786330911961093e-06
Возникновение,другое,2,2,2,2,2.0,0.001210083674863388,0.177,0.00020122748767481639,0.0
Отрасль,другое,2,2,2,2,0.5,0.001210083674863388,0.177,0.0003018412315122246,6.166834536444569e-07
Школы,другое,2,2,2,2,10.1667,0.001210083674863388,0.177,0.00020122748767481639,0.0
Ип,другое,2,2,2,2,17.5,0.001210083674863388,0.177,0.0003018412315122246,3.844336593227478e-08
Транспорта,другое,2,2,2,2,8.1667,0.001210083674863388,0.177,0.00020122748767481639,0.0
Учёба,другое,2,2,2,2,0.5,0.001210083674863388,0.177,0.00020122748767481639,0.0
Проходимость,инфраструктура,2,2,2,2,6.5,0.001210083674863388,0.177,0.0003018412315122246,7.095000169174451e-05
Бордак,другое,2,2,2,2,0.8333,0.001210083674863388,0.177,0.00020122748767481639,0.0
Пояснение,другое,2,2,2,2,0.5,0.001210083674863388,0.177,0.00020122748767481639,0.0
Жалобы,другое,2,2,2,2,1.5,0.001210083674863388,0.177,0.00020122748767481639,0.0
Ингаляция,другое,2,2,2,2,2.5,0.001210083674863388,0.177,0.00040245497534963277,3.952289380680623e-06
Заработок,другое,2,2,2,2,6.5,0.001210083674863388,0.177,0.0003018412315122246,4.6054731406356395e-05
Фсс,другое,2,2,2,2,1.1667,0.001210083674863388,0.177,0.00020122748767481639,0.0
Сочувствие,другое,2,2,2,2,0.5,0.001210083674863388,0.177,0.00020122748767481639,0.0
Колготки,другое,2,2,2,2,1.0,0.001210083674863388,0.177,0.00020122748767481639,0.0
Дератизация,другое,2,2,2,2,2.5,0.001210083674863388,0.177,0.00110675118221149,5.26916622922414e-05
Дворники,другое,2,2,2,2,7.3333,0.001210083674863388,0.177,0.00020122748767481639,0.0
Металлист,другое,2,2,2,2,2.8333,0.001210083674863388,0.177,0.0017104336452359392,3.903049542181317e-05
Тротуаре,инфраструктура,2,2,2,2,3.8333,0.001210083674863388,0.177,0.0003018412315122246,0.0
Множество,другое,2,2,2,2,4.3333,0.001210083674863388,0.177,0.0007042962068618574,3.6501291633505412e-06
Полицай,другое,2,2,2,2,2.1667,0.001210083674863388,0.177,0.00020122748767481639,0.0
Насилие,другое,2,2,2,2,0.5,0.001210083674863388,0.177,0.00020122748767481639,0.0
Вырубку,другое,2,2,2,2,1.1667,0.001210083674863388,0.177,0.00020122748767481639,0.0
Пик,другое,2,2,2,2,14.8333,0.001210083674863388,0.177,0.00020122748767481639,0.0
Устав,другое,2,2,2,2,1.6667,0.001210083674863388,0.177,0.00020122748767481639,0.0
Лис,другое,2,2,2,2,1.5,0.001210083674863388,0.177,0.00020122748767481639,0.0
Мишустин,другое,2,2,2,2,7.0,0.001210083674863388,0.177,0.0003018412315122246,3.1208694582011105e-05
Юлия,другое,2,2,2,2,1.3333,0.001210083674863388,0.177,0.0017104336452359392,0.000277069392010218
Шутка,другое,2,2,2,2,1.0,0.001210083674863388,0.177,0.0006036824630244492,1.1464547562850751e-05
Ставка,другое,2,2,2,2,1.3333,0.001210083674863388,0.177,0.0006036824630244492,1.0936330622702112e-06
Калитка,другое,2,2,2,2,10.0,0.001210083674863388,0.177,0.0005030687191870409,3.476511102924695e-08
Возрождение,другое,2,2,2,2,0.5,0.001210083674863388,0.177,0.00020122748767481639,0.0
Руина,другое,2,2,2,2,3.3333,0.001210083674863388,0.177,0.00040245497534963277,1.4193482559364677e-06
Воплощение,другое,2,2,2,2,1.8333,0.001210083674863388,0.177,0.00020122748767481639,0.0
Катушка,другое,2,2,2,2,0.6667,0.001210083674863388,0.177,0.00020122748767481639,0.0
Дезинформация,другое,2,2,2,2,1.1667,0.001210083674863388,0.177,0.00020122748767481639,0.0
Пружина,другое,2,2,2,2,10.1667,0.001210083674863388,0.177,0.00020122748767481639,0.0
Вес,другое,2,2,2,2,1.6667,0.001210083674863388,0.177,0.00020122748767481639,0.0
Застава,другое,2,2,2,2,1.0,0.001210083674863388,0.177,0.00020122748767481639,0.0
Ленин,другое,2,2,2,2,4.5,0.001210083674863388,0.177,0.0013079786698863066,9.642189529472603e-05
Мрт,другое,2,2,2,2,1.5,0.001210083674863388,0.177,0.00020122748767481639,0.0
Холодрыг,другое,2,2,2,2,7.1667,0.001210083674863388,0.177,0.00020122748767481639,0.0
Роспа,другое,2,2,2,2,6.5,0.001210083674863388,0.177,0.0003018412315122246,6.734355380137105e-08
Силой,другое,2,2,2,2,0.5,0.001210083674863388,0.177,0.00020122748767481639,0.0
Пятёрка,другое,2,2,2,2,3.1667,0.001210083674863388,0.177,0.0005030687191870409,0.0
Систему,другое,2,2,2,2,8.0,0.001210083674863388,0.177,0.00020122748767481639,0.0
Услуги,другое,2,2,2,2,1.3333,0.001210083674863388,0.177,0.00020122748767481639,0.0
Тендер,другое,2,2,2,2,1.6667,0.001210083674863388,0.177,0.0003018412315122246,8.870400703825288e-07
31,другое,2,2,2,2,6.6667,0.001210083674863388,0.177,0.0003018412315122246,6.059250995335061e-06
27,другое,2,2,2,2,1.1667,0.001210083674863388,0.177,0.00020122748767481639,0.0
Аккредитация,другое,2,2,2,2,7.0,0.001210083674863388,0.177,0.0003018412315122246,0.00011503603659469237
Помощник,другое,2,2,2,2,1.1667,0.001210083674863388,0.177,0.0020122748767481637,0.0002043873699215152
Корона,другое,2,2,2,2,3.0,0.001210083674863388,0.177,0.00020122748767481639,0.0
Выплаты,другое,2,2,2,2,1.3333,0.001210083674863388,0.177,0.00020122748767481639,0.0
Песня,другое,2,2,2,2,0.6667,0.001210083674863388,0.177,0.0006036824630244492,7.96725933315085e-05
Лэмза,другое,2,2,2,2,1.0,0.001210083674863388,0.177,0.00020122748767481639,0.0
Обстрел,другое,2,2,2,2,6.8333,0.001210083674863388,0.177,0.00020122748767481639,0.0
Жизнедеятельность,другое,2,2,2,2,6.5,0.001210083674863388,0.177,0.00020122748767481639,0.0
Раздел,другое,2,2,2,2,6.8333,0.001210083674863388,0.177,0.0003018412315122246,1.1965951910731013e-07
Невский,другое,2,2,2,2,1.5,0.001210083674863388,0.177,0.00040245497534963277,2.4889971129486733e-07
Будт,другое,2,2,2,2,3.0,0.001210083674863388,0.177,0.00020122748767481639,0.0
Архив,другое,2,2,2,2,1.3333,0.001210083674863388,0.177,0.0003018412315122246,3.0673137035301336e-07
Ребенка,другое,2,2,2,2,7.3333,0.001210083674863388,0.177,0.0003018412315122246,2.740999008837104e-07
Танец,другое,2,2,2,2,6.5,0.001210083674863388,0.177,0.00040245497534963277,6.587096247116847e-07
Пп,другое,2,2,2,2,1.3333,0.001210083674863388,0.177,0.00020122748767481639,0.0
Правление,другое,2,2,2,2,1.1667,0.001210083674863388,0.177,0.0003018412315122246,9.740613453886413e-08
Неполадка,другое,2,2,2,2,2.5,0.001210083674863388,0.177,0.00020122748767481639,0.0
Посредник,другое,2,2,2,2,0.6667,0.001210083674863388,0.177,0.00020122748767481639,0.0
Средств,другое,2,2,2,2,2.3333,0.001210083674863388,0.177,0.0003018412315122246,2.5330530003947187e-06
Мечников,другое,2,2,2,2,6.8333,0.001210083674863388,0.177,0.0003018412315122246,9.056463725198323e-07
Флаги,другое,2,2,2,2,1.5,0.001210083674863388,0.177,0.00020122748767481639,0.0
Тгк-1,другое,2,2,2,2,1.5,0.001210083674863388,0.177,0.0003018412315122246,4.7353281891060115e-05
Очаг,другое,2,2,2,2,0.6667,0.001210083674863388,0.177,0.00020122748767481639,0.0
Умник,другое,2,2,2,2,0.5,0.001210083674863388,0.177,0.00020122748767481639,0.0
Автопарк,благоустройство,2,2,2,2,4.6667,0.001210083674863388,0.177,0.00020122748767481639,0.0
Остановках,инфраструктура,2,2,2,2,6.0,0.001210083674863388,0.177,0.0003018412315122246,1.6180006319083175e-07
Лицемерие,другое,2,2,2,2,0.5,0.001210083674863388,0.177,0.00020122748767481639,0.0
Фгб,другое,2,2,2,2,0.8333,0.001210083674863388,0.177,0.00020122748767481639,0.0
Невыносимый,другое,2,2,2,2,7.0,0.001210083674863388,0.177,0.00020122748767481639,0.0
Водосток,другое,2,2,2,2,0.8333,0.001210083674863388,0.177,0.0005030687191870409,7.317636894548323e-05
Срач,другое,2,2,2,2,1.6667,0.001210083674863388,0.177,0.0003018412315122246,7.00926203058112e-06
Сон,другое,2,2,2,2,2.6667,0.001210083674863388,0.177,0.0003018412315122246,1.4131263123921833e-06
Поликлинике,другое,2,2,2,2,0.6667,0.001210083674863388,0.177,0.00020122748767481639,0.0
Матросов,другое,2,2,2,2,4.6667,0.001210083674863388,0.177,0.00020122748767481639,0.0
Награждение,другое,2,2,2,2,2.3333,0.001210083674863388,0.177,0.0003018412315122246,3.183101807432205e-07
Оптика,другое,2,2,2,2,4.5,0.001210083674863388,0.177,0.00020122748767481639,0.0
Убежище,другое,2,2,2,2,0.5,0.001210083674863388,0.177,0.00020122748767481639,0.0
Нотариус,другое,2,2,2,2,0.6667,0.001210083674863388,0.177,0.00020122748767481639,0.0
Мэр,другое,2,2,2,2,3.1667,0.001210083674863388,0.177,0.0020122748767481637,0.00024201135203351555
Истерика,другое,2,2,2,2,3.1667,0.001210083674863388,0.177,0.00020122748767481639,0.0
Бегов,другое,2,2,2,2,0.5,0.001210083674863388,0.177,0.00020122748767481639,0.0
Расписанию,другое,2,2,2,2,2.6667,0.001210083674863388,0.177,0.00020122748767481639,0.0
Резонанс,другое,2,2,2,2,3.1667,0.001210083674863388,0.177,0.00020122748767481639,0.0
Печка,другое,2,2,2,2,4.3333,0.001210083674863388,0.177,0.0003018412315122246,0.0
Знакомство,транспорт,2,2,2,2,15.1667,0.001210083674863388,0.177,0.00020122748767481639,0.0
Художник,другое,2,2,2,2,0.6667,0.001210083674863388,0.177,0.0028171848274474295,0.00012141011608404673
Отговорка,другое,2,2,2,2,3.1667,0.001210083674863388,0.177,0.00020122748767481639,0.0
Выравнивание,другое,2,2,2,2,0.5,0.001210083674863388,0.177,0.00020122748767481639,0.0
9.00,другое,2,2,2,2,2.3333,0.001210083674863388,0.177,0.00020122748767481639,0.0
16:00,другое,2,2,2,2,2.5,0.001210083674863388,0.177,0.00020122748767481639,0.0
Даниил,другое,2,2,2,2,2.6667,0.001210083674863388,0.177,0.00020122748767481639,0.0
Чердак,другое,2,2,2,2,1.0,0.001210083674863388,0.177,0.0003018412315122246,8.750509397905399e-08
Ипотеку,другое,2,2,2,2,0.6667,0.001210083674863388,0.177,0.00020122748767481639,0.0
Достопримечательность,другое,2,2,2,2,0.5,0.001210083674863388,0.177,0.0003018412315122246,2.0248288154036667e-08
Третий,другое,2,2,2,2,6.6667,0.001210083674863388,0.177,0.0008049099506992655,7.218992387704165e-05
Сомнение,другое,2,2,2,2,0.6667,0.001210083674863388,0.177,0.00020122748767481639,0.0
Смета,другое,2,2,2,2,2.1667,0.001210083674863388,0.177,0.00020122748767481639,0.0
Парочка,другое,2,2,2,2,0.6667,0.001210083674863388,0.177,0.0005030687191870409,7.12062083004213e-05
Отклонение,другое,2,2,2,2,2.8333,0.001210083674863388,0.177,0.0003018412315122246,3.184312388094953e-08
Зоря,другое,2,2,2,2,3.6667,0.001210083674863388,0.177,0.00040245497534963277,1.5859159158841255e-07
Саженец,другое,2,2,2,2,2.3333,0.001210083674863388,0.177,0.00040245497534963277,1.075978578688305e-05
Уборку,другое,2,2,2,2,1.6667,0.001210083674863388,0.177,0.00020122748767481639,0.0
Бла,другое,2,2,2,2,0.5,0.001210083674863388,0.177,0.00020122748767481639,0.0
Г.колпино,другое,2,2,2,2,3.1667,0.001210083674863388,0.177,0.00020122748767481639,0.0
300,другое,2,2,2,2,8.0,0.001210083674863388,0.177,0.00040245497534963277,2.4755867888464714e-06
Железо,другое,2,2,2,2,2.3333,0.001210083674863388,0.177,0.00020122748767481639,0.0
Изделие,другое,2,2,2,2,0.6667,0.001210083674863388,0.177,0.0006036824630244492,5.182562167581949e-07
Н.е,другое,2,2,2,2,9.8333,0.001210083674863388,0.177,0.0003018412315122246,2.953662090807017e-07
Давность,другое,2,2,2,2,3.1667,0.001210083674863388,0.177,0.00040245497534963277,4.1668462702350543e-05
Рабство,другое,2,2,2,2,1.8333,0.001210083674863388,0.177,0.00020122748767481639,0.0
Спецтехник,другое,2,2,2,2,0.8333,0.001210083674863388,0.177,0.0006036824630244492,9.359308088465807e-07
Цитата,другое,2,2,2,2,2.3333,0.001210083674863388,0.177,0.00040245497534963277,2.9840648909396376e-05
Посуда,другое,2,2,2,2,11.6667,0.001210083674863388,0.177,0.0003018412315122246,3.8711129429988405e-06
Ковш,другое,2,2,2,2,3.5,0.001210083674863388,0.177,0.0003018412315122246,6.267327285773255e-09
Взятка,проблемная_ситуация,2,2,2,2,1.0,0.15121008367486338,0.177,0.0005030687191870409,4.607830416248236e-05
Роза,другое,2,2,2,2,2.3333,0.001210083674863388,0.177,0.00020122748767481639,0.0
Пасха,другое,2,2,2,2,0.5,0.001210083674863388,0.177,0.00020122748767481639,0.0
Резерв,другое,2,2,2,2,5.3333,0.001210083674863388,0.177,0.00020122748767481639,0.0
Сегодняшний,другое,2,2,2,2,0.5,0.001210083674863388,0.177,0.00040245497534963277,1.9706325044516915e-07
Жуть,другое,2,2,2,2,0.8333,0.001210083674863388,0.177,0.0003018412315122246,3.093147192468642e-07
Вота,другое,2,2,2,2,3.0,0.001210083674863388,0.177,0.0007042962068618574,4.764930258863559e-05
Отъезд,другое,2,2,2,2,4.6667,0.001210083674863388,0.177,0.0003018412315122246,0.0
Фургон,другое,2,2,2,2,3.3333,0.001210083674863388,0.177,0.00020122748767481639,0.0
Бастрыкин,другое,2,2,2,2,2.3333,0.001210083674863388,0.177,0.00020122748767481639,0.0
Любитель,другое,2,2,2,2,0.8333,0.001210083674863388,0.177,0.00110675118221149,7.45214994569248e-05
Мощь,другое,2,2,2,2,0.6667,0.001210083674863388,0.177,0.0003018412315122246,2.701397651903071e-07
Футбол,другое,2,2,2,2,0.6667,0.001210083674863388,0.177,0.00020122748767481639,0.0
Дворников,другое,2,2,2,2,8.0,0.001210083674863388,0.177,0.00020122748767481639,0.0
Шрифт,другое,2,2,2,2,1.5,0.001210083674863388,0.177,0.00020122748767481639,0.0
Класть,другое,2,2,2,2,1.1667,0.001210083674863388,0.177,0.0003018412315122246,3.972358397268907e-07
Заплатка,другое,2,2,2,2,11.3333,0.001210083674863388,0.177,0.0014085924137237148,0.000230893661124646
Гостиница,другое,2,2,2,2,1.3333,0.001210083674863388,0.177,0.0006036824630244492,1.5310381429238665e-05
Стоп,другое,2,2,2,2,1.6667,0.001210083674863388,0.177,0.00020122748767481639,0.0
Потапов,другое,2,2,2,2,2.3333,0.001210083674863388,0.177,0.00020122748767481639,0.0
Форточка,другое,2,2,2,2,2.8333,0.001210083674863388,0.177,0.0003018412315122246,0.0
Рупор,другое,2,2,2,2,2.3333,0.001210083674863388,0.177,0.00020122748767481639,0.0
Пылью,другое,2,2,2,2,11.8333,0.001210083674863388,0.177,0.00020122748767481639,0.0
Воронежцы,другое,2,2,2,2,7.1667,0.001210083674863388,0.177,0.00020122748767481639,0.0
Покров,другое,2,2,2,2,2.5,0.001210083674863388,0.177,0.00040245497534963277,4.186300312266557e-06
Вальс,другое,2,2,2,2,0.6667,0.001210083674863388,0.177,0.00020122748767481639,0.0
Тематика,другое,2,2,2,2,7.0,0.001210083674863388,0.177,0.0003018412315122246,6.434160854079871e-08
Прикрытие,другое,2,2,2,2,2.8333,0.001210083674863388,0.177,0.00020122748767481639,0.0
Невропатолог,другое,2,2,2,2,0.8333,0.001210083674863388,0.177,0.0003018412315122246,4.6054731406356395e-05
Случаю,другое,2,2,2,2,6.5,0.001210083674863388,0.177,0.00020122748767481639,0.0
Побор,другое,2,2,2,2,1.0,0.001210083674863388,0.177,0.00020122748767481639,0.0
Сырьё,другое,2,2,2,2,0.6667,0.001210083674863388,0.177,0.00020122748767481639,0.0
Тажа,другое,2,2,2,2,3.3333,0.001210083674863388,0.177,0.00020122748767481639,0.0
Кот,другое,2,2,2,2,8.5,0.001210083674863388,0.177,0.0005030687191870409,4.30854287497257e-05
Сетка,другое,2,2,2,2,3.0,0.001210083674863388,0.177,0.0008049099506992655,4.65494789404702e-05
Л,другое,2,2,2,2,0.6667,0.001210083674863388,0.177,0.00020122748767481639,0.0
Обломок,другое,2,2,2,2,3.0,0.001210083674863388,0.177,0.00020122748767481639,0.0
Стрельна,другое,2,2,2,2,4.5,0.001210083674863388,0.177,0.00020122748767481639,0.0
Вестибюль,другое,2,2,2,2,1.0,0.001210083674863388,0.177,0.00020122748767481639,0.0
Оригинал,другое,2,2,2,2,3.0,0.001210083674863388,0.177,0.0005030687191870409,9.011724748090352e-07
Прокуратуру,другое,2,2,2,2,6.6667,0.001210083674863388,0.177,0.00020122748767481639,0.0
Молодёжь,другое,2,2,2,2,1.1667,0.001210083674863388,0.177,0.00020122748767481639,0.0
Ответом,другое,2,2,2,2,17.0,0.001210083674863388,0.177,0.00020122748767481639,0.0
Раздражение,другое,2,2,2,2,2.5,0.001210083674863388,0.177,0.00020122748767481639,0.0
Ревматолог,другое,2,2,2,2,0.8333,0.001210083674863388,0.177,0.0006036824630244492,9.246456048810292e-07
Декада,другое,2,2,2,2,6.5,0.001210083674863388,0.177,0.00020122748767481639,0.0
Каникулы,другое,2,2,2,2,2.5,0.001210083674863388,0.177,0.00040245497534963277,3.8802093587187527e-07
Пребывание,другое,2,2,2,2,0.5,0.001210083674863388,0.177,0.0003018412315122246,1.070135028584518e-07
Недоработка,другое,2,2,2,2,4.5,0.001210083674863388,0.177,0.0003018412315122246,1.0410485434491981e-07
Силе,другое,2,2,2,2,6.5,0.001210083674863388,0.177,0.00020122748767481639,0.0
Страсть,другое,2,2,2,2,3.6667,0.001210083674863388,0.177,0.00020122748767481639,0.0
Интернете,другое,2,2,2,2,7.0,0.001210083674863388,0.177,0.00020122748767481639,0.0
Недоразумение,другое,2,2,2,2,1.6667,0.001210083674863388,0.177,0.0003018412315122246,9.2384256318208e-07
Подстричь,другое,2,2,2,2,1.0,0.001210083674863388,0.177,0.0003018412315122246,9.948499109990263e-08
Карета,другое,2,2,2,2,3.5,0.001210083674863388,0.177,0.00020122748767481639,0.0
Шлак,другое,2,2,2,2,1.0,0.001210083674863388,0.177,0.00020122748767481639,0.0
Услуг,другое,2,2,2,2,0.5,0.001210083674863388,0.177,0.00020122748767481639,0.0
Квартплата,другое,2,2,2,2,0.5,0.001210083674863388,0.177,0.00020122748767481639,0.0
Чушь,другое,2,2,2,2,1.5,0.001210083674863388,0.177,0.0003018412315122246,0.0
Борисоглебске,другое,2,2,2,2,1.1667,0.001210083674863388,0.177,0.00020122748767481639,0.0
Новоселье,другое,2,2,2,2,1.3333,0.001210083674863388,0.177,0.00020122748767481639,0.0
Текстильщик,другое,2,2,2,2,0.5,0.001210083674863388,0.177,0.00020122748767481639,0.0
Квадрат,другое,2,2,2,2,0.6667,0.001210083674863388,0.177,0.00040245497534963277,8.886585826788031e-06
Очевидный,другое,2,2,2,2,3.5,0.001210083674863388,0.177,0.00020122748767481639,0.0
Нонсенс,другое,2,2,2,2,6.8333,0.001210083674863388,0.177,0.0003018412315122246,0.0
Преимущество,другое,2,2,2,2,1.5,0.001210083674863388,0.177,0.00020122748767481639,0.0
Денег,другое,2,2,2,2,6.5,0.001210083674863388,0.177,0.00020122748767481639,0.0
Хором,другое,2,2,2,2,1.0,0.001210083674863388,0.177,0.00020122748767481639,0.0
Мода,другое,2,2,2,2,0.8333,0.001210083674863388,0.177,0.00020122748767481639,0.0
Сторицей,другое,2,2,2,2,0.6667,0.001210083674863388,0.177,0.00020122748767481639,0.0
Поликлинник,другое,2,2,2,2,0.5,0.001210083674863388,0.177,0.001609819901398531,4.922069908891946e-05
Шприц,другое,2,2,2,2,2.5,0.001210083674863388,0.177,0.0003018412315122246,4.6034483118202365e-05
Дёшево,другое,2,2,2,2,4.3333,0.001210083674863388,0.177,0.00020122748767481639,0.0
Серия,другое,2,2,2,2,0.5,0.001210083674863388,0.177,0.00020122748767481639,0.0
Мастерская,другое,2,2,2,2,1.3333,0.001210083674863388,0.177,0.00020122748767481639,0.0
Диаметр,другое,2,2,2,2,0.5,0.001210083674863388,0.177,0.0003018412315122246,3.448738180436464e-07
Прикрепление,другое,2,2,2,2,1.5,0.001210083674863388,0.177,0.00020122748767481639,0.0
Бюст,другое,2,2,2,2,0.5,0.001210083674863388,0.177,0.00020122748767481639,0.0
Полость,другое,2,2,2,2,6.5,0.001210083674863388,0.177,0.00020122748767481639,0.0
Тормоз,другое,2,2,2,2,6.5,0.001210083674863388,0.177,0.0003018412315122246,1.625271248945273e-08
Кондукторов,другое,2,2,2,2,0.8333,0.001210083674863388,0.177,0.00020122748767481639,0.0
Графа,другое,2,2,2,2,0.5,0.001210083674863388,0.177,0.00020122748767481639,0.0
Администратор,другое,2,2,2,2,0.5,0.001210083674863388,0.177,0.0005030687191870409,5.3433320373782856e-05
Скол,другое,2,2,2,2,1.6667,0.001210083674863388,0.177,0.0003018412315122246,4.6054731406356395e-05
Тряска,другое,2,2,2,2,1.0,0.001210083674863388,0.177,0.00020122748767481639,0.0
Нищета,другое,2,2,2,2,2.0,0.001210083674863388,0.177,0.00020122748767481639,0.0
Жкс-,другое,2,2,2,2,3.1667,0.001210083674863388,0.177,0.00020122748767481639,0.0
Пенька,другое,2,2,2,2,6.5,0.001210083674863388,0.177,0.00020122748767481639,0.0
Плач,другое,2,2,2,2,0.6667,0.001210083674863388,0.177,0.0007042962068618574,4.620322113245411e-05
Сильный,другое,2,2,2,2,8.3333,0.001210083674863388,0.177,0.00020122748767481639,0.0
Потоп,другое,2,2,2,2,0.5,0.001210083674863388,0.177,0.0005030687191870409,4.639305258002485e-05
Вымогательство,другое,2,2,2,2,0.5,0.001210083674863388,0.177,0.0003018412315122246,2.2886187122058354e-07
Градусник,другое,2,2,2,2,6.1667,0.001210083674863388,0.177,0.00020122748767481639,0.0
Старик,другое,2,2,2,2,0.6667,0.001210083674863388,0.177,0.00040245497534963277,7.147783176650256e-05
Произвол,другое,2,2,2,2,0.5,0.001210083674863388,0.177,0.0003018412315122246,6.366944839221492e-08
Самоуправление,другое,2,2,2,2,5.0,0.001210083674863388,0.177,0.0003018412315122246,0.0
Скот,другое,2,2,2,2,2.8333,0.001210083674863388,0.177,0.0003018412315122246,0.0
Жилье,другое,2,2,2,2,0.8333,0.001210083674863388,0.177,0.00020122748767481639,0.0
Настроение,другое,4,4,3,4,0.35,0.002420167349726776,0.176,0.0005030687191870409,2.0050827319456096e-06
Суть,другое,10,8,8,10,0.2083,0.0059332308743169394,0.174,0.00110675118221149,0.0002138707739800346
Наследие,другое,9,9,9,9,0.2,0.005445376536885246,0.174,0.0010061374383740819,1.4104277663171448e-06
Дтп,безопасность,11,10,10,11,0.1636,0.006596866461748634,0.174,0.0013079786698863066,1.8412178638660528e-06
Поселение,другое,8,8,8,8,0.2222,0.004840334699453552,0.173,0.0009055236945366737,7.717362442354529e-05
Графика,другое,7,7,7,7,0.25,0.004235292862021858,0.173,0.0009055236945366737,0.00021917476531791986
Падение,другое,8,8,8,8,0.2222,0.004840334699453552,0.173,0.0013079786698863066,0.00021448659304128723
Протяжённость,другое,7,6,6,7,0.2619,0.004176699112021859,0.171,0.00110675118221149,0.0001143351583370967
Экспертиза,другое,5,5,5,5,0.3,0.0030252091871584698,0.171,0.0009055236945366737,8.054998922966665e-05
Авиагородок,проблемная_ситуация,4,3,4,4,0.3333,0.07736157359972677,0.17,0.0005030687191870409,4.900952388326255e-05
См.,другое,8,5,5,8,0.2667,0.004664553449453552,0.169,0.0008049099506992655,0.0
Задание,другое,6,6,6,6,0.2619,0.0036302510245901642,0.167,0.0007042962068618574,7.509424872471126e-05
Шушара,другое,4,3,3,4,0.3333,0.002361573599726776,0.166,0.0013079786698863066,9.659965824258042e-06
Путёвка,другое,13,13,10,13,0.0989,0.00786554388661202,0.166,0.0014085924137237148,0.0002852690278355204
Тел,другое,6,5,6,6,0.2667,0.003571657274590164,0.165,0.0006036824630244492,0.0
Микрорайона,другое,4,3,2,4,0.3333,0.002361573599726776,0.163,0.00040245497534963277,0.0
Личка,другое,3,3,3,3,0.3333,0.0018151255122950821,0.162,0.0005030687191870409,4.637180524200877e-05
Гормон,другое,3,3,3,3,0.3333,0.0018151255122950821,0.162,0.00040245497534963277,1.2497543929744636e-06
Недель,другое,3,3,3,3,0.3333,0.0018151255122950821,0.162,0.0003018412315122246,0.0
Сырость,другое,3,3,3,3,0.3333,0.0018151255122950821,0.162,0.0003018412315122246,0.0
Дорогой,другое,3,3,3,3,0.3333,0.0018151255122950821,0.162,0.00040245497534963277,1.0124144077018333e-08
Коллектив,другое,3,3,3,3,0.3333,0.0018151255122950821,0.162,0.0003018412315122246,0.0
Грузовик,другое,3,3,3,3,0.3333,0.0018151255122950821,0.162,0.0005030687191870409,1.8483024123807067e-05
Дезинсекция,другое,3,3,3,3,0.3333,0.0018151255122950821,0.162,0.0003018412315122246,0.0
Еда,другое,3,3,3,3,0.3333,0.0018151255122950821,0.162,0.0013079786698863066,0.0002754313392411268
Улицы,другое,3,3,3,3,0.3333,0.0018151255122950821,0.162,0.0003018412315122246,0.0
Славянка,другое,3,3,3,3,0.3333,0.0018151255122950821,0.162,0.003219639802797062,0.0002777861238270211
Ред,другое,3,3,3,3,0.3333,0.0018151255122950821,0.162,0.0003018412315122246,0.0
Барьер,другое,3,3,3,3,0.3333,0.0018151255122950821,0.162,0.0003018412315122246,0.0
Бездельник,другое,3,3,3,3,0.3333,0.0018151255122950821,0.162,0.0008049099506992655,1.2145703260856127e-06
Вандализм,другое,3,3,3,3,0.3333,0.0018151255122950821,0.162,0.0006036824630244492,7.169108118275999e-05
Подгузник,другое,3,3,3,3,0.3333,0.0018151255122950821,0.162,0.0018110473890733474,5.450817338722151e-06
Работодатель,другое,3,3,3,3,0.3333,0.0018151255122950821,0.162,0.002112888620585572,0.00010719841564473616
Поощрение,другое,3,3,3,3,0.3333,0.0018151255122950821,0.162,0.0003018412315122246,0.0
Выборы,другое,3,3,3,3,0.3333,0.0018151255122950821,0.162,0.0007042962068618574,7.367696515741446e-06
Экземпляр,другое,3,3,3,3,0.3333,0.0018151255122950821,0.162,0.0003018412315122246,0.0
Мчс,другое,3,3,3,3,0.3333,0.0018151255122950821,0.162,0.00040245497534963277,7.111574105554572e-05
Эндокринолог,другое,3,3,3,3,0.3333,0.0018151255122950821,0.162,0.0023141161082603882,0.00018613208464833165
Мучение,другое,3,3,3,3,0.3333,0.0018151255122950821,0.162,0.0003018412315122246,0.0
Способность,другое,3,3,3,3,0.3333,0.0018151255122950821,0.162,0.0003018412315122246,0.0
Петров,другое,3,3,3,3,0.3333,0.0018151255122950821,0.162,0.0006036824630244492,1.3974866280624345e-06
Гарантия,другое,4,4,4,4,0.3,0.002420167349726776,0.161,0.0006036824630244492,3.6084621295805e-07
Ценность,другое,4,4,4,4,0.3,0.002420167349726776,0.161,0.0005030687191870409,2.0268561082684496e-07
Перемещение,проблемная_ситуация,4,4,4,4,0.3,0.07742016734972677,0.161,0.00040245497534963277,0.0
Кофе,другое,4,4,4,4,0.3,0.002420167349726776,0.161,0.00040245497534963277,0.0
Кадр,другое,4,4,4,4,0.3,0.002420167349726776,0.161,0.0005030687191870409,1.4965676728575056e-07
Хирург,другое,4,4,4,4,0.3,0.002420167349726776,0.161,0.001609819901398531,7.347779938344517e-05
Закрашивание,другое,3,3,2,3,0.3333,0.0018151255122950821,0.159,0.0003018412315122246,0.0
Трудность,другое,3,3,2,3,0.3333,0.0018151255122950821,0.159,0.00040245497534963277,8.443712268921415e-07
Сложность,другое,5,5,5,5,0.2667,0.0030252091871584698,0.158,0.0008049099506992655,0.00014386917319028733
Показатель,другое,5,5,5,5,0.2667,0.0030252091871584698,0.158,0.0008049099506992655,7.840652280560075e-05
Малыш,другое,5,5,5,5,0.2667,0.0030252091871584698,0.158,0.0014085924137237148,0.00014569820564762782
Лицензия,другое,4,4,3,4,0.3,0.002420167349726776,0.157,0.0007042962068618574,7.134525686069743e-05
Выбор,другое,8,7,7,8,0.1964,0.004781740949453552,0.156,0.0010061374383740819,0.00015201944050416796
Конкурс,другое,6,6,5,6,0.2381,0.0036302510245901642,0.155,0.00110675118221149,9.667771717406431e-05
Эфир,другое,6,6,6,6,0.2333,0.0036302510245901642,0.153,0.0007042962068618574,0.0
Району,другое,4,1,2,4,3.5,0.002244386099726776,0.153,0.00040245497534963277,0.0
Жигунов,другое,3,1,3,3,2.5,0.0016979380122950822,0.153,0.0003018412315122246,0.0
Батарейка,другое,4,2,2,4,2.5,0.002302979849726776,0.153,0.0006036824630244492,1.1781049693894074e-07
Опыт,другое,7,7,7,7,0.1964,0.004235292862021858,0.152,0.0008049099506992655,6.48641069168565e-06
Т.д,другое,7,7,7,7,0.1964,0.004235292862021858,0.152,0.0013079786698863066,0.00019257464465722253
Клиент,другое,2,2,2,2,0.3333,0.001210083674863388,0.151,0.0009055236945366737,4.860348066610659e-05
Отлов,другое,2,2,2,2,0.3333,0.001210083674863388,0.151,0.00020122748767481639,0.0
Упор,другое,2,2,2,2,0.3333,0.001210083674863388,0.151,0.00020122748767481639,0.0
Буква,другое,2,2,2,2,0.3333,0.001210083674863388,0.151,0.0008049099506992655,5.753869250993275e-08
Недопустимость,инфраструктура,2,2,2,2,0.3333,0.001210083674863388,0.151,0.00020122748767481639,0.0
Црб,другое,2,2,2,2,0.3333,0.001210083674863388,0.151,0.0003018412315122246,7.150612393422637e-05
Портрет,другое,2,2,2,2,0.3333,0.001210083674863388,0.151,0.00020122748767481639,0.0
Собак,другое,2,2,2,2,0.3333,0.001210083674863388,0.151,0.00020122748767481639,0.0
Диспетчер,другое,2,2,2,2,0.3333,0.001210083674863388,0.151,0.00110675118221149,9.395827841363498e-05
Гранит,другое,2,2,2,2,0.3333,0.001210083674863388,0.151,0.00020122748767481639,0.0
Дороги,другое,2,2,2,2,0.3333,0.001210083674863388,0.151,0.00020122748767481639,0.0
Медикамент,другое,2,2,2,2,0.3333,0.001210083674863388,0.151,0.00020122748767481639,0.0
Форум,другое,2,2,2,2,0.3333,0.001210083674863388,0.151,0.00040245497534963277,1.0327635664055052e-06
Дисциплина,другое,2,2,2,2,0.3333,0.001210083674863388,0.151,0.00020122748767481639,0.0
Усилие,другое,2,2,2,2,0.3333,0.001210083674863388,0.151,0.00020122748767481639,0.0
Аппетит,другое,2,2,2,2,0.3333,0.001210083674863388,0.151,0.00020122748767481639,0.0
Академия,другое,2,2,2,2,0.3333,0.001210083674863388,0.151,0.0013079786698863066,0.00012010087519750695
Традиция,другое,2,2,2,2,0.3333,0.001210083674863388,0.151,0.0009055236945366737,8.236672152088727e-07
Эмоция,другое,2,2,2,2,0.3333,0.001210083674863388,0.151,0.0006036824630244492,0.00016326184935174263
Дворах,другое,2,2,2,2,0.3333,0.001210083674863388,0.151,0.00020122748767481639,0.0
Гражданка,другое,2,2,2,2,0.3333,0.001210083674863388,0.151,0.0007042962068618574,7.259559862038288e-05
Белов,другое,2,2,2,2,0.3333,0.001210083674863388,0.151,0.00020122748767481639,0.0
Инструмент,другое,2,2,2,2,0.3333,0.001210083674863388,0.151,0.0003018412315122246,4.792928619940106e-06
Стык,другое,2,2,2,2,0.3333,0.001210083674863388,0.151,0.0003018412315122246,6.79992158550317e-07
Оптик,другое,2,2,2,2,0.3333,0.001210083674863388,0.151,0.0003018412315122246,2.1601587902353023e-05
Формулировка,другое,2,2,2,2,0.3333,0.001210083674863388,0.151,0.0003018412315122246,1.3690814573430686e-07
Охта,другое,2,2,2,2,0.3333,0.001210083674863388,0.151,0.0003018412315122246,7.098125053033067e-05
Дискомфорт,другое,2,2,2,2,0.3333,0.001210083674863388,0.151,0.00020122748767481639,0.0
Тренировки,другое,2,2,2,2,0.3333,0.001210083674863388,0.151,0.00020122748767481639,0.0
Лоток,другое,2,2,2,2,0.3333,0.001210083674863388,0.151,0.00020122748767481639,0.0
Ув,другое,2,2,2,2,0.3333,0.001210083674863388,0.151,0.00020122748767481639,0.0
Тренировка,другое,2,2,2,2,0.3333,0.001210083674863388,0.151,0.0005030687191870409,0.00011728390211843949
Вера,другое,2,2,2,2,0.3333,0.001210083674863388,0.151,0.00040245497534963277,1.3902762394021695e-06
Планета,другое,2,2,2,2,0.3333,0.001210083674863388,0.151,0.00020122748767481639,0.0
Реанимация,другое,2,2,2,2,0.3333,0.001210083674863388,0.151,0.00020122748767481639,0.0
Соревнованиях,другое,2,2,2,2,0.3333,0.001210083674863388,0.151,0.00020122748767481639,0.0
Случайность,другое,2,2,2,2,0.3333,0.001210083674863388,0.151,0.0003018412315122246,7.098374883866787e-05
Послезавтра,другое,2,2,2,2,0.3333,0.001210083674863388,0.151,0.00020122748767481639,0.0
Достройка,другое,2,2,2,2,0.3333,0.001210083674863388,0.151,0.0003018412315122246,2.508252690389762e-07
Украинец,другое,2,2,2,2,0.3333,0.001210083674863388,0.151,0.00020122748767481639,0.0
Лор,другое,2,2,2,2,0.3333,0.001210083674863388,0.151,0.00020122748767481639,0.0
Недоверие,другое,2,2,2,2,0.3333,0.001210083674863388,0.151,0.00020122748767481639,0.0
Радиатор,другое,2,2,2,2,0.3333,0.001210083674863388,0.151,0.0005030687191870409,7.11575298518435e-05
Учереждение,другое,2,2,2,2,0.3333,0.001210083674863388,0.151,0.00020122748767481639,0.0
Эквивалент,другое,2,2,2,2,0.3333,0.001210083674863388,0.151,0.00020122748767481639,0.0
Госпиталь,другое,2,2,2,2,0.3333,0.001210083674863388,0.151,0.0003018412315122246,1.2899194088382344e-07
Европа,другое,2,2,2,2,0.3333,0.001210083674863388,0.151,0.00020122748767481639,0.0
Посравнение,другое,2,2,2,2,0.3333,0.001210083674863388,0.151,0.00020122748767481639,0.0
Баранов,другое,2,2,2,2,0.3333,0.001210083674863388,0.151,0.00020122748767481639,0.0
73,другое,2,2,2,2,0.3333,0.001210083674863388,0.151,0.00020122748767481639,0.0
Субъект,другое,2,2,2,2,0.3333,0.001210083674863388,0.151,0.00020122748767481639,0.0
Отставание,другое,2,2,2,2,0.3333,0.001210083674863388,0.151,0.00020122748767481639,0.0
Ногами,другое,2,2,2,2,0.3333,0.001210083674863388,0.151,0.00020122748767481639,0.0
Донбасс,другое,2,2,2,2,0.3333,0.001210083674863388,0.151,0.00020122748767481639,0.0
Заверение,другое,2,2,2,2,0.3333,0.001210083674863388,0.151,0.00020122748767481639,0.0
Явление,другое,2,2,2,2,0.3333,0.001210083674863388,0.151,0.00040245497534963277,5.383011991964586e-07
Притяжение,другое,2,2,2,2,0.3333,0.001210083674863388,0.151,0.0003018412315122246,7.123238219226835e-05
Гугл,другое,2,2,2,2,0.3333,0.001210083674863388,0.151,0.00020122748767481639,0.0
Плотность,другое,2,2,2,2,0.3333,0.001210083674863388,0.151,0.00020122748767481639,0.0
Автор,другое,2,2,2,2,0.3333,0.001210083674863388,0.151,0.0018110473890733474,0.0001434234033537974
Клубника,другое,2,2,2,2,0.3333,0.001210083674863388,0.151,0.00020122748767481639,0.0
Вручение,другое,2,2,2,2,0.3333,0.001210083674863388,0.151,0.00020122748767481639,0.0
Репертуар,другое,2,2,2,2,0.3333,0.001210083674863388,0.151,0.00020122748767481639,0.0
Укладка,другое,2,2,2,2,0.3333,0.001210083674863388,0.151,0.0006036824630244492,9.313106716972773e-05
Господь,другое,2,2,2,2,0.3333,0.001210083674863388,0.151,0.0009055236945366737,1.1239444138879866e-05
Заболеваемость,инфраструктура,2,2,2,2,0.3333,0.001210083674863388,0.151,0.00020122748767481639,0.0
Пятачок,другое,2,2,2,2,0.3333,0.001210083674863388,0.151,0.00020122748767481639,0.0
Хор,другое,2,2,2,2,0.3333,0.001210083674863388,0.151,0.00020122748767481639,0.0
Андреев,другое,2,2,2,2,0.3333,0.001210083674863388,0.151,0.00020122748767481639,0.0
Бойлер,другое,2,2,2,2,0.3333,0.001210083674863388,0.151,0.0003018412315122246,4.6036371807959154e-05
Ао,другое,2,2,2,2,0.3333,0.001210083674863388,0.151,0.0005030687191870409,4.663381620066267e-06
Нарвской,другое,2,2,2,2,0.3333,0.001210083674863388,0.151,0.00020122748767481639,0.0
Взыскание,другое,2,2,2,2,0.3333,0.001210083674863388,0.151,0.0003018412315122246,2.0248288154036667e-08
Лейка,другое,2,2,2,2,0.3333,0.001210083674863388,0.151,0.00020122748767481639,0.0
Облегчение,другое,2,2,2,2,0.3333,0.001210083674863388,0.151,0.00020122748767481639,0.0
Абонемент,другое,2,2,2,2,0.3333,0.001210083674863388,0.151,0.0003018412315122246,7.10418994492795e-05
Гигиена,другое,2,2,2,2,0.3333,0.001210083674863388,0.151,0.0006036824630244492,4.618170007869492e-05
Узел,другое,2,2,2,2,0.3333,0.001210083674863388,0.151,0.0003018412315122246,4.604843749310355e-05
Четверть,другое,2,2,2,2,0.3333,0.001210083674863388,0.151,0.0003018412315122246,7.101234385268542e-05
Днями,другое,2,2,2,2,0.3333,0.001210083674863388,0.151,0.00020122748767481639,0.0
Измерение,другое,2,2,2,2,0.3333,0.001210083674863388,0.151,0.0003018412315122246,1.8731761791099283e-07
Д.1,другое,2,2,2,2,0.3333,0.001210083674863388,0.151,0.00040245497534963277,9.859050024966889e-06
Профессионализм,другое,2,2,2,2,0.3333,0.001210083674863388,0.151,0.00020122748767481639,0.0
Отписки,другое,2,2,2,2,0.3333,0.001210083674863388,0.151,0.00020122748767481639,0.0
Турнир,другое,2,2,2,2,0.3333,0.001210083674863388,0.151,0.00020122748767481639,0.0
Войны,другое,2,2,2,2,0.3333,0.001210083674863388,0.151,0.00020122748767481639,0.0
Дух,другое,2,2,2,2,0.3333,0.001210083674863388,0.151,0.00020122748767481639,0.0
Организм,другое,2,2,2,2,0.3333,0.001210083674863388,0.151,0.0003018412315122246,7.098049087914251e-05
Стресс,другое,2,2,2,2,0.3333,0.001210083674863388,0.151,0.00020122748767481639,0.0
Дрянь,другое,2,2,2,2,0.3333,0.001210083674863388,0.151,0.00020122748767481639,0.0
Девяткино,другое,2,2,2,2,0.3333,0.001210083674863388,0.151,0.0003018412315122246,0.00014202355942629117
Ублюдок,другое,2,2,2,2,0.3333,0.001210083674863388,0.151,0.00020122748767481639,0.0
Отношению,другое,2,2,2,2,0.3333,0.001210083674863388,0.151,0.00020122748767481639,0.0
Вакханалия,другое,2,2,2,2,0.3333,0.001210083674863388,0.151,0.0005030687191870409,1.1859364752130775e-06
Тренер,другое,2,2,2,2,0.3333,0.001210083674863388,0.151,0.0012073649260488984,0.00016700427059468279
Подсветка,другое,2,2,2,2,0.3333,0.001210083674863388,0.151,0.00020122748767481639,0.0
Чинуша,другое,2,2,2,2,0.3333,0.001210083674863388,0.151,0.0003018412315122246,7.14504021107307e-05
17:00,другое,2,2,2,2,0.3333,0.001210083674863388,0.151,0.00020122748767481639,0.0
Оттенок,другое,2,2,2,2,0.3333,0.001210083674863388,0.151,0.00020122748767481639,0.0
Модератор,другое,2,2,2,2,0.3333,0.001210083674863388,0.151,0.0003018412315122246,2.2693631434191073e-06
Поляна,другое,2,2,2,2,0.3333,0.001210083674863388,0.151,0.00020122748767481639,0.0
Лимит,другое,2,2,2,2,0.3333,0.001210083674863388,0.151,0.0003018412315122246,1.800530943220887e-07
Проч,другое,2,2,2,2,0.3333,0.001210083674863388,0.151,0.00020122748767481639,0.0
Костюшко,другое,2,2,2,2,0.3333,0.001210083674863388,0.151,0.0003018412315122246,1.0476028990368004e-07
Заморозок,другое,2,2,2,2,0.3333,0.001210083674863388,0.151,0.00020122748767481639,0.0
Расходование,другое,2,2,2,2,0.3333,0.001210083674863388,0.151,0.00020122748767481639,0.0
Джунгли,другое,2,2,2,2,0.3333,0.001210083674863388,0.151,0.00020122748767481639,0.0
Звук,другое,2,2,2,2,0.3333,0.001210083674863388,0.151,0.0003018412315122246,4.6054731406356395e-05
Залива,другое,2,2,2,2,0.3333,0.001210083674863388,0.151,0.00020122748767481639,0.0
Жку,другое,2,2,2,2,0.3333,0.001210083674863388,0.151,0.00020122748767481639,0.0
Выражение,другое,2,2,2,2,0.3333,0.001210083674863388,0.151,0.00020122748767481639,0.0
Перебор,другое,2,2,2,2,0.3333,0.001210083674863388,0.151,0.00040245497534963277,1.3672182257770326e-06
Землю,другое,2,2,2,2,0.3333,0.001210083674863388,0.151,0.00020122748767481639,0.0
Рекреация,другое,2,2,2,2,0.3333,0.001210083674863388,0.151,0.00020122748767481639,0.0
Кровля,другое,2,2,2,2,0.3333,0.001210083674863388,0.151,0.0005030687191870409,1.5471578159212897e-06
Горожанам,другое,2,2,2,2,0.3333,0.001210083674863388,0.151,0.00020122748767481639,0.0
Управленец,другое,2,2,2,2,0.3333,0.001210083674863388,0.151,0.0008049099506992655,6.506374070733699e-06
Магазинчик,другое,2,2,2,2,0.3333,0.001210083674863388,0.151,0.0006036824630244492,4.673403563539882e-05
Урод,другое,2,2,2,2,0.3333,0.001210083674863388,0.151,0.0003018412315122246,4.6064855550433414e-05
Рейд,другое,2,2,2,2,0.3333,0.001210083674863388,0.151,0.0008049099506992655,0.0001641937986283104
Бесплатный,другое,2,2,2,2,0.3333,0.001210083674863388,0.151,0.00020122748767481639,0.0
Космонавт,другое,2,2,2,2,0.3333,0.001210083674863388,0.151,0.002615957339772613,9.397709117062086e-05
Металлолом,другое,2,2,2,2,0.3333,0.001210083674863388,0.151,0.00020122748767481639,0.0
Прогулка,другое,2,2,2,2,0.3333,0.001210083674863388,0.151,0.0006036824630244492,4.741770057198433e-05
Враг,другое,2,2,2,2,0.3333,0.001210083674863388,0.151,0.00040245497534963277,4.1558810821815665e-08
Мольба,другое,2,2,2,2,0.3333,0.001210083674863388,0.151,0.0003018412315122246,1.6490122133333662e-05
Паутина,другое,2,2,2,2,0.3333,0.001210083674863388,0.151,0.00020122748767481639,0.0
Добрый,другое,2,2,2,2,0.3333,0.001210083674863388,0.151,0.0014085924137237148,1.3760498394509875e-05
Сбербанк,другое,2,2,2,2,0.3333,0.001210083674863388,0.151,0.0006036824630244492,4.6274404127365223e-05
Показ,другое,2,2,2,2,0.3333,0.001210083674863388,0.151,0.00020122748767481639,0.0
Банкомат,другое,2,2,2,2,0.3333,0.001210083674863388,0.151,0.00020122748767481639,0.0
Свалку,другое,2,2,2,2,0.3333,0.001210083674863388,0.151,0.00020122748767481639,0.0
Просрочка,другое,2,2,2,2,0.3333,0.001210083674863388,0.151,0.0005030687191870409,0.00011706155905686514
Пи,другое,2,2,2,2,0.3333,0.001210083674863388,0.151,0.00020122748767481639,0.0
Ольга,другое,2,2,2,2,0.3333,0.001210083674863388,0.151,0.006338665861756716,0.00019824708082257566
Правила,проблемная_ситуация,2,2,2,2,0.3333,0.15121008367486338,0.151,0.00020122748767481639,0.0
Мед.работник,другое,2,2,2,2,0.3333,0.001210083674863388,0.151,0.00020122748767481639,0.0
Элементами,другое,2,2,2,2,0.3333,0.001210083674863388,0.151,0.00020122748767481639,0.0
Выпадение,другое,2,2,2,2,0.3333,0.001210083674863388,0.151,0.0003018412315122246,4.6064855550433414e-05
Жульничество,другое,2,2,2,2,0.3333,0.001210083674863388,0.151,0.00020122748767481639,0.0
Дундич,другое,2,2,2,2,0.3333,0.001210083674863388,0.151,0.0003018412315122246,7.096012583582148e-05
Дк,другое,2,2,2,2,0.3333,0.001210083674863388,0.151,0.0006036824630244492,4.667590527587232e-05
Гвоздь,другое,2,2,2,2,0.3333,0.001210083674863388,0.151,0.0003018412315122246,7.138866740792118e-05
Старание,другое,2,2,2,2,0.3333,0.001210083674863388,0.151,0.0003018412315122246,7.10188759479046e-05
Гниль,другое,2,2,2,2,0.3333,0.001210083674863388,0.151,0.00020122748767481639,0.0
Дуэт,другое,2,2,2,2,0.3333,0.001210083674863388,0.151,0.00020122748767481639,0.0
300-летие,другое,2,2,2,2,0.3333,0.001210083674863388,0.151,0.00020122748767481639,0.0
Функционирование,другое,2,2,2,2,0.3333,0.001210083674863388,0.151,0.00020122748767481639,0.0
Купель,другое,2,2,2,2,0.3333,0.001210083674863388,0.151,0.0003018412315122246,4.6054731406356395e-05
Санкционность,другое,2,2,2,2,0.3333,0.001210083674863388,0.151,0.00020122748767481639,0.0
Отказе,другое,2,2,2,2,0.3333,0.001210083674863388,0.151,0.00020122748767481639,0.0
Рук,другое,2,2,2,2,0.3333,0.001210083674863388,0.151,0.00020122748767481639,0.0
Домик,другое,2,2,2,2,0.3333,0.001210083674863388,0.151,0.00020122748767481639,0.0
Двору,другое,2,2,2,2,0.3333,0.001210083674863388,0.151,0.00020122748767481639,0.0
Восстание,другое,2,2,2,2,0.3333,0.001210083674863388,0.151,0.00020122748767481639,0.0
Медкомиссия,другое,2,2,2,2,0.3333,0.001210083674863388,0.151,0.0003018412315122246,0.00021302554616232084
Инцидент,другое,2,2,2,2,0.3333,0.001210083674863388,0.151,0.0003018412315122246,5.104611829065762e-07
Дискриминация,другое,2,2,2,2,0.3333,0.001210083674863388,0.151,0.0009055236945366737,6.548034959939744e-06
Рис,другое,2,2,2,2,0.3333,0.001210083674863388,0.151,0.00020122748767481639,0.0
Лк,другое,2,2,2,2,0.3333,0.001210083674863388,0.151,0.00020122748767481639,0.0
Осуществление,другое,2,2,2,2,0.3333,0.001210083674863388,0.151,0.00020122748767481639,0.0
Коммуникации,другое,2,2,2,2,0.3333,0.001210083674863388,0.151,0.00020122748767481639,0.0
Воспаление,другое,2,2,2,2,0.3333,0.001210083674863388,0.151,0.00020122748767481639,0.0
Т.р,другое,2,2,2,2,0.3333,0.001210083674863388,0.151,0.00020122748767481639,0.0
Берёзка,другое,2,2,2,2,0.3333,0.001210083674863388,0.151,0.00020122748767481639,0.0
Комнате,другое,2,2,2,2,0.3333,0.001210083674863388,0.151,0.00020122748767481639,0.0
Бетон,другое,2,2,2,2,0.3333,0.001210083674863388,0.151,0.00020122748767481639,0.0
Брюхо,другое,2,2,2,2,0.3333,0.001210083674863388,0.151,0.00020122748767481639,0.0
Медпомощь,другое,2,2,2,2,0.3333,0.001210083674863388,0.151,0.00020122748767481639,0.0
Чёрт,другое,2,2,2,2,0.3333,0.001210083674863388,0.151,0.00020122748767481639,0.0
Сестра,другое,2,2,2,2,0.3333,0.001210083674863388,0.151,0.0018110473890733474,0.00020916636796201432
Охт,другое,2,2,2,2,0.3333,0.001210083674863388,0.151,0.0007042962068618574,7.267780051534394e-05
Торжество,другое,2,2,2,2,0.3333,0.001210083674863388,0.151,0.0003018412315122246,5.127675383270983e-07
Факультет,другое,2,2,2,2,0.3333,0.001210083674863388,0.151,0.0003018412315122246,7.098961412334356e-05
Бабушек,другое,2,2,2,2,0.3333,0.001210083674863388,0.151,0.00020122748767481639,0.0
Новорапид,другое,2,2,2,2,0.3333,0.001210083674863388,0.151,0.00020122748767481639,0.0
Дубы,другое,2,2,2,2,0.3333,0.001210083674863388,0.151,0.00020122748767481639,0.0
Вов,другое,2,2,2,2,0.3333,0.001210083674863388,0.151,0.0003018412315122246,7.243385015426913e-05
Нэо,другое,2,2,2,2,0.3333,0.001210083674863388,0.151,0.0003018412315122246,1.8871123471036792e-07
Конюшня,другое,2,2,2,2,0.3333,0.001210083674863388,0.151,0.00020122748767481639,0.0
Иммуноглобулин,другое,2,2,2,2,0.3333,0.001210083674863388,0.151,0.0003018412315122246,4.607497969451043e-05
Коммуна,другое,2,2,2,2,0.3333,0.001210083674863388,0.151,0.00020122748767481639,0.0
Ансамбль,другое,2,2,2,2,0.3333,0.001210083674863388,0.151,0.00020122748767481639,0.0
Ходатайство,другое,2,2,2,2,0.3333,0.001210083674863388,0.151,0.00020122748767481639,0.0
Дети,другое,2,2,2,2,0.3333,0.001210083674863388,0.151,0.0008049099506992655,0.000141910127527566
Надругательство,другое,2,2,2,2,0.3333,0.001210083674863388,0.151,0.00020122748767481639,0.0
Разум,другое,2,2,2,2,0.3333,0.001210083674863388,0.151,0.00020122748767481639,0.0
Мощность,другое,2,2,2,2,0.3333,0.001210083674863388,0.151,0.00020122748767481639,0.0
Условиях,другое,2,2,2,2,0.3333,0.001210083674863388,0.151,0.0003018412315122246,7.09601258358215e-05
388,другое,2,2,2,2,0.3333,0.001210083674863388,0.151,0.00020122748767481639,0.0
Килограмм,другое,2,2,2,2,0.3333,0.001210083674863388,0.151,0.0003018412315122246,1.2537060651763223e-07
Соображение,другое,2,2,2,2,0.3333,0.001210083674863388,0.151,0.00020122748767481639,0.0
Манеж,другое,2,2,2,2,0.3333,0.001210083674863388,0.151,0.00020122748767481639,0.0
Барахло,другое,2,2,2,2,0.3333,0.001210083674863388,0.151,0.00020122748767481639,0.0
Пояс,другое,2,2,2,2,0.3333,0.001210083674863388,0.151,0.00020122748767481639,0.0
Понятие,другое,2,2,2,2,0.3333,0.001210083674863388,0.151,0.00020122748767481639,0.0
Бохан,другое,3,1,2,3,1.5,0.0016979380122950822,0.15,0.00040245497534963277,0.0
Приз,другое,3,1,2,3,1.5,0.0016979380122950822,0.15,0.0003018412315122246,0.0
Помойку,другое,3,1,2,3,20.0,0.0016979380122950822,0.15,0.0003018412315122246,0.0
Базар,другое,6,6,6,6,0.2143,0.0036302510245901642,0.149,0.0008049099506992655,2.4269861709968335e-06
Вакцинация,другое,6,6,6,6,0.2143,0.0036302510245901642,0.149,0.0017104336452359392,0.00014980326794593655
Диплом,другое,7,6,5,7,0.2143,0.004176699112021859,0.149,0.0007042962068618574,0.0
Компенсация,другое,7,7,6,7,0.1964,0.004235292862021858,0.149,0.0010061374383740819,4.066035633422431e-05
Вывеска,другое,7,7,6,7,0.1964,0.004235292862021858,0.149,0.0009055236945366737,7.222989087248069e-05
Мысль,другое,6,6,6,6,0.2143,0.0036302510245901642,0.149,0.0008049099506992655,6.474966052782822e-05
Заявленияот,другое,2,2,2,2,4.5,0.001210083674863388,0.147,0.0003018412315122246,0.0
Непригодность,другое,2,1,2,2,1.5,0.001151489924863388,0.147,0.00020122748767481639,0.0
Стране,другое,2,1,2,2,19.5,0.001151489924863388,0.147,0.00020122748767481639,0.0
Аба,другое,2,1,2,2,1.5,0.001151489924863388,0.147,0.00020122748767481639,0.0
Одежду,другое,2,1,2,2,19.5,0.001151489924863388,0.147,0.00020122748767481639,0.0
Скользко,другое,2,1,2,2,9.5,0.001151489924863388,0.147,0.00020122748767481639,0.0
Кожедуб,другое,2,1,2,2,19.5,0.001151489924863388,0.147,0.00020122748767481639,0.0
Минуты,другое,2,1,2,2,19.5,0.001151489924863388,0.147,0.00020122748767481639,0.0
Слышимость,инфраструктура,2,1,2,2,8.0,0.001151489924863388,0.147,0.00020122748767481639,0.0
Простеев,другое,2,1,2,2,1.0,0.001151489924863388,0.147,0.00020122748767481639,0.0
Ленобласть,другое,2,2,2,2,1.0,0.001210083674863388,0.147,0.0003018412315122246,0.0
Часа,другое,2,1,2,2,19.5,0.001151489924863388,0.147,0.00020122748767481639,0.0
Урожай,другое,2,1,2,2,13.0,0.001151489924863388,0.147,0.00020122748767481639,0.0
Вентиляция,другое,2,2,2,2,1.5,0.001210083674863388,0.147,0.0009055236945366737,5.365695610389545e-05
Сирота,другое,2,1,2,2,1.0,0.001151489924863388,0.147,0.0007042962068618574,4.609449002789631e-05
Партия,другое,2,1,2,2,19.5,0.001151489924863388,0.147,0.0006036824630244492,3.4950115430890837e-07
Автобуса,транспорт,2,1,2,2,19.5,0.001151489924863388,0.147,0.00020122748767481639,0.0
Местах,другое,2,1,2,2,19.5,0.001151489924863388,0.147,0.00020122748767481639,0.0
Этажа,другое,2,1,2,2,19.5,0.001151489924863388,0.147,0.00020122748767481639,0.0
Вокзала,другое,2,1,2,2,19.5,0.001151489924863388,0.147,0.00020122748767481639,0.0
Причине,другое,2,1,2,2,19.5,0.001151489924863388,0.147,0.00020122748767481639,0.0
Зоны,другое,2,1,2,2,19.5,0.001151489924863388,0.147,0.00020122748767481639,0.0
Лита,другое,2,1,2,2,1.0,0.001151489924863388,0.147,0.0003018412315122246,4.6054731406356395e-05
Мониторинг,другое,2,1,2,2,19.5,0.001151489924863388,0.147,0.00040245497534963277,2.3644140421364972e-08
Паспорта,другое,2,1,2,2,19.5,0.001151489924863388,0.147,0.00020122748767481639,0.0
Меню,другое,2,1,2,2,8.0,0.001151489924863388,0.147,0.00020122748767481639,0.0
Квадра,другое,2,2,2,2,1.0,0.001210083674863388,0.147,0.00040245497534963277,1.3615623082204194e-06
Гвс,другое,2,1,2,2,6.5,0.001151489924863388,0.147,0.00040245497534963277,8.467405235836151e-07
Коммент,другое,2,1,2,2,19.5,0.001151489924863388,0.147,0.0003018412315122246,4.6034483118202365e-05
Соцзащиту,другое,2,1,2,2,19.5,0.001151489924863388,0.147,0.00020122748767481639,0.0
Группу,другое,2,1,2,2,19.5,0.001151489924863388,0.147,0.00020122748767481639,0.0
Больницу,другое,2,1,2,2,19.5,0.001151489924863388,0.147,0.00020122748767481639,0.0
Лиговский,другое,2,1,2,2,1.0,0.001151489924863388,0.147,0.0003018412315122246,1.3803320962847836e-06
Прогнозы,другое,2,1,2,2,19.5,0.001151489924863388,0.147,0.00020122748767481639,0.0
Лекарства,другое,2,1,2,2,19.5,0.001151489924863388,0.147,0.00020122748767481639,0.0
Вакансия,другое,5,5,5,5,0.2333,0.0030252091871584698,0.146,0.0006036824630244492,4.4374648264843113e-07
Субсидия,другое,7,7,7,7,0.1786,0.004235292862021858,0.146,0.0020122748767481637,8.740254824614872e-05
Сокращение,другое,5,5,5,5,0.2333,0.0030252091871584698,0.146,0.0007042962068618574,0.00014208884216835747
Антисанитария,другое,4,4,4,4,0.25,0.002420167349726776,0.141,0.0013079786698863066,1.4695292037279478e-06
Творчество,другое,4,4,4,4,0.25,0.002420167349726776,0.141,0.00040245497534963277,0.0
Паркинг,благоустройство,4,4,4,4,0.25,0.002420167349726776,0.141,0.0006036824630244492,7.154628001262994e-05
100,другое,4,4,4,4,0.25,0.002420167349726776,0.141,0.00040245497534963277,0.0
Степень,другое,4,4,4,4,0.25,0.002420167349726776,0.141,0.0009055236945366737,7.277872323401967e-05
Росреестр,другое,4,4,4,4,0.25,0.002420167349726776,0.141,0.0008049099506992655,6.558137100933814e-06
Семье,другое,4,4,4,4,0.25,0.002420167349726776,0.141,0.00040245497534963277,0.0
Роддом,другое,6,6,6,6,0.1905,0.0036302510245901642,0.14,0.0006036824630244492,0.0
Добро,другое,6,6,6,6,0.1905,0.0036302510245901642,0.14,0.0008049099506992655,7.318396546743382e-05
Плита,другое,7,7,7,7,0.1607,0.004235292862021858,0.139,0.0009055236945366737,0.0001906439446861001
Аэропорт,другое,4,4,3,4,0.25,0.002420167349726776,0.138,0.0005030687191870409,4.1626550636540796e-05
Крепление,другое,7,6,7,7,0.1667,0.004176699112021859,0.137,0.0007042962068618574,0.0
Лень,другое,5,5,5,5,0.2,0.0030252091871584698,0.133,0.0009055236945366737,0.00014369926877260861
Соревнование,другое,5,5,5,5,0.2,0.0030252091871584698,0.133,0.0006036824630244492,9.348487259520156e-06
Попадание,другое,5,5,5,5,0.2,0.0030252091871584698,0.133,0.0006036824630244492,7.192880156786577e-05
Обувь,другое,3,3,3,3,0.25,0.0018151255122950821,0.13,0.0006036824630244492,4.6411461878987e-05
Памперс,другое,3,3,3,3,0.25,0.0018151255122950821,0.13,0.0007042962068618574,4.634867551465749e-05
Затопление,другое,3,3,3,3,0.25,0.0018151255122950821,0.13,0.00110675118221149,9.361616615049306e-05
Расмотрение,другое,3,3,3,3,0.25,0.0018151255122950821,0.13,0.0003018412315122246,0.0
Очки,другое,3,3,3,3,0.25,0.0018151255122950821,0.13,0.0003018412315122246,0.0
Трансляция,другое,3,3,3,3,0.25,0.0018151255122950821,0.13,0.00040245497534963277,8.958635281206455e-07
Нева,другое,3,3,3,3,0.25,0.0018151255122950821,0.13,0.00040245497534963277,1.0696396476907927e-06
Сво,другое,3,3,3,3,0.25,0.0018151255122950821,0.13,0.00040245497534963277,3.119576930330958e-06
Компьютер,другое,3,3,3,3,0.25,0.0018151255122950821,0.13,0.00040245497534963277,4.614725791632872e-07
Картами,другое,3,3,3,3,0.25,0.0018151255122950821,0.13,0.0003018412315122246,0.0
Празднование,другое,3,3,3,3,0.25,0.0018151255122950821,0.13,0.00040245497534963277,1.9291302956821624e-06
Фига,другое,3,3,3,3,0.25,0.0018151255122950821,0.13,0.0005030687191870409,3.037231144250271e-07
Бухгалтерия,другое,3,3,3,3,0.25,0.0018151255122950821,0.13,0.0003018412315122246,0.0
Омс,другое,3,3,3,3,0.25,0.0018151255122950821,0.13,0.0003018412315122246,0.0
Храм,другое,5,5,4,5,0.2,0.0030252091871584698,0.13,0.0007042962068618574,0.00014240188395470442
Тв,другое,3,3,3,3,0.25,0.0018151255122950821,0.13,0.0006036824630244492,0.00016328217829069316
Бугор,другое,3,3,3,3,0.25,0.0018151255122950821,0.13,0.0003018412315122246,0.0
Ребята,другое,3,3,3,3,0.25,0.0018151255122950821,0.13,0.002414729852097797,0.0002022242466243394
Говно,другое,3,3,3,3,0.25,0.0018151255122950821,0.13,0.0003018412315122246,0.0
Слава,другое,3,3,3,3,0.25,0.0018151255122950821,0.13,0.0023141161082603882,5.1551054844913145e-05
Негодование,другое,3,3,3,3,0.25,0.0018151255122950821,0.13,0.0003018412315122246,0.0
Онкология,другое,3,3,3,3,0.25,0.0018151255122950821,0.13,0.0005030687191870409,3.1592925872765006e-07
Пэс,другое,3,3,3,3,0.25,0.0018151255122950821,0.13,0.0003018412315122246,0.0
Спасение,другое,3,3,3,3,0.25,0.0018151255122950821,0.13,0.0003018412315122246,0.0
Запад,другое,3,3,3,3,0.25,0.0018151255122950821,0.13,0.00040245497534963277,7.096012583582148e-05
Прокладка,другое,3,3,3,3,0.25,0.0018151255122950821,0.13,0.0013079786698863066,3.74107023991998e-05
Внесение,другое,3,3,3,3,0.25,0.0018151255122950821,0.13,0.0003018412315122246,0.0
Небольшой,другое,3,3,3,3,0.25,0.0018151255122950821,0.13,0.0003018412315122246,0.0
Выявление,другое,3,3,3,3,0.25,0.0018151255122950821,0.13,0.00040245497534963277,4.6054731406356395e-05
Наличные,другое,3,3,3,3,0.25,0.0018151255122950821,0.13,0.0003018412315122246,0.0
Живой,другое,3,3,3,3,0.25,0.0018151255122950821,0.13,0.0003018412315122246,0.0
Ад,другое,3,3,2,3,0.25,0.0018151255122950821,0.127,0.0006036824630244492,0.00011718509027352296
Часами,другое,3,3,2,3,0.25,0.0018151255122950821,0.127,0.0003018412315122246,0.0
Труп,другое,3,3,2,3,0.25,0.0018151255122950821,0.127,0.0003018412315122246,0.0
Штрафы,другое,3,3,2,3,0.25,0.0018151255122950821,0.127,0.0003018412315122246,0.0
С.,другое,3,3,2,3,0.25,0.0018151255122950821,0.127,0.0006036824630244492,1.370858955399352e-05
Бред,другое,7,7,7,7,0.125,0.004235292862021858,0.125,0.0012073649260488984,0.00016818389527037107
Крест,другое,4,4,4,4,0.2,0.002420167349726776,0.122,0.00040245497534963277,0.0
Попытка,другое,4,4,4,4,0.2,0.002420167349726776,0.122,0.00110675118221149,4.864682163045006e-05
Сарай,другое,4,4,4,4,0.2,0.002420167349726776,0.122,0.0009055236945366737,4.882926645041572e-05
Иванов,другое,4,4,4,4,0.2,0.002420167349726776,0.122,0.0005030687191870409,0.00015407617882064596
Происхождение,другое,4,4,4,4,0.2,0.002420167349726776,0.122,0.00040245497534963277,0.0
Снимок,другое,4,4,4,4,0.2,0.002420167349726776,0.122,0.00040245497534963277,0.0
Офис,другое,4,4,4,4,0.2,0.002420167349726776,0.122,0.00110675118221149,8.834018054671449e-05
Электроэнергия,другое,4,4,4,4,0.2,0.002420167349726776,0.122,0.00040245497534963277,0.0
Поход,другое,4,4,4,4,0.2,0.002420167349726776,0.122,0.0005030687191870409,6.343600722276108e-07
Цифра,другое,4,4,4,4,0.2,0.002420167349726776,0.122,0.0006036824630244492,0.00014264382789877942
Сотрудничество,другое,6,6,6,6,0.1429,0.0036302510245901642,0.121,0.0007042962068618574,7.428604374218549e-05
Покупатель,другое,5,5,5,5,0.1667,0.0030252091871584698,0.12,0.0017104336452359392,0.00017031145890593908
Стол,проблемная_ситуация,5,5,5,5,0.1667,0.06302520918715847,0.12,0.0007042962068618574,7.644299175946802e-05
Рыба,другое,4,4,3,4,0.2,0.002420167349726776,0.119,0.0028171848274474295,0.0002620074442455032
Хамство,другое,6,6,5,6,0.1429,0.0036302510245901642,0.118,0.0006036824630244492,0.0
